GF_ID,Year_approx,Year_exact,Month,Day,Lake_name,Glacier_name,GL_ID,LakeDB_ID,G_ID,Lat_lake,Lon_lake,Elev_lake,Lat_impact,Lon_impact,Elev_impact,Impact_type,Lake_type,Transboundary,Repeat,Region_RGI,Region_HiMAP,Country,Province,River_Basin,Driver_lake,Driver_GLOF,Mechanism,Area,Volume,Discharge_water,Discharge_solid,Impact,Lives_total,Lives_male,Lives_female,Lives_disabilities,Injured_total,Injured_male,Injured_female,Injured_disabilities,Displaced_total,Displaced_male,Displaced_female,Displaced_disabilities,Livestock,Residential_destroyed,Commerical_destroyed,Residential_damaged,Commerical_damaged,Infra,Agricultural,Hydropower,Econ_damage,Sat_evidence,Ref_scientific,Ref_scientific_full,Ref_other,Remarks,year_best,year_precision,event_date,Lives_total_note,Lives_total_is_minimum,Livestock_note,Livestock_is_minimum,Residential_destroyed_note,Residential_destroyed_is_minimum,Commerical_destroyed_note,Commerical_destroyed_is_minimum,Residential_damaged_note,Commerical_damaged_note,Agricultural_note,Agricultural_is_minimum,Hydropower_note,Lake_name_is_placeholder,Glacier_name_is_placeholder,Driver_GLOF_terms,Driver_GLOF_n,Mechanism_terms,Mechanism_n
1,1533,1533,,,Unknown,Chong Kumden,Ephemeral,,G077657E35156N,35.172,77.702,4691,,,,,Ice dammed,Y,Y,14_2,9,India,Jammu and Kashmir,Shyok,Surging glacier,Unknown,Unknown,,,,,,,,,,,,,,,,,,,,,,,,,,,,"(Hedin, 1917; Hewitt, 2014; Bazai et al., 2021)","Hedin, S., 1917. Southern Tibet. Stockholm; 34; Hewitt, K., 2014. Glaciers of the Karakoram Himalaya, Advances in Asian Human-Environmental Research. Springer Netherlands, Dordrecht; Bazai, N.A., Cui, P., Carling, P.A., Wang, H., Hassan, J., Liu, D., Zhang, G., Jin, W., 2021. Increasing glacial lake outburst flood hazard in response to surge glaciers in the Karakoram. Earth-Science Reviews 212, 103432. https://doi.org/10.1016/j.earscirev.2020.103432",,,1533.0,exact,,,False,,False,,False,,False,,,,False,,True,False,['Unknown'],1,['Unknown'],1
2,1560,1560,,,Unknown,Machhapuchhre,No lake,,G084009E28557N,28.52,83.992,3741,,,,,Supraglacial,Y,N,15_1,11,Nepal,Gandaki,Seti,Unknown,Unknown,Unknown,,,,,50-60m thick debris covering Pokhara basin,,,,,,,,,,,,,,,,,,,,,,,"(Ives, Shrestha and Mool, 2010; ICIMOD, 2011)","Ives, J.D., Shrestha, R.B., Mool, P.K., 2010. Formation of Glacial Lakes in the Hindu Kush-Himalayas and GLOF Risk Assessment. ICIMOD, Kathmandu, Nepal; ICIMOD, 2011. Glacial Lakes and Glacial Lake Outburst Floods in Nepal. ICIMOD",,,1560.0,exact,,,False,,False,,False,,False,,,,False,,True,False,['Unknown'],1,['Unknown'],1
3,1661,1661,,,Unknown,Biafo,GL075907E35687N,"2, 4",G075593E36006N,35.687,75.907,3059,,,,,Supraglacial,N,Y,14_2,9,Pakistan,Gilgit - Baltistan,Shigar,Glacier advance,Unknown,Unknown,,,,,,,,,,,,,,,,,,,,,,,Entire village destroyed,,,,,"(Godwin-Austen, 1864)","Godwin-Austen, H.H., 1864. On the Glaciers of the Mustakh Range. The Journal of the Royal Geographical Society of London 34, 19–56. https://doi.org/10.2307/1798464",,,1661.0,exact,,,False,,False,,False,,False,,,,False,,True,False,['Unknown'],1,['Unknown'],1
4,1780,1780,,,Unknown,Chong Kumden,Ephemeral,,G077657E35156N,35.172,77.702,4691,,,,,Ice dammed,Y,Y,14_2,9,India,Jammu and Kashmir,Shyok,Surging glacier,Unknown,Unknown,,,,,,,,,,,,,,,,,,,,,,,,,,,,"(Strachey, 1853; Bazai et al., 2021)","Strachey, W., 1853. Physical Geography of Western Tibet. William Clowes & Sons Ltd, London & Beccles, London; Bazai, N.A., Cui, P., Carling, P.A., Wang, H., Hassan, J., Liu, D., Zhang, G., Jin, W., 2021. Increasing glacial lake outburst flood hazard in response to surge glaciers in the Karakoram. Earth-Science Reviews 212, 103432. https://doi.org/10.1016/j.earscirev.2020.103432",,Strachey (1853) reported that the oldest flood occurred in ~1780 in the upper Shyok valley due to the bursting of Kumdan glacier lake. His conclusion was based on interview with eighty years old resident of the Shyok valley.,1780.0,exact,,,False,,False,,False,,False,,,,False,,True,False,['Unknown'],1,['Unknown'],1
5,1833,1833,,,Unknown,Yashkuk-Yaz,Ephemeral,,G074282E36698N,36.824,74.369,3370,,,,,Unknown,N,N,14_2,9,Pakistan,Gilgit - Baltistan,Hunza,Unknown,Unknown,Unknown,,,,,,,,,,,,,,,,,,,,,,,Entire village destroyed,,,,,"(Hewitt and Liu, 2010)","Hewitt, K., Liu, J., 2010. Ice-Dammed Lakes and Outburst Floods, Karakoram Himalaya: Historical Perspectives on Emerging Threats. Physical Geography 31, 528–551. https://doi.org/10.2747/0272-3646.31.6.528",,,1833.0,exact,,,False,,False,+,True,,False,,,,False,,True,False,['Unknown'],1,['Unknown'],1
6,1833,1833,,,Unknown,Chong Kumden,Ephemeral,,G077657E35156N,35.172,77.702,4691,,,,,Ice dammed,Y,Y,14_2,9,India,Jammu and Kashmir,Shyok,Surging glacier,Unknown,Unknown,,,,,,,,,,,,,,,,,,,,,,,,,,,,"(Hewitt and Liu, 2010; Hewitt, 2014; Bazai et al., 2021)","Hewitt, K., Liu, J., 2010. Ice-Dammed Lakes and Outburst Floods, Karakoram Himalaya: Historical Perspectives on Emerging Threats. Physical Geography 31, 528–551. https://doi.org/10.2747/0272-3646.31.6.528; Hewitt, K., 2014. Glaciers of the Karakoram Himalaya, Advances in Asian Human-Environmental Research. Springer Netherlands, Dordrecht; Bazai, N.A., Cui, P., Carling, P.A., Wang, H., Hassan, J., Liu, D., Zhang, G., Jin, W., 2021. Increasing glacial lake outburst flood hazard in response to surge glaciers in the Karakoram. Earth-Science Reviews 212, 103432. https://doi.org/10.1016/j.earscirev.2020.103432",,,1833.0,exact,,,False,,False,+,True,,False,,,,False,,True,False,['Unknown'],1,['Unknown'],1
7,1835,1835,,,Unknown,Chong Kumden,Ephemeral,,G077657E35156N,35.172,77.702,4691,34.930229,76.615853,2628.0,Observation,Ice dammed,Y,Y,14_2,9,India,Jammu and Kashmir,Shyok,Surging glacier,Unknown,Unknown,,,,,,,,,,,,,,,,,,,,,,,,,,,,"(Strachey, 1853; Bazai et al., 2021)","Strachey, W., 1853. Physical Geography of Western Tibet. William Clowes & Sons Ltd, London & Beccles, London; Bazai, N.A., Cui, P., Carling, P.A., Wang, H., Hassan, J., Liu, D., Zhang, G., Jin, W., 2021. Increasing glacial lake outburst flood hazard in response to surge glaciers in the Karakoram. Earth-Science Reviews 212, 103432. https://doi.org/10.1016/j.earscirev.2020.103432",,"Two Kumdan glaciers generated obstacles in the upper Shyok valley during June of 1835. The height of ice dam made by an upper glacier (possibly Chong Kumdan) was 700 vertical feet, above the valley bottom and a large lake accumulated between Kumdan and Gyapahan. The sudden burst of lake resulted in a large discharge downstream. Maximum devastation occurred in Lagzhung village (mid Nubra) and Chorbat (Balti).",1835.0,exact,,,False,,False,+,True,,False,,,,False,,True,False,['Unknown'],1,['Unknown'],1
8,1839,1839,,,Unknown,Chong Kumden,Ephemeral,,G077657E35156N,35.172,77.702,4691,,,,,Ice dammed,Y,Y,14_2,9,India,Jammu and Kashmir,Shyok,Surging glacier,Unknown,Unknown,,,,,,,,,,,,,,,,,,,,,,,,,,,,"(Hewitt and Liu, 2010; Hewitt, 2014; Bazai et al., 2021)","Hewitt, K., Liu, J., 2010. Ice-Dammed Lakes and Outburst Floods, Karakoram Himalaya: Historical Perspectives on Emerging Threats. Physical Geography 31, 528–551. https://doi.org/10.2747/0272-3646.31.6.528; Hewitt, K., 2014. Glaciers of the Karakoram Himalaya, Advances in Asian Human-Environmental Research. Springer Netherlands, Dordrecht; Bazai, N.A., Cui, P., Carling, P.A., Wang, H., Hassan, J., Liu, D., Zhang, G., Jin, W., 2021. Increasing glacial lake outburst flood hazard in response to surge glaciers in the Karakoram. Earth-Science Reviews 212, 103432. https://doi.org/10.1016/j.earscirev.2020.103432",,,1839.0,exact,,,False,,False,,False,,False,,,,False,,True,False,['Unknown'],1,['Unknown'],1
9,1842,1842,,,Unknown,Chong Kumden,Ephemeral,,G077657E35156N,35.172,77.702,4691,,,,,Ice dammed,Y,Y,14_2,9,India,Jammu and Kashmir,Shyok,Surging glacier,Unknown,Unknown,,,,,,,,,,,,,,,,,,,,,,,,,,,,"(Hewitt and Liu, 2010; Hewitt, 2014; Bazai et al., 2021)","Hewitt, K., Liu, J., 2010. Ice-Dammed Lakes and Outburst Floods, Karakoram Himalaya: Historical Perspectives on Emerging Threats. Physical Geography 31, 528–551. https://doi.org/10.2747/0272-3646.31.6.528; Hewitt, K., 2014. Glaciers of the Karakoram Himalaya, Advances in Asian Human-Environmental Research. Springer Netherlands, Dordrecht; Bazai, N.A., Cui, P., Carling, P.A., Wang, H., Hassan, J., Liu, D., Zhang, G., Jin, W., 2021. Increasing glacial lake outburst flood hazard in response to surge glaciers in the Karakoram. Earth-Science Reviews 212, 103432. https://doi.org/10.1016/j.earscirev.2020.103432",,,1842.0,exact,,,False,,False,,False,,False,,,,False,,True,False,['Unknown'],1,['Unknown'],1
10,1844,1844,,,Karambar,Karambar,GL074079E36622N,"2, 4",G074224E36616N,36.6214,74.07906,2935,,,,,Ice dammed,N,Y,14_2,9,Pakistan,Gilgit - Baltistan,Gilgit,Unknown,Unknown,Unknown,,,,,,,,,,,,,,,,,,,,,,,,,,,,"(Hewitt, 1982; Iturrizaga, 2005a)","Hewitt, K., 1982. Natural dams and outburst floods of the Karakoram Himalaya. IAHS-AISH Publication Hydrological Aspects of Alpine and High Mountain Area (as (Proceedings of the Exeter Symposium, Juiy 1982)); Iturrizaga, L., 2005a. Historical glacier-dammed lakes and outburst floods in the Karambar valley (Hindukush-Karakoram). GeoJournal 63, 1–47. https://doi.org/10.1007/s10708-005-2395-x",,,1844.0,exact,,,False,,False,,False,,False,,,,False,,False,False,['Unknown'],1,['Unknown'],1
11,1846,1846,,,Unknown,Kuturgansuu,Ephemeral,,G074608E42515N,42.522,74.609,3470,42.535,74.658,2170.0,Deposit,Moraine dammed,N,Y,13_3,4,Kyrgyzstan,Chuy,Alamedin,Unknown,Unknown,Unknown,,,,,,,,,,,,,,,,,,,,,,,,,,,,"(Zaginaev et al., 2019)","Zaginaev, V., Petrakov, D., Erokhin, S., Meleshko, A., Stoffel, M., Ballesteros-Cánovas, J.A., 2019. Geomorphic control on regional glacier lake outburst flood and debris flow activity over northern Tien Shan. Global and Planetary Change 176, 50–59. https://doi.org/10.1016/j.gloplacha.2019.03.003",,,1846.0,exact,,,False,,False,,False,,False,,,,False,,True,False,['Unknown'],1,['Unknown'],1
12,1850,1850,,,Unknown,Tarshing,Ephemeral,,G074689E35277N,35.232,74.722,2940,,,,,Unknown,N,Y,14_3,10,Pakistan,Gilgit - Baltistan,Indus,Unknown,Unknown,Unknown,,,,,,,,,,,,,,,,,,,,,,,,,,,,"(Hewitt, 1968)","Hewitt, K., 1968. Studies in the geomorphology of the mountain regions of the Upper Indus basin. University of London",,,1850.0,exact,,,False,,False,,False,,False,,,,False,,True,False,['Unknown'],1,['Unknown'],1
13,1855,1855,,,Unknown,Chong Kumden,Ephemeral,,G077657E35156N,35.172,77.702,4691,,,,,Ice dammed,Y,Y,14_2,9,India,Jammu and Kashmir,Shyok,Surging glacier,Unknown,Unknown,,,,,,,,,,,,,,,,,,,,,,,,,,,,"(Mason, 1929b; Hewitt and Liu, 2010; Bazai et al., 2021)","Mason, K., 1929b. The Upper Shyok Glaciers. Alpine Journal 12; Hewitt, K., Liu, J., 2010. Ice-Dammed Lakes and Outburst Floods, Karakoram Himalaya: Historical Perspectives on Emerging Threats. Physical Geography 31, 528–551. https://doi.org/10.2747/0272-3646.31.6.528; Bazai, N.A., Cui, P., Carling, P.A., Wang, H., Hassan, J., Liu, D., Zhang, G., Jin, W., 2021. Increasing glacial lake outburst flood hazard in response to surge glaciers in the Karakoram. Earth-Science Reviews 212, 103432. https://doi.org/10.1016/j.earscirev.2020.103432",,"2 events, potentially also from another lake, only documented all the way downstream",1855.0,exact,,,False,,False,,False,,False,,,,False,,True,False,['Unknown'],1,['Unknown'],1
14,1860,1860,,,Karambar,Karambar,GL074079E36622N,"2, 4",G074224E36616N,36.6214,74.07906,2935,,,,,Ice dammed,N,Y,14_2,9,Pakistan,Gilgit - Baltistan,Gilgit,Unknown,Unknown,Unknown,,,,,,,,,,,,,,,,,,,,,,,,,,,,"(Hewitt, 1982; Iturrizaga, 2005a)","Hewitt, K., 1982. Natural dams and outburst floods of the Karakoram Himalaya. IAHS-AISH Publication Hydrological Aspects of Alpine and High Mountain Area (as (Proceedings of the Exeter Symposium, Juiy 1982)); Iturrizaga, L., 2005a. Historical glacier-dammed lakes and outburst floods in the Karambar valley (Hindukush-Karakoram). GeoJournal 63, 1–47. https://doi.org/10.1007/s10708-005-2395-x",,,1860.0,exact,,,False,,False,,False,,False,,,,False,,False,False,['Unknown'],1,['Unknown'],1
15,1860,1860,7.0,,Unknown,Unnamed,Ephemeral,,G075374E35664N,35.668,75.378,4030,35.674875,75.445221,2370.0,Observation,Unknown,N,N,14_2,9,Pakistan,Gilgit - Baltistan,Shigar,Unknown,Unknown,Unknown,,,,,,,,,,,,,,,,,,,,,,,,,,,,"(Godwin-Austen, 1864)","Godwin-Austen, H.H., 1864. On the Glaciers of the Mustakh Range. The Journal of the Royal Geographical Society of London 34, 19–56. https://doi.org/10.2307/1798464",,"Tisar village reported to be affected with fields destroyed. Source could also be one of the 3 adjacent glaciers, that were largely much larger at the time.",1860.0,exact,,,False,,False,,False,,False,,,,False,,True,True,['Unknown'],1,['Unknown'],1
16,1864,1864,,,Unknown,Kichik Kumden,Ephemeral,,G077662E35097N,35.128,77.763,4613,,,,,Ice dammed,Y,Y,14_2,9,India,Jammu and Kashmir,Shyok,Surging glacier,Unknown,Unknown,,,,,,,,,,,,,,,,,,,,,,,,,,,,"(Mason, 1929b, 1929a; Bazai et al., 2021)","Mason, K., 1929a. Indus floods and Shyok glaciers. Himalayan Journal 1, 10–29; Mason, K., 1929b. The Upper Shyok Glaciers. Alpine Journal 12; Bazai, N.A., Cui, P., Carling, P.A., Wang, H., Hassan, J., Liu, D., Zhang, G., Jin, W., 2021. Increasing glacial lake outburst flood hazard in response to surge glaciers in the Karakoram. Earth-Science Reviews 212, 103432. https://doi.org/10.1016/j.earscirev.2020.103432",,,1864.0,exact,,,False,,False,,False,,False,,,,False,,True,False,['Unknown'],1,['Unknown'],1
17,1865,1865,,,Sokhter Rabot,Unnamed,Ephemeral,,G073953E36756N,36.7946,73.99494,3463,35.922147,74.352607,1430.0,Observation,Ice dammed,N,Y,14_2,9,Pakistan,Gilgit - Baltistan,Gilgit,Unknown,Unknown,Unknown,,,,,,,,,,,,,,,,,,,,,,,Rope bridge at Gilgit Fort destroyed,,,,,"(Hewitt, 1982; Iturrizaga, 2005a)","Hewitt, K., 1982. Natural dams and outburst floods of the Karakoram Himalaya. IAHS-AISH Publication Hydrological Aspects of Alpine and High Mountain Area (as (Proceedings of the Exeter Symposium, Juiy 1982)); Iturrizaga, L., 2005a. Historical glacier-dammed lakes and outburst floods in the Karambar valley (Hindukush-Karakoram). GeoJournal 63, 1–47. https://doi.org/10.1007/s10708-005-2395-x",,,1865.0,exact,,,False,,False,,False,,False,,,,False,,False,True,['Unknown'],1,['Unknown'],1
18,1865,1865,,,Karambar,Karambar,GL074079E36622N,"2, 4",G074224E36616N,36.6214,74.07906,2935,35.926146,74.266804,1470.0,Observation,Ice dammed,N,Y,14_2,9,Pakistan,Gilgit - Baltistan,Gilgit,Unknown,Unknown,Unknown,,,,,,,,,,,,,,,,,,,,,,,,,,,,"(Todd, 1930; Iturrizaga, 2005a)","Todd, H.J., 1930. Correspondence: Gilgit and Hunza River Floods. Himalayan Journal 2; Iturrizaga, L., 2005a. Historical glacier-dammed lakes and outburst floods in the Karambar valley (Hindukush-Karakoram). GeoJournal 63, 1–47. https://doi.org/10.1007/s10708-005-2395-x",,,1865.0,exact,,,False,,False,,False,,False,,,,False,,False,False,['Unknown'],1,['Unknown'],1
19,1869,1869,,,Unknown,Kichik Kumden,Ephemeral,,G077662E35097N,35.128,77.763,4613,,,,,Ice dammed,Y,Y,14_2,9,India,Jammu and Kashmir,Shyok,Surging glacier,Unknown,Unknown,,,,,,,,,,,,,,,,,,,,,,,,,,,,"(Hedin, 1917; Bazai et al., 2021)","Hedin, S., 1917. Southern Tibet. Stockholm; Bazai, N.A., Cui, P., Carling, P.A., Wang, H., Hassan, J., Liu, D., Zhang, G., Jin, W., 2021. Increasing glacial lake outburst flood hazard in response to surge glaciers in the Karakoram. Earth-Science Reviews 212, 103432. https://doi.org/10.1016/j.earscirev.2020.103432",,,1869.0,exact,,,False,,False,,False,,False,,,,False,,True,False,['Unknown'],1,['Unknown'],1
20,1871,1871,11.0,,Unknown,Aktash,Ephemeral,,G077667E35058N,35.102,77.774,4581,,,,,Ice dammed,Y,Y,14_2,9,India,Jammu and Kashmir,Shyok,Surging glacier,Unknown,Unknown,,,,,,,,,,,,,,,,,,,,,,,,,,,,"(Hewitt and Liu, 2010; Bazai et al., 2021)","Hewitt, K., Liu, J., 2010. Ice-Dammed Lakes and Outburst Floods, Karakoram Himalaya: Historical Perspectives on Emerging Threats. Physical Geography 31, 528–551. https://doi.org/10.2747/0272-3646.31.6.528; Bazai, N.A., Cui, P., Carling, P.A., Wang, H., Hassan, J., Liu, D., Zhang, G., Jin, W., 2021. Increasing glacial lake outburst flood hazard in response to surge glaciers in the Karakoram. Earth-Science Reviews 212, 103432. https://doi.org/10.1016/j.earscirev.2020.103432",,"Forsyth reported that two glaciers, c. 1871, suddenly descended into the valley and blocked the flow of Shyok river and generated a flood in the Indus",1871.0,exact,,,False,,False,,False,,False,,,,False,,True,False,['Unknown'],1,['Unknown'],1
21,1873,1873,,,Unknown,Batura,Ephemeral,,G074581E36501N,36.510556,74.850591,2713,36.463266,74.901306,2450.0,Observation,Supraglacial,N,Y,14_2,9,Pakistan,Gilgit - Baltistan,Hunza,Unknown,Unknown,Unknown,,,,,,,,,,,,,,,,,,,,,,,,,,,,"(Kreutzmann, 1994)","Kreutzmann, H., 1994. Habitat conditions and settlement processes in the Hindukush Karakoram. Petermanns Geographische Mitteilungen 138, 337–356",,"Batura glacier advanced between 1873-1874. The glacier advanced rapidly and block the Hunza river, formed ice dam lake, with sudden outburst create and major damages downstream, especially at Pasu village.",1873.0,exact,,,False,,False,,False,,False,,,,False,,True,False,['Unknown'],1,['Unknown'],1
22,1877,1877,,,Unnamed,Aksay,Not mapped,,G074556E42520N,42.528,74.5405,3637,42.58,74.481,2015.0,Deposit,Moraine dammed,N,Y,13_3,4,Kyrgyzstan,Chuy,Ala Archa,Unknown,Unknown,Unknown,,,,,,,,,,,,,,,,,,,,,,,,,,,,"(Erokhin et al., 2018)","Erokhin, S.A., Zaginaev, V.V., Meleshko, A.A., Ruiz-Villanueva, V., Petrakov, D.A., Chernomorets, S.S., Viskhadzhieva, K.S., Tutubalina, O.V., Stoffel, M., 2018. Debris flows triggered from non-stationary glacier lake outbursts: the case of the Teztor Lake complex (Northern Tian Shan, Kyrgyzstan). Landslides 15, 83–98. https://doi.org/10.1007/s10346-017-0862-3",,,1877.0,exact,,,False,,False,,False,,False,,,,False,,True,False,['Unknown'],1,['Unknown'],1
23,1879,1879,8.0,,Unknown,Chong Kumden,Ephemeral,,G077657E35156N,35.172,77.702,4691,33.773033,72.23978,260.0,Observation,Ice dammed,Y,Y,14_2,9,India,Jammu and Kashmir,Shyok,Surging glacier,Unknown,Unknown,,,21000.0,,estimated discharge from observed rise at Attock,,,,,,,,,,,,,,,,,,,,,,,"(Mason, 1935; Bazai et al., 2021)","Mason, K., 1935. The Study of Threatening Glaciers. The Geographical Journal 85, 24–35. https://doi.org/10.2307/1787033; Bazai, N.A., Cui, P., Carling, P.A., Wang, H., Hassan, J., Liu, D., Zhang, G., Jin, W., 2021. Increasing glacial lake outburst flood hazard in response to surge glaciers in the Karakoram. Earth-Science Reviews 212, 103432. https://doi.org/10.1016/j.earscirev.2020.103432",,"Mason (1935) says rise of 28.7 ft. at Attock, Aug, 11-20. Not on Official Stage Record, (O.S.R.) for Attock",1879.0,exact,,,False,,False,,False,,False,,,,False,,True,False,['Unknown'],1,['Unknown'],1
24,1880,1880,9.0,,Kyagar,Kyagar,GL077181E35675N,"2, 3, 4",G077158E35562N,35.677371,77.190788,4880,37.982034,76.877846,1450.0,Observation,Ice dammed,N,Y,14_2,9,China,Xinjiang,Yarkant,Surging glacier,Unknown,Unknown,,,9140.0,,,,,,,,,,,,,,,,,,,,,,,,,"(Zhang et al., 1990; Zhang, 1992)","Zhang, X., Li, N., You, X., Wang, W., 1990. The Researches of Glacier Lake Outburst Floods of the Yarkant River in Xinjiang. Science in China Series B-Chemistry, Life Sciences & Earth Sciences 33 (8), 1014–1024; Zhang, X., 1992. Investigation of glacier bursts of the Yarkant River in Xinjiang, China. Annals of Glaciology 16, 135–139. https://doi.org/10.3189/1992AoG16-1-135-139",,"Unclear which of the glaciers in upper Shaksgam caused the flood, coordinates given are for Kyagar. Peak discharge measured at Kaqun",1880.0,exact,,,False,,False,,False,,False,,,,False,,False,False,['Unknown'],1,['Unknown'],1
25,1882,1882,,,Unknown,Kuturgansuu,Ephemeral,,G074608E42515N,42.522,74.609,3470,42.535,74.658,2170.0,Deposit,Moraine dammed,N,Y,13_3,4,Kyrgyzstan,Chuy,Alamedin,Unknown,Unknown,Unknown,,,,,,,,,,,,,,,,,,,,,,,,,,,,"(Zaginaev et al., 2019)","Zaginaev, V., Petrakov, D., Erokhin, S., Meleshko, A., Stoffel, M., Ballesteros-Cánovas, J.A., 2019. Geomorphic control on regional glacier lake outburst flood and debris flow activity over northern Tien Shan. Global and Planetary Change 176, 50–59. https://doi.org/10.1016/j.gloplacha.2019.03.003",,,1882.0,exact,,,False,,False,,False,,False,,,,False,,True,False,['Unknown'],1,['Unknown'],1
26,1882,1882,7.0,,Unknown,Chong Kumden,Ephemeral,,G077657E35156N,35.172,77.702,4691,33.773033,72.23978,260.0,Observation,Ice dammed,Y,Y,14_2,9,India,Jammu and Kashmir,Shyok,Surging glacier,Unknown,Unknown,,,21300.0,,estimated discharge from observed rise at Attock,,,,,,,,,,,,,,,,,,,,,,,"(Mason, 1935; Bazai et al., 2021)","Mason, K., 1935. The Study of Threatening Glaciers. The Geographical Journal 85, 24–35. https://doi.org/10.2307/1787033; Bazai, N.A., Cui, P., Carling, P.A., Wang, H., Hassan, J., Liu, D., Zhang, G., Jin, W., 2021. Increasing glacial lake outburst flood hazard in response to surge glaciers in the Karakoram. Earth-Science Reviews 212, 103432. https://doi.org/10.1016/j.earscirev.2020.103432",,"Mason (1935) says rise 33,8 ft, on 29th July, 'Higher than 1929 flood by 5 ft."" (This gives 752.000 cfs on modern rating curve.) Rise of 27.5 ft. appears on O.S.R. as 739,000 cfs.",1882.0,exact,,,False,,False,,False,,False,,,,False,,True,False,['Unknown'],1,['Unknown'],1
27,1882,1882,9.0,,Khurdopin,Khurdopin,Ephemeral,,G075438E36192N,36.344239,75.474953,3482,,,,,Ice dammed,N,Y,14_2,9,Pakistan,Gilgit - Baltistan,Hunza,Surging glacier,Unknown,Subglacial tunnel,,,,,,,,,,,,,,,,,,,,,,,,,,,,"(Kreutzmann, 1994; Bazai et al., 2021)","Kreutzmann, H., 1994. Habitat conditions and settlement processes in the Hindukush Karakoram. Petermanns Geographische Mitteilungen 138, 337–356; Bazai, N.A., Cui, P., Carling, P.A., Wang, H., Hassan, J., Liu, D., Zhang, G., Jin, W., 2021. Increasing glacial lake outburst flood hazard in response to surge glaciers in the Karakoram. Earth-Science Reviews 212, 103432. https://doi.org/10.1016/j.earscirev.2020.103432;",,,1882.0,exact,,,False,,False,,False,,False,,,,False,,False,False,['Unknown'],1,['Subglacial tunnel'],1
28,1884,1884,,,Khurdopin,Khurdopin,Ephemeral,,G075438E36192N,36.344239,75.474953,3482,36.308712,74.662465,2077.0,Observation,Ice dammed,N,Y,14_2,9,Pakistan,Gilgit - Baltistan,Hunza,Surging glacier,Unknown,Subglacial tunnel,,,,,,,,,,,,,,,,,,,,,,,Damage to lands at Altit and Ganesh,,,,,"(Todd, 1930; Bazai et al., 2021)","Todd, H.J., 1930. Correspondence: Gilgit and Hunza River Floods. Himalayan Journal 2; Bazai, N.A., Cui, P., Carling, P.A., Wang, H., Hassan, J., Liu, D., Zhang, G., Jin, W., 2021. Increasing glacial lake outburst flood hazard in response to surge glaciers in the Karakoram. Earth-Science Reviews 212, 103432. https://doi.org/10.1016/j.earscirev.2020.103432",,Rise of 10 ft. by Aug 9-lOth. on O.S.R. Considerable devastation at Ganesh and Altit in Hunza Valley,1884.0,exact,,,False,,False,,False,,False,,,,False,,False,False,['Unknown'],1,['Subglacial tunnel'],1
29,1885,1885,,,Unnamed,Aksay,Not mapped,,G074556E42520N,42.528,74.5405,3637,42.552627,74.483331,2255.0,Deposit,Moraine dammed,N,Y,13_3,4,Kyrgyzstan,Chuy,Ala Archa,Unknown,Unknown,Unknown,,,,,,,,,,,,,,,,,,,,,,,,,,,,"(Zaginaev et al., 2019)","Zaginaev, V., Petrakov, D., Erokhin, S., Meleshko, A., Stoffel, M., Ballesteros-Cánovas, J.A., 2019. Geomorphic control on regional glacier lake outburst flood and debris flow activity over northern Tien Shan. Global and Planetary Change 176, 50–59. https://doi.org/10.1016/j.gloplacha.2019.03.003",,,1885.0,exact,,,False,,False,,False,,False,,,,False,,True,False,['Unknown'],1,['Unknown'],1
30,1890,1890,,,Unknown,Diran,Not mapped,,G074626E36081N,36.069195,74.620675,3986,36.037814,74.601833,2735.0,Observation,Unknown,N,N,14_2,9,Pakistan,Gilgit - Baltistan,Gilgit,Unknown,Unknown,Unknown,,,,,,,,,,,,,,,,,,,,,,,,,,,,"(This study; Ashraf et al., 2015)","Ashraf, A., Naz, R., Mustafa, N., Iqbal, M.B., Ahmad, B., Jawad, A., Ahmad. I., 2015. Updating GLOF Lake Inventory of Northern Pakistan and Establishment of Community Based Early Warning System in Bagrot and Bondo Gol Valleys. Technical Report. Islamabad, Pakistan: Pakistan Agricultural Research Council (PARC).",,"On 11th December 2012 a community exchange documented this event. Diran Glacier Burst caused human, livestock, wildlife, natural forest, rich agricultural lands and houses of the Biabari, Koshali het in sat area.",1890.0,exact,,,False,,False,,False,,False,,,,False,,True,False,['Unknown'],1,['Unknown'],1
31,1890,1890,,,Khurdopin,Khurdopin,Ephemeral,,G075438E36192N,36.344239,75.474953,3482,,,,,Ice dammed,N,Y,14_2,9,Pakistan,Gilgit - Baltistan,Hunza,Surging glacier,Unknown,Subglacial tunnel,,,,,,,,,,,,,,,,,,,,,,,,,,,,"(Hewitt, 2014; Bazai et al., 2021)","Hewitt, K., 2014. Glaciers of the Karakoram Himalaya, Advances in Asian Human-Environmental Research. Springer Netherlands, Dordrecht; Bazai, N.A., Cui, P., Carling, P.A., Wang, H., Hassan, J., Liu, D., Zhang, G., Jin, W., 2021. Increasing glacial lake outburst flood hazard in response to surge glaciers in the Karakoram. Earth-Science Reviews 212, 103432. https://doi.org/10.1016/j.earscirev.2020.103432",,,1890.0,exact,,,False,,False,,False,,False,,,,False,,False,False,['Unknown'],1,['Subglacial tunnel'],1
32,1890,1890,,,Unknown,Biafo,GL075907E35687N,"2, 4",G075593E36006N,35.687,75.907,3059,,,,,Supraglacial,N,Y,14_2,9,Pakistan,Gilgit - Baltistan,Shigar,Glacier advance,Unknown,Unknown,,,,,,,,,,,,,,,,,,,,,,,,,,,,"(Hewitt and Liu, 2010)","Hewitt, K., Liu, J., 2010. Ice-Dammed Lakes and Outburst Floods, Karakoram Himalaya: Historical Perspectives on Emerging Threats. Physical Geography 31, 528–551. https://doi.org/10.2747/0272-3646.31.6.528",,,1890.0,exact,,,False,,False,,False,,False,,,,False,,True,False,['Unknown'],1,['Unknown'],1
33,1892,1892,,,Unknown,Bualtar,Ephemeral,,G074697E36096N,36.176,74.761,2918,,,,,Ice dammed,N,Y,14_2,9,Pakistan,Gilgit - Baltistan,Hunza,Glacier advance,Unknown,Unknown,,,,,,,,,,,,,,,,,,,,,,,,,,,,"(Conway, 1897; Bazai et al., 2021)","Conway, W.M., 1897. Formation of a Lake in Nagar. The Geographical Journal; Bazai, N.A., Cui, P., Carling, P.A., Wang, H., Hassan, J., Liu, D., Zhang, G., Jin, W., 2021. Increasing glacial lake outburst flood hazard in response to surge glaciers in the Karakoram. Earth-Science Reviews 212, 103432. https://doi.org/10.1016/j.earscirev.2020.103432",,"Hoper/Bualtar glacier in Nagar has advanced and dammed the Hispar river, forming a lake in the deep and narrow gorge below the foot of the Hispar Glacier. The length of the lake was 4 miles.",1892.0,exact,,,False,,False,,False,,False,,,,False,,True,False,['Unknown'],1,['Unknown'],1
34,1892,1892,6.0,,Kyagar,Kyagar,GL077181E35675N,"2, 3, 4",G077158E35562N,35.677371,77.190788,4880,37.982034,76.877846,1450.0,Observation,Ice dammed,N,Y,14_2,9,China,Xinjiang,Yarkant,Surging glacier,Unknown,Unknown,,,6000.0,,,,,,,,,,,,,,,,,,,,,,,,,"(Zhang et al., 1990; Zhang, 1992)","Zhang, X., Li, N., You, X., Wang, W., 1990. The Researches of Glacier Lake Outburst Floods of the Yarkant River in Xinjiang. Science in China Series B-Chemistry, Life Sciences & Earth Sciences 33 (8), 1014–1024; Zhang, X., 1992. Investigation of glacier bursts of the Yarkant River in Xinjiang, China. Annals of Glaciology 16, 135–139. https://doi.org/10.3189/1992AoG16-1-135-139",,"Unclear which of the glaciers in upper Shaksgam caused the flood, coordinates given are for Kyagar. Peak discharge measured at Kaqun",1892.0,exact,,,False,,False,,False,,False,,,,False,,False,False,['Unknown'],1,['Unknown'],1
35,1893,1893,7.0,6.0,Karambar,Karambar,GL074079E36622N,"2, 4",G074224E36616N,36.6214,74.07906,2935,35.926146,74.266804,1470.0,Observation,Ice dammed,N,Y,14_2,9,Pakistan,Gilgit - Baltistan,Gilgit,Unknown,Unknown,Unknown,,,,,,,,,,,,,,,,,,,,,,,Two bridges at Gilgit destroyed,,,,,"(Iturrizaga, 2005a)","Iturrizaga, L., 2005a. Historical glacier-dammed lakes and outburst floods in the Karambar valley (Hindukush-Karakoram). GeoJournal 63, 1–47. https://doi.org/10.1007/s10708-005-2395-x",,"Water rise at 11.20 p.m. on 6th July, reached 23 feet above high-flood level at Gilgit, subside at 3 a.m. on 7th July",1893.0,exact,1893-07-06,,False,,False,,False,,False,,,,False,,False,False,['Unknown'],1,['Unknown'],1
36,1893,1893,7.0,,Khurdopin,Khurdopin,Ephemeral,,G075438E36192N,36.344239,75.474953,3482,36.308712,74.662465,2077.0,Observation,Ice dammed,N,Y,14_2,9,Pakistan,Gilgit - Baltistan,Hunza,Surging glacier,Unknown,Subglacial tunnel,,,,,,,,,,,,,,,,,,,,,,,Damage to lands at Altit,,,,,"(Mason, 1929a; Kreutzmann, 1994)","Mason, K., 1929a. Indus floods and Shyok glaciers. Himalayan Journal 1, 10–29; Kreutzmann, H., 1994. Habitat conditions and settlement processes in the Hindukush Karakoram. Petermanns Geographische Mitteilungen 138, 337–356",,,1893.0,exact,,,False,,False,,False,,False,,,,False,,False,False,['Unknown'],1,['Subglacial tunnel'],1
37,1894,1894,,,Hassanabad,Hassanabad,Ephemeral,,G074506E36437N,36.390545,74.50831,3370,36.292804,74.603839,2060.0,Observation,Ice dammed,N,Y,14_2,9,Pakistan,Gilgit - Baltistan,Hunza,Unknown,Unknown,Unknown,,,,,,,,,,,,,,,,,,,,,,,,,,,,"(Hewitt and Liu, 2010)","Hewitt, K., Liu, J., 2010. Ice-Dammed Lakes and Outburst Floods, Karakoram Himalaya: Historical Perspectives on Emerging Threats. Physical Geography 31, 528–551. https://doi.org/10.2747/0272-3646.31.6.528",,,1894.0,exact,,,False,,False,Damage at Hassanabad and Aliabad villages,False,,False,,,,False,,False,False,['Unknown'],1,['Unknown'],1
38,1895,1895,6.0,,Karambar,Karambar,GL074079E36622N,"2, 4",G074224E36616N,36.6214,74.07906,2935,,,,,Ice dammed,N,Y,14_2,9,Pakistan,Gilgit - Baltistan,Gilgit,Unknown,Unknown,Unknown,,,,,,,,,,,,,,,,,,,,,,,,,,,,"(Kreutzmann, 1994; Iturrizaga, 2005a)","Kreutzmann, H., 1994. Habitat conditions and settlement processes in the Hindukush Karakoram. Petermanns Geographische Mitteilungen 138, 337–356; Iturrizaga, L., 2005a. Historical glacier-dammed lakes and outburst floods in the Karambar valley (Hindukush-Karakoram). GeoJournal 63, 1–47. https://doi.org/10.1007/s10708-005-2395-x",,,1895.0,exact,,,False,,False,,False,,False,,,,False,,False,False,['Unknown'],1,['Unknown'],1
39,1895,1895,,,Unknown,Tarshing,Ephemeral,,G074689E35277N,35.232,74.722,2940,,,,,Unknown,N,Y,14_3,10,Pakistan,Gilgit - Baltistan,Indus,Unknown,Unknown,Unknown,,,,,,,,,,,,,,,,,,,,,,,,,,,,"(Collie, 1902; Bazai et al., 2021)","Collie, N., 1902. Climbing on the Himalaya and other mountain ranges. D. Douglas, Edinburgh; Bazai, N.A., Cui, P., Carling, P.A., Wang, H., Hassan, J., Liu, D., Zhang, G., Jin, W., 2021. Increasing glacial lake outburst flood hazard in response to surge glaciers in the Karakoram. Earth-Science Reviews 212, 103432. https://doi.org/10.1016/j.earscirev.2020.103432",,"During 1895 the Tashing Glacier again had possibly blocked the valley to a height of at least 200 feet but the Rupal stream flowed underneath the ice. Speculation that is the conduit was blocked in anyway, a huge lake must form behind the glacier",1895.0,exact,,,False,,False,,False,,False,,,,False,,True,False,['Unknown'],1,['Unknown'],1
40,1895,1895,,,Unknown,Biafo,GL075907E35687N,"2, 4",G075593E36006N,35.687,75.907,3060,,,,,Supraglacial,N,Y,14_2,9,Pakistan,Gilgit - Baltistan,Shigar,Glacier advance,Unknown,Unknown,,,,,,,,,,,,,,,,,,,,,,,,,,,,"(McCormick, 1895; Bazai et al., 2021)","McCormick, A.D., 1895. An artist in the Himalayas. Macmillan, New York; Bazai, N.A., Cui, P., Carling, P.A., Wang, H., Hassan, J., Liu, D., Zhang, G., Jin, W., 2021. Increasing glacial lake outburst flood hazard in response to surge glaciers in the Karakoram. Earth-Science Reviews 212, 103432. https://doi.org/10.1016/j.earscirev.2020.103432",,,1895.0,exact,,,False,,False,,False,,False,,,,False,,True,False,['Unknown'],1,['Unknown'],1
41,1897,1897,6.0,,Kyagar,Kyagar,GL077181E35675N,"2, 3, 4",G077158E35562N,35.677371,77.190788,4880,37.982034,76.877846,1450.0,Observation,Ice dammed,N,Y,14_2,9,China,Xinjiang,Yarkant,Surging glacier,Unknown,Unknown,,,5120.0,,,,,,,,,,,,,,,,,,,,,,,,,"(Zhang et al., 1990; Zhang, 1992)","Zhang, X., Li, N., You, X., Wang, W., 1990. The Researches of Glacier Lake Outburst Floods of the Yarkant River in Xinjiang. Science in China Series B-Chemistry, Life Sciences & Earth Sciences 33 (8), 1014–1024; Zhang, X., 1992. Investigation of glacier bursts of the Yarkant River in Xinjiang, China. Annals of Glaciology 16, 135–139. https://doi.org/10.3189/1992AoG16-1-135-139",,"Unclear which of the glaciers in upper Shaksgam caused the flood, coordinates given are for Kyagar. Peak discharge measured at Kaqun",1897.0,exact,,,False,,False,,False,,False,,,,False,,False,False,['Unknown'],1,['Unknown'],1
42,1898,1898,7.0,,Unknown,Aktash,Ephemeral,,G077667E35058N,35.102,77.774,4581,,,,,Ice dammed,Y,Y,14_2,9,India,Jammu and Kashmir,Shyok,Surging glacier,Unknown,Unknown,,,,,,,,,,,,,,,,,,,,,,,,,,,,"(Longstaff, 1910; Hewitt and Liu, 2010; Bazai et al., 2021)","Longstaff, T.G., 1910. Glacier Exploration in the Eastern Karakoram. The Geographical Journal 35, 622–653. https://doi.org/10.2307/1777235; Hewitt, K., Liu, J., 2010. Ice-Dammed Lakes and Outburst Floods, Karakoram Himalaya: Historical Perspectives on Emerging Threats. Physical Geography 31, 528–551. https://doi.org/10.2747/0272-3646.31.6.528; Bazai, N.A., Cui, P., Carling, P.A., Wang, H., Hassan, J., Liu, D., Zhang, G., Jin, W., 2021. Increasing glacial lake outburst flood hazard in response to surge glaciers in the Karakoram. Earth-Science Reviews 212, 103432. https://doi.org/10.1016/j.earscirev.2020.103432",,Large flood in July 1898 with minor erosion - no major destruction,1898.0,exact,,,False,,False,,False,,False,,,,False,,True,False,['Unknown'],1,['Unknown'],1
43,1899,1899,,,Hassanabad,Hassanabad,Ephemeral,,G074506E36437N,36.390545,74.50831,3370,36.292162,74.609227,2030.0,Observation,Ice dammed,N,Y,14_2,9,Pakistan,Gilgit - Baltistan,Hunza,Surging glacier,Unknown,Unknown,,,,,,,,,,,,,,,,,,,,,,,,,,,,"(Kreutzmann, 1994; Hewitt and Liu, 2010)","Kreutzmann, H., 1994. Habitat conditions and settlement processes in the Hindukush Karakoram. Petermanns Geographische Mitteilungen 138, 337–356; Hewitt, K., Liu, J., 2010. Ice-Dammed Lakes and Outburst Floods, Karakoram Himalaya: Historical Perspectives on Emerging Threats. Physical Geography 31, 528–551. https://doi.org/10.2747/0272-3646.31.6.528",,,1899.0,exact,,,False,,False,,False,,False,,,,False,,False,False,['Unknown'],1,['Unknown'],1
44,1900,1900,,,Hassanabad,Hassanabad,Ephemeral,,G074506E36437N,36.390545,74.50831,3370,36.239538,74.413711,1830.0,Observation,Ice dammed,N,Y,14_2,9,Pakistan,Gilgit - Baltistan,Hunza,Surging glacier,Unknown,Unknown,,,,,,,,,,,,,,,,,,,,,,,Irrigation canal,,,,,"(Kreutzmann, 1994)","Kreutzmann, H., 1994. Habitat conditions and settlement processes in the Hindukush Karakoram. Petermanns Geographische Mitteilungen 138, 337–356",,"Damage only reported in Nilt, further downstream from Hassanabad; likely coming from Hassnabad glacier considering the GLOFs in 1899 and 1901",1900.0,exact,,,False,,False,,False,,False,,,,False,,False,False,['Unknown'],1,['Unknown'],1
45,1901,1901,,,Khurdopin,Khurdopin,Ephemeral,,G075438E36192N,36.344239,75.474953,3482,36.308712,74.662465,2077.0,Observation,Ice dammed,N,Y,14_2,9,Pakistan,Gilgit - Baltistan,Hunza,Surging glacier,Unknown,Subglacial tunnel,,,,,,,,,,,,,,,,,,,,,,,"Breaking of a dam, bridge at Ganesh destroyed",,,,,"(Kreutzmann, 1994)","Kreutzmann, H., 1994. Habitat conditions and settlement processes in the Hindukush Karakoram. Petermanns Geographische Mitteilungen 138, 337–356",,,1901.0,exact,,,False,,False,,False,,False,,,,False,,False,False,['Unknown'],1,['Subglacial tunnel'],1
46,1902,1902,,,Hassanabad,Hassanabad,Ephemeral,,G074506E36437N,36.390545,74.50831,3370,36.292162,74.609227,2030.0,Observation,Ice dammed,N,Y,14_2,9,Pakistan,Gilgit - Baltistan,Hunza,Surging glacier,Unknown,Unknown,,,,,,,,,,,,,,,,,,,,,,,Bridge destroyed,,,,,"(Kreutzmann, 1994; Hewitt and Liu, 2010)","Kreutzmann, H., 1994. Habitat conditions and settlement processes in the Hindukush Karakoram. Petermanns Geographische Mitteilungen 138, 337–356; Hewitt, K., Liu, J., 2010. Ice-Dammed Lakes and Outburst Floods, Karakoram Himalaya: Historical Perspectives on Emerging Threats. Physical Geography 31, 528–551. https://doi.org/10.2747/0272-3646.31.6.528",,,1902.0,exact,,,False,,False,,False,,False,,,,False,,False,False,['Unknown'],1,['Unknown'],1
47,1902,1902,,,Unknown,Kuturgansuu,Ephemeral,,G074608E42515N,42.522,74.609,3470,42.535,74.658,2170.0,Deposit,Moraine dammed,N,Y,13_3,4,Kyrgyzstan,Chuy,Alamedin,Unknown,Unknown,Unknown,,,,,,,,,,,,,,,,,,,,,,,,,,,,"(Zaginaev et al., 2019)","Zaginaev, V., Petrakov, D., Erokhin, S., Meleshko, A., Stoffel, M., Ballesteros-Cánovas, J.A., 2019. Geomorphic control on regional glacier lake outburst flood and debris flow activity over northern Tien Shan. Global and Planetary Change 176, 50–59. https://doi.org/10.1016/j.gloplacha.2019.03.003",,,1902.0,exact,,,False,,False,,False,,False,,,,False,,True,False,['Unknown'],1,['Unknown'],1
48,1902,1902,8.0,21.0,Merzbacher,Southern Inylshek,GL079841E42200N,2,G080193E42063N,42.196,79.847,3271,,,,,Ice dammed,N,Y,13_3,3,Kyrgyzstan,Issyk-Kul,Inylchek,Unknown,Unknown,Subglacial tunnel,,,,,,,,,,,,,,,,,,,,,,,,,,,,"(Glazirin, 2010)","Glazirin, G., 2010. A century of investigations on outbursts of the ice-dammed lake merzbacher (Central Tien Shan). Austrian Journal of Earth Sciences 103, 171–179.",,,1902.0,exact,1902-08-21,,False,,False,,False,,False,,,,False,,False,False,['Unknown'],1,['Subglacial tunnel'],1
49,1903,1903,,,Hassanabad,Hassanabad,Ephemeral,,G074506E36437N,36.390545,74.50831,3370,36.292162,74.609227,2030.0,Observation,Ice dammed,N,Y,14_2,9,Pakistan,Gilgit - Baltistan,Hunza,Surging glacier,Unknown,Unknown,,,,,,,,,,,,,,,,,,,,,,,Irrigation canal,,,,,"(Kreutzmann, 1994; Hewitt and Liu, 2010)","Kreutzmann, H., 1994. Habitat conditions and settlement processes in the Hindukush Karakoram. Petermanns Geographische Mitteilungen 138, 337–356; Hewitt, K., Liu, J., 2010. Ice-Dammed Lakes and Outburst Floods, Karakoram Himalaya: Historical Perspectives on Emerging Threats. Physical Geography 31, 528–551. https://doi.org/10.2747/0272-3646.31.6.528",,,1903.0,exact,,,False,,False,,False,,False,,,,False,,False,False,['Unknown'],1,['Unknown'],1
50,1903,1903,,,Unknown,Kichik Kumden,Ephemeral,,G077662E35097N,35.128,77.763,4613,,,,,Ice dammed,Y,Y,14_2,9,India,Jammu and Kashmir,Shyok,Surging glacier,Unknown,Unknown,,,,,,,,,,,,,,,,,,,,,,,,,,,,"(Longstaff, 1910; Hedin, 1917; Bazai et al., 2021)","Longstaff, T.G., 1910. Glacier Exploration in the Eastern Karakoram. The Geographical Journal 35, 622–653. https://doi.org/10.2307/1777235; Hedin, S., 1917. Southern Tibet. Stockholm; Bazai, N.A., Cui, P., Carling, P.A., Wang, H., Hassan, J., Liu, D., Zhang, G., Jin, W., 2021. Increasing glacial lake outburst flood hazard in response to surge glaciers in the Karakoram. Earth-Science Reviews 212, 103432. https://doi.org/10.1016/j.earscirev.2020.103432",,"Longstaff reported that during 1903 a bad flood occurred, which Oliver (British Joint Commissioner for Ladakh) attributed to the bursting of the Kichik Kumdan dam.",1903.0,exact,,,False,,False,,False,,False,,,,False,,True,False,['Unknown'],1,['Unknown'],1
51,1904,1904,,,Karambar,Karambar,GL074079E36622N,"2, 4",G074224E36616N,36.6214,74.07906,2935,,,,,Ice dammed,N,Y,14_2,9,Pakistan,Gilgit - Baltistan,Gilgit,Unknown,Unknown,Unknown,,,,,,,,,,,,,,,,,,,,,,,,,,,,"(Bazai et al., 2021)","Bazai, N.A., Cui, P., Carling, P.A., Wang, H., Hassan, J., Liu, D., Zhang, G., Jin, W., 2021. Increasing glacial lake outburst flood hazard in response to surge glaciers in the Karakoram. Earth-Science Reviews 212, 103432. https://doi.org/10.1016/j.earscirev.2020.103432",,,1904.0,exact,,,False,,False,,False,,False,,,,False,,False,False,['Unknown'],1,['Unknown'],1
52,1904,1904,,,Hassanabad,Hassanabad,Ephemeral,,G074506E36437N,36.390545,74.50831,3370,36.292162,74.609227,2030.0,Observation,Ice dammed,N,Y,14_2,9,Pakistan,Gilgit - Baltistan,Hunza,Surging glacier,Unknown,Unknown,,,,,,,,,,,,,,,,,,,,,,,Irrigation canal,,,,,"(Kreutzmann, 1994; Hewitt and Liu, 2010)","Kreutzmann, H., 1994. Habitat conditions and settlement processes in the Hindukush Karakoram. Petermanns Geographische Mitteilungen 138, 337–356; Hewitt, K., Liu, J., 2010. Ice-Dammed Lakes and Outburst Floods, Karakoram Himalaya: Historical Perspectives on Emerging Threats. Physical Geography 31, 528–551. https://doi.org/10.2747/0272-3646.31.6.528",,,1904.0,exact,,,False,,False,,False,,False,,,,False,,False,False,['Unknown'],1,['Unknown'],1
53,1904,1904,,,Unknown,Kuturgansuu,Ephemeral,,G074608E42515N,42.522,74.609,3470,42.535,74.658,2170.0,Deposit,Moraine dammed,N,Y,13_3,4,Kyrgyzstan,Chuy,Alamedin,Unknown,Unknown,Unknown,,,,,,,,,,,,,,,,,,,,,,,,,,,,"(Zaginaev et al., 2019)","Zaginaev, V., Petrakov, D., Erokhin, S., Meleshko, A., Stoffel, M., Ballesteros-Cánovas, J.A., 2019. Geomorphic control on regional glacier lake outburst flood and debris flow activity over northern Tien Shan. Global and Planetary Change 176, 50–59. https://doi.org/10.1016/j.gloplacha.2019.03.003",,,1904.0,exact,,,False,,False,,False,,False,,,,False,,True,False,['Unknown'],1,['Unknown'],1
54,1904,1904,,,Khurdopin,Khurdopin,Ephemeral,,G075438E36192N,36.344239,75.474953,3482,36.439939,75.311226,3062.0,Observation,Ice dammed,N,Y,14_2,9,Pakistan,Gilgit - Baltistan,Hunza,Surging glacier,Unknown,Subglacial tunnel,,,,,,,,,,,,,,,,,,,,,,,Damage to terraces at Shimshal after emptying of two-year old lake (1902),,,,,"(Hewitt and Liu, 2010)","Hewitt, K., Liu, J., 2010. Ice-Dammed Lakes and Outburst Floods, Karakoram Himalaya: Historical Perspectives on Emerging Threats. Physical Geography 31, 528–551. https://doi.org/10.2747/0272-3646.31.6.528",,,1904.0,exact,,,False,,False,,False,,False,,,,False,,False,False,['Unknown'],1,['Subglacial tunnel'],1
55,1905,1905,,,Sokhter Rabot,Unnamed,Ephemeral,,G073933E36797N,36.7946,73.99494,3595,,,,,Ice dammed,N,Y,14_2,9,Pakistan,Gilgit - Baltistan,Gilgit,Unknown,Unknown,Unknown,,,,,,,,,,,,,,,,,,,,,,,Considerable damage to villages along the river banks above Gilgit,,,,,"(Kreutzmann, 1994; Iturrizaga, 2005a)","Kreutzmann, H., 1994. Habitat conditions and settlement processes in the Hindukush Karakoram. Petermanns Geographische Mitteilungen 138, 337–356; Iturrizaga, L., 2005a. Historical glacier-dammed lakes and outburst floods in the Karambar valley (Hindukush-Karakoram). GeoJournal 63, 1–47. https://doi.org/10.1007/s10708-005-2395-x",,,1905.0,exact,,,False,,False,,False,,False,,,,False,,False,True,['Unknown'],1,['Unknown'],1
56,1905,1905,6.0,17.0,Karambar,Karambar,GL074079E36622N,"2, 4",G074224E36616N,36.6214,74.07906,2935,35.926146,74.266804,1470.0,Observation,Ice dammed,N,Y,14_2,9,Pakistan,Gilgit - Baltistan,Gilgit,Unknown,Unknown,Unknown,,,,,,,,,,,,,,,,,,,,,,,,,,,,"(Todd, 1930; Iturrizaga, 2005a)","Todd, H.J., 1930. Correspondence: Gilgit and Hunza River Floods. Himalayan Journal 2; Iturrizaga, L., 2005a. Historical glacier-dammed lakes and outburst floods in the Karambar valley (Hindukush-Karakoram). GeoJournal 63, 1–47. https://doi.org/10.1007/s10708-005-2395-x",,"Glacier dam broke at midnight 17/18th June, flood arrived at Gilgit at 8.30 am, 20 feet, above high-flood level",1905.0,exact,1905-06-17,,False,,False,,False,,False,,,,False,,False,False,['Unknown'],1,['Unknown'],1
57,1905,1905,,,Unnamed,Dubani,Not mapped,,G074629E35951N,35.93,74.609,4121,,,,,Supraglacial,N,Y,14_2,9,Pakistan,Gilgit - Baltistan,Gilgit,Unknown,Unknown,Unknown,,,,,,,,,,,,,,,,,,,,,,,,,,,,"(This study; Ashraf et al., 2015)","Ashraf, A., Naz, R., Mustafa, N., Iqbal, M.B., Ahmad, B., Jawad, A., Ahmad. I., 2015. Updating GLOF Lake Inventory of Northern Pakistan and Establishment of Community Based Early Warning System in Bagrot and Bondo Gol Valleys. Technical Report. Islamabad, Pakistan: Pakistan Agricultural Research Council (PARC).",,On 11th December 2012 a community exchange documented this event. A huge damage occurred to natural forest as well as the settlements of Villages Taisote and Massingot.,1905.0,exact,,,False,,False,+,True,,False,,,+,True,,True,False,['Unknown'],1,['Unknown'],1
58,1905,1905,8.0,2.0,Khurdopin,Khurdopin,Ephemeral,,G075438E36192N,36.344239,75.474953,3482,36.236059,74.306433,1743.0,Observation,Ice dammed,N,Y,14_2,9,Pakistan,Gilgit - Baltistan,Hunza,Surging glacier,Unknown,Subglacial tunnel,,,,,,,,,,,,,,,,,,,7.0,,,,"Bridge, road",,,,,"(Neve, 1913; Todd, 1930; Kreutzmann, 1994)","Neve, A., 1913. Thirty Years in Kashmir. Edward Arnold, London; Todd, H.J., 1930. Correspondence: Gilgit and Hunza River Floods. Himalayan Journal 2; Kreutzmann, H., 1994. Habitat conditions and settlement processes in the Hindukush Karakoram. Petermanns Geographische Mitteilungen 138, 337–356",,Damage to Chalt Bridge and Gilgit-Chalt; track destroyed; loss of fields at Pasu and Shimshal; damage of 7 houses at Shamets and to Hunza Nager bridge at Ganesh,1905.0,exact,1905-08-02,,False,,False,,False,,False,,,,False,,False,False,['Unknown'],1,['Subglacial tunnel'],1
59,1905,1905,,,Unknown,Kichik Kumden,Ephemeral,,G077662E35097N,35.128,77.763,4613,,,,,Ice dammed,Y,Y,14_2,9,India,Jammu and Kashmir,Shyok,Surging glacier,Unknown,Unknown,,,,,,,,,,,,,,,,,,,,,,,,,,,,"(Huntingdon, 1907; Longstaff, 1910; Bazai et al., 2021)","Huntingdon, E., 1907. The Pulse of Asia: A Journey in Central Asia Illustrating the Geographic Basis of History. Houghton, Mifflin; Longstaff, T.G., 1910. Glacier Exploration in the Eastern Karakoram. The Geographical Journal 35, 622–653. https://doi.org/10.2307/1777235; Bazai, N.A., Cui, P., Carling, P.A., Wang, H., Hassan, J., Liu, D., Zhang, G., Jin, W., 2021. Increasing glacial lake outburst flood hazard in response to surge glaciers in the Karakoram. Earth-Science Reviews 212, 103432 https://doi.org/10.1016/j.earscirev.2020.103432",,,1905.0,exact,,,False,,False,,False,,False,,,,False,,True,False,['Unknown'],1,['Unknown'],1
60,1906,1906,8.0,11.0,Khurdopin,Khurdopin,Ephemeral,,G075438E36192N,36.344239,75.474953,3482,35.434129,74.104712,1010.0,Observation,Ice dammed,N,Y,14_2,9,Pakistan,Gilgit - Baltistan,Hunza,Surging glacier,Unknown,Subglacial tunnel,,,,,,,,,,,,,,,,,,,3.0,3.0,,,,,,,,"(Todd, 1930; Kreutzmann, 1994)","Todd, H.J., 1930. Correspondence: Gilgit and Hunza River Floods. Himalayan Journal 2; Kreutzmann, H., 1994. Habitat conditions and settlement processes in the Hindukush Karakoram. Petermanns Geographische Mitteilungen 138, 337–356; Iturrizaga, L., 2005b. New observations on present and prehistorical glacier-dammed lakes in the Shimshal valley (Karakoram Mountains). Journal of Asian Earth Sciences 25, 545–555. https://doi.org/10.1016/j.jseaes.2004.04.011",,"Damage to bridges at Askurdas, Tashot and Chamogah; Rise of river level in Chilas 36 ft, in Chalt 55 ft Fields, houses and bridges destroyed at Pasu, Hussaini, Gulmit and Ganesh 3 houses, 35 fields and 3 watermills and orchards destroyed Nomal-Chalt road damaged",1906.0,exact,1906-08-11,,False,,False,,False,,False,,,,False,,False,False,['Unknown'],1,['Subglacial tunnel'],1
61,1906,1906,6.0,,Khurdopin,Khurdopin,Ephemeral,,G075438E36192N,36.344239,75.474953,3482,36.236059,74.306433,1743.0,Observation,Ice dammed,N,Y,14_2,9,Pakistan,Gilgit - Baltistan,Hunza,Surging glacier,Unknown,Subglacial tunnel,,,,,,,,,,,,,,,,,,,,,,,,,,,,"(Hewitt and Liu, 2010; Bazai et al., 2021)","Hewitt, K., Liu, J., 2010. Ice-Dammed Lakes and Outburst Floods, Karakoram Himalaya: Historical Perspectives on Emerging Threats. Physical Geography 31, 528–551. https://doi.org/10.2747/0272-3646.31.6.528; Bazai, N.A., Cui, P., Carling, P.A., Wang, H., Hassan, J., Liu, D., Zhang, G., Jin, W., 2021. Increasing glacial lake outburst flood hazard in response to surge glaciers in the Karakoram. Earth-Science Reviews 212, 103432. https://doi.org/10.1016/j.earscirev.2020.103432",,"A glacier (Khurdopin or Malangutti) in the Shimshal valley dammed the river prior to July 1906, and a lake formed behind the barrier. During July a serious flood destroyed the suspension bridge at Askurdas, and the bridge across the Gilgit river at Chamogah and badly damaged the whole road between Normal and Chalt.",1906.0,exact,,,False,,False,,False,,False,,,,False,,False,False,['Unknown'],1,['Subglacial tunnel'],1
62,1907,1907,9.0,,Khurdopin,Khurdopin,Ephemeral,,G075438E36192N,36.344239,75.474953,3482,36.439939,75.311226,3062.0,Observation,Ice dammed,N,Y,14_2,9,Pakistan,Gilgit - Baltistan,Hunza,Surging glacier,Unknown,Subglacial tunnel,,,,,,,,,,,,,,,,,,,,,,,,,,,,"(Todd, 1930; Iturrizaga, 2005b)","Todd, H.J., 1930. Correspondence: Gilgit and Hunza River Floods. Himalayan Journal 2; Iturrizaga, L., 2005b. New observations on present and prehistorical glacier-dammed lakes in the Shimshal valley (Karakoram Mountains). Journal of Asian Earth Sciences 25, 545–555. https://doi.org/10.1016/j.jseaes.2004.04.011",,Slow drainage in 11 days; Bonfire system (Puberanj) to warn the settlements in the Hunza valley,1907.0,exact,,,False,,False,,False,,False,,,,False,,False,False,['Unknown'],1,['Subglacial tunnel'],1
63,1908,1908,,,Khurdopin,Khurdopin,Ephemeral,,G075438E36192N,36.344239,75.474953,3482,,,,,Ice dammed,N,Y,14_2,9,Pakistan,Gilgit - Baltistan,Hunza,Surging glacier,Unknown,Subglacial tunnel,,,,,,,,,,,,,,,,,,,,,,,,,,,,"(Bazai et al., 2021)","Bazai, N.A., Cui, P., Carling, P.A., Wang, H., Hassan, J., Liu, D., Zhang, G., Jin, W., 2021. Increasing glacial lake outburst flood hazard in response to surge glaciers in the Karakoram. Earth-Science Reviews 212, 103432. https://doi.org/10.1016/j.earscirev.2020.103432",,,1908.0,exact,,,False,,False,,False,,False,,,,False,,False,False,['Unknown'],1,['Subglacial tunnel'],1
64,1909,1909,,,Warghut,Unnamed,Ephemeral,,G073973E36737N,36.746817,74.002922,3409,,,,,Ice dammed,N,Y,14_2,9,Pakistan,Gilgit - Baltistan,Gilgit,Unknown,Unknown,Unknown,,,,,,,,,,,,,,,,,,,,,,,,,,,,"(Iturrizaga, 2005a)","Iturrizaga, L., 2005a. Historical glacier-dammed lakes and outburst floods in the Karambar valley (Hindukush-Karakoram). GeoJournal 63, 1–47. https://doi.org/10.1007/s10708-005-2395-x",,Periodic and disastrous floods,1909.0,exact,,,False,,False,,False,,False,,,,False,,False,True,['Unknown'],1,['Unknown'],1
65,1909,1909,,,Unknown,Gutumi,Ephemeral,,G074641E35970N,36.013093,74.606801,3460,36.040682,74.575998,2582.0,Observation,Supraglacial,N,N,14_2,9,Pakistan,Gilgit - Baltistan,Gilgit,Unknown,Unknown,Unknown,,,,,,,,,,,,,,,,,,,,,,,,,,,,"(This study; Ashraf et al., 2015)","Ashraf, A., Naz, R., Mustafa, N., Iqbal, M.B., Ahmad, B., Jawad, A., Ahmad. I., 2015. Updating GLOF Lake Inventory of Northern Pakistan and Establishment of Community Based Early Warning System in Bagrot and Bondo Gol Valleys. Technical Report. Islamabad, Pakistan: Pakistan Agricultural Research Council (PARC).",,"On 11th December 2012 a community exchange documented this event. Glacier lake burst in Ghotomi + Dodi Rung Bari Bar site of the Dubani Peak. This result heavy damage to natural forests and human settlements in sat, Ghosonar and Darija.",1909.0,exact,,,False,,False,+,True,,False,,,+,True,,True,False,['Unknown'],1,['Unknown'],1
66,1909,1909,,,Unknown,Tarshing,Ephemeral,,G074689E35277N,35.232,74.722,2940,,,,,Unknown,N,Y,14_3,10,Pakistan,Gilgit - Baltistan,Astor,Unknown,Unknown,Unknown,,,,,,,,,,,,,,,,,,,,,,,Bridges damaged,,,,,"(Neve, 1911; Bazai et al., 2021)","Neve, A., 1911. Journeys in the Himalayas and Some Factors of Himalayan Erosion. The Geographical Journal 38, 345–355. https://doi.org/10.2307/1778538; Bazai, N.A., Cui, P., Carling, P.A., Wang, H., Hassan, J., Liu, D., Zhang, G., Jin, W., 2021. Increasing glacial lake outburst flood hazard in response to surge glaciers in the Karakoram. Earth-Science Reviews 212, 103432. https://doi.org/10.1016/j.earscirev.2020.103432",,"Flood occurred in 1909. Considerable damage for 60 miles down the Astor valley, to bridges but also to low-lying farmland. Landslips followed",1909.0,exact,,,False,,False,,False,,False,,,,False,,True,False,['Unknown'],1,['Unknown'],1
67,1910,1910,,,Unnamed,Russian Geographical Society,Not mapped,,G072183E38799N,38.69,72.09,2620,,,,,Moraine dammed,Y,N,13_2,6,Tajikistan,Gorno-Badakhshan,Vanch,Unknown,Unknown,Unknown,,,,,"Roads, bridges, crops, some villages were washed away and many residents and livestock were killed",,,,,,,,,,,,,,,,,,,,,,,"(Veh et al., 2022)","Veh, G., Lützow, N., Kharlamova, V., Petrakov, D., Hugonnet, R., & Korup, O., 2022. Trends, breaks, and biases in the frequency of reported glacier lake outburst floods. Earth's Future, 10, e2021EF002426. https://doi.org/10.1029/2021EF002426",,,1910.0,exact,,+,True,+,True,,False,,False,,,,False,,True,False,['Unknown'],1,['Unknown'],1
68,1910,1910,,,Unnamed,Teztor,Not mapped,,G074417E42535N,42.5366,74.4273,3606,42.58,74.481,2015.0,Deposit,Moraine dammed,N,Y,13_3,4,Kyrgyzstan,Chuy,Sokuluk,Unknown,Unknown,Unknown,,,,,,,,,,,,,,,,,,,,,,,,,,,,"(Zheng et al., 2021)","Zheng, G., Bao, A., Allen, S., Ballesteros-Canovas, J.A., Yuan, Y., Jiapaer, G., 2021. Numerous Unreported Glacial Lake Outburst Floods in the Third Pole Revealed by High-Resolution Satellite Data and Geomorphological Evidence. Science Bulletin. https://doi.org/10.1016/j.scib.2021.01.014.",,,1910.0,exact,,,False,,False,,False,,False,,,,False,,True,False,['Unknown'],1,['Unknown'],1
69,1910,1910,,,Unknown,Gurpi,Ephemeral,,G074735E36370N,36.32925,74.739283,3100,,,,,Unknown,N,N,14_2,9,Pakistan,Gilgit - Baltistan,Hunza,Glacier advance,Unknown,Unknown,,,,,,,,,,,,,,,,,,,,,,,,,,,,"(Kreutzmann, 1994)","Kreutzmann, H., 1994. Habitat conditions and settlement processes in the Hindukush Karakoram. Petermanns Geographische Mitteilungen 138, 337–356",,,1910.0,exact,,,False,,False,,False,,False,,,,False,,True,False,['Unknown'],1,['Unknown'],1
70,1910,1910,,,Unknown,Batura,Ephemeral,,G074581E36501N,36.510556,74.850591,2713,,,,,Supraglacial,N,Y,14_2,9,Pakistan,Gilgit - Baltistan,Hunza,Unknown,Unknown,Unknown,,,,,,,,,,,,,,,,,,,,,,,,,,,,"(Bazai et al., 2021)","Bazai, N.A., Cui, P., Carling, P.A., Wang, H., Hassan, J., Liu, D., Zhang, G., Jin, W., 2021. Increasing glacial lake outburst flood hazard in response to surge glaciers in the Karakoram. Earth-Science Reviews 212, 103432. https://doi.org/10.1016/j.earscirev.2020.103432",,,1910.0,exact,,,False,,False,,False,,False,,,,False,,True,False,['Unknown'],1,['Unknown'],1
71,1911,1911,,,Saklei Shuyinj,Unnamed,Ephemeral,,G073825E36805N,36.841689,73.833068,4158,,,,,Ice dammed,N,Y,14_2,9,Pakistan,Gilgit - Baltistan,Gilgit,Unknown,Unknown,Unknown,,,,,,,,,,,,,,,,,,,,,,,,,,,,"(Iturrizaga, 2005a, 2005c)","Iturrizaga, L., 2005a. Historical glacier-dammed lakes and outburst floods in the Karambar valley (Hindukush-Karakoram). GeoJournal 63, 1–47. https://doi.org/10.1007/s10708-005-2395-x; Iturrizaga, L., 2005c. The historical Saklei Shuyinj and Chateboi Glacier Dams as triggers for lake outburst cascades in the Karambar Valley, Hindukush. Island Arc 14, 389–399. https://doi.org/10.1111/j.1440-1738.2005.00498.x",,,1911.0,exact,,,False,,False,,False,,False,,,,False,,False,True,['Unknown'],1,['Unknown'],1
72,1912,1912,,,Saklei Shuyinj,Unnamed,Ephemeral,,G073825E36805N,36.841689,73.833068,4158,,,,,Ice dammed,N,Y,14_2,9,Pakistan,Gilgit - Baltistan,Gilgit,Unknown,Unknown,Unknown,,,,,,,,,,,,,,,,,,,,,,,,,,,,"(Iturrizaga, 2005c, 2005a)","Iturrizaga, L., 2005c. The historical Saklei Shuyinj and Chateboi Glacier Dams as triggers for lake outburst cascades in the Karambar Valley, Hindukush. Island Arc 14, 389–399. https://doi.org/10.1111/j.1440-1738.2005.00498.x; Iturrizaga, L., 2005a. Historical glacier-dammed lakes and outburst floods in the Karambar valley (Hindukush-Karakoram). GeoJournal 63, 1–47. https://doi.org/10.1007/s10708-005-2395-x;",,,1912.0,exact,,,False,,False,,False,,False,,,,False,,False,True,['Unknown'],1,['Unknown'],1
73,1912,1912,,,Unknown,Bualtar,Ephemeral,,G074697E36096N,36.176,74.761,2918,,,,,Ice dammed,N,Y,14_2,9,Pakistan,Gilgit - Baltistan,Hunza,Glacier advance,Unknown,Unknown,,,,,,,,,,,,,,,,,,,,,,,,,,,,"(Neve, 1913)","Neve, A., 1913. Thirty Years in Kashmir. Edward Arnold, London.",,,1912.0,exact,,,False,,False,,False,,False,,,,False,,True,False,['Unknown'],1,['Unknown'],1
74,1913,1913,,,Saklei Shuyinj,Unnamed,Ephemeral,,G073825E36805N,36.841689,73.833068,4158,,,,,Ice dammed,N,Y,14_2,9,Pakistan,Gilgit - Baltistan,Gilgit,Unknown,Unknown,Unknown,,,,,,,,,,,,,,,,,,,,,,,,,,,,"(Iturrizaga, 2005c, 2005a)","Iturrizaga, L., 2005c. The historical Saklei Shuyinj and Chateboi Glacier Dams as triggers for lake outburst cascades in the Karambar Valley, Hindukush. Island Arc 14, 389–399. https://doi.org/10.1111/j.1440-1738.2005.00498.x; Iturrizaga, L., 2005a. Historical glacier-dammed lakes and outburst floods in the Karambar valley (Hindukush-Karakoram). GeoJournal 63, 1–47. https://doi.org/10.1007/s10708-005-2395-x;",,,1913.0,exact,,,False,,False,,False,,False,,,,False,,False,True,['Unknown'],1,['Unknown'],1
75,1913,1913,,,Hassanabad,Hassanabad,Ephemeral,,G074506E36437N,36.390545,74.50831,3370,36.292162,74.609227,2030.0,Observation,Ice dammed,N,Y,14_2,9,Pakistan,Gilgit - Baltistan,Hunza,Surging glacier,Unknown,Unknown,,,,,,,,,,,,,,,,,,,,,,,,,,,,"(Kreutzmann, 1994)","Kreutzmann, H., 1994. Habitat conditions and settlement processes in the Hindukush Karakoram. Petermanns Geographische Mitteilungen 138, 337–356",,,1913.0,exact,,,False,,False,,False,,False,,,,False,,False,False,['Unknown'],1,['Unknown'],1
76,1914,1914,,,Hassanabad,Hassanabad,Ephemeral,,G074506E36437N,36.390545,74.50831,3370,36.292162,74.609227,2030.0,Observation,Ice dammed,N,Y,14_2,9,Pakistan,Gilgit - Baltistan,Hunza,Surging glacier,Unknown,Unknown,,,,,,,,,,,,,,,,,,,,,,,,,,,,"(Kreutzmann, 1994)","Kreutzmann, H., 1994. Habitat conditions and settlement processes in the Hindukush Karakoram. Petermanns Geographische Mitteilungen 138, 337–356",,,1914.0,exact,,,False,,False,,False,,False,,,,False,,False,False,['Unknown'],1,['Unknown'],1
77,1916,1916,10.0,,Chilinji,Chilinji,Ephemeral,,G074059E36761N,36.773776,74.013631,3555,,,,,Ice dammed,N,N,14_2,9,Pakistan,Gilgit - Baltistan,Gilgit,Unknown,Unknown,Unknown,,,,,,,,,,,,,,,,,,,,,,,,,,,,"(Longstaff, 1951)","Longstaff, T.G., 1951. This is my voyage. John Murray, London.",,,1916.0,exact,,,False,,False,,False,,False,,,,False,,False,False,['Unknown'],1,['Unknown'],1
78,1916,1916,,,Karambar,Karambar,GL074079E36622N,"2, 4",G074224E36616N,36.6214,74.07906,2935,,,,,Ice dammed,N,Y,14_2,9,Pakistan,Gilgit - Baltistan,Gilgit,Unknown,Unknown,Unknown,,,,,,,,,,,,,,,,,,,,,,,,,,,,"(Longstaff, 1920; Hewitt, 1982)","Longstaff, T.G., 1920. Byways in the Hindukush. Alpine Journal 221; Hewitt, K., 1982. Natural dams and outburst floods of the Karakoram Himalaya. IAHS-AISH Publication Hydrological Aspects of Alpine and High Mountain Area (as (Proceedings of the Exeter Symposium, July 1982)).",,,1916.0,exact,,,False,,False,,False,,False,,,,False,,False,False,['Unknown'],1,['Unknown'],1
79,1916,1916,,,Unnamed,Aksay,Not mapped,,G074556E42520N,42.528,74.5405,3637,42.552627,74.483331,2255.0,Deposit,Moraine dammed,N,Y,13_3,4,Kyrgyzstan,Chuy,Ala Archa,Unknown,Unknown,Unknown,,,,,,,,,,,,,,,,,,,,,,,,,,,,"(Zaginaev et al., 2019)","Zaginaev, V., Petrakov, D., Erokhin, S., Meleshko, A., Stoffel, M., Ballesteros-Cánovas, J.A., 2019. Geomorphic control on regional glacier lake outburst flood and debris flow activity over northern Tien Shan. Global and Planetary Change 176, 50–59. https://doi.org/10.1016/j.gloplacha.2019.03.003",,,1916.0,exact,,,False,,False,,False,,False,,,,False,,True,False,['Unknown'],1,['Unknown'],1
80,1917,1917,6.0,,Kyagar,Kyagar,GL077181E35675N,"2, 3, 4",G077158E35562N,35.677371,77.190788,4880,37.982034,76.877846,1450.0,Observation,Ice dammed,N,Y,14_2,9,China,Xinjiang,Yarkant,Surging glacier,Unknown,Unknown,,,3000.0,,,,,,,,,,,,,,,,,,,,,,,,,"(Zhang et al., 1990; Zhang, 1992)","Zhang, X., Li, N., You, X., Wang, W., 1990. The Researches of Glacier Lake Outburst Floods of the Yarkant River in Xinjiang. Science in China Series B-Chemistry, Life Sciences & Earth Sciences 33 (8), 1014–1024; Zhang, X., 1992. Investigation of glacier bursts of the Yarkant River in Xinjiang, China. Annals of Glaciology 16, 135–139. https://doi.org/10.3189/1992AoG16-1-135-139",,"Unclear which of the glaciers in upper Shaksgam caused the flood, coordinates given are for Kyagar. Peak discharge measured at Kaqun",1917.0,exact,,,False,,False,,False,,False,,,,False,,False,False,['Unknown'],1,['Unknown'],1
81,1918,1918,,,Unnamed,Aksay,Not mapped,,G074556E42520N,42.528,74.5405,3637,42.552627,74.483331,2255.0,Deposit,Moraine dammed,N,Y,13_3,4,Kyrgyzstan,Chuy,Ala Archa,Unknown,Unknown,Unknown,,,,,,,,,,,,,,,,,,,,,,,,,,,,"(Zaginaev et al., 2019)","Zaginaev, V., Petrakov, D., Erokhin, S., Meleshko, A., Stoffel, M., Ballesteros-Cánovas, J.A., 2019. Geomorphic control on regional glacier lake outburst flood and debris flow activity over northern Tien Shan. Global and Planetary Change 176, 50–59. https://doi.org/10.1016/j.gloplacha.2019.03.003",,,1918.0,exact,,,False,,False,,False,,False,,,,False,,True,False,['Unknown'],1,['Unknown'],1
82,1921,1921,,,Lhonak (Ghunsa 1),Unnamed,Ephemeral,,G088040E27841N,27.829351,88.03762,5100,27.78989,88.03161,4760.0,Deposit,Supraglacial,Y,N,15_2,11,Nepal,Koshi,Tamor,Unknown,Unknown,Unknown,,,,,,,,,,,,,,,,,,,,,,,Destroyed farmlands,,,,,"(Byers et al., 2020)","Byers, A.C., Chand, M.B., Lala, J., Shrestha, M., Byers, E.A., Watanabe, T., 2020. Reconstructing the History of Glacial Lake Outburst Floods (GLOF) in the Kanchenjunga Conservation Area, East Nepal: An Interdisciplinary Approach. Sustainability 12, 5407. https://doi.org/10.3390/su12135407",,,1921.0,exact,,,False,,False,,False,,False,,,,False,,False,True,['Unknown'],1,['Unknown'],1
83,1922,1922,,,Unnamed,Aksay,Not mapped,,G074556E42520N,42.528,74.5405,3637,42.552627,74.483331,2255.0,Deposit,Moraine dammed,N,Y,13_3,4,Kyrgyzstan,Chuy,Ala Archa,Unknown,Unknown,Unknown,,,,,,,,,,,,,,,,,,,,,,,,,,,,"(Zaginaev et al., 2019)","Zaginaev, V., Petrakov, D., Erokhin, S., Meleshko, A., Stoffel, M., Ballesteros-Cánovas, J.A., 2019. Geomorphic control on regional glacier lake outburst flood and debris flow activity over northern Tien Shan. Global and Planetary Change 176, 50–59. https://doi.org/10.1016/j.gloplacha.2019.03.003",,,1922.0,exact,,,False,,False,,False,,False,,,,False,,True,False,['Unknown'],1,['Unknown'],1
84,1922,1922,,,Khurdopin,Khurdopin,Ephemeral,,G075438E36192N,36.344239,75.474953,3482,,,,,Ice dammed,N,Y,14_2,9,Pakistan,Gilgit - Baltistan,Hunza,Surging glacier,Unknown,Subglacial tunnel,,,,,,,,,,,,,,,,,,,,,,,,,,,,"(Visser, Visser-Hooft and von Cvitkovi?, 1935; Kreutzmann, 1994; Iturrizaga, 2005b)","Visser, Ph. C, Jenny Visser-Hooft, and Josefine von Cvitkovi?. 1935. Wissenschaftliche ergebnisse der Niederländischen Expeditionen in den Karakorum und die angrenzenden gebiete in den jahren 1922, 1925 und 1929/30. Leipzig: In kommission bei F.A. Brockhaus.; Kreutzmann, H., 1994. Habitat conditions and settlement processes in the Hindukush Karakoram. Petermanns Geographische Mitteilungen 138, 337–356; Iturrizaga, L., 2005b. New observations on present and prehistorical glacier-dammed lakes in the Shimshal valley (Karakoram Mountains). Journal of Asian Earth Sciences 25, 545–555. https://doi.org/10.1016/j.jseaes.2004.04.011",,Loss of farms,1922.0,exact,,,False,,False,,False,,False,,,,False,,False,False,['Unknown'],1,['Subglacial tunnel'],1
85,1923,1923,,,Khurdopin,Khurdopin,Ephemeral,,G075438E36192N,36.344239,75.474953,3482,36.439939,75.311226,3062.0,Observation,Ice dammed,N,Y,14_2,9,Pakistan,Gilgit - Baltistan,Hunza,Surging glacier,Unknown,Subglacial tunnel,,,,,,,,,,,,,,,,,,,,,,,,,,,,"(Kreutzmann, 1994; Iturrizaga, 2005b; Hewitt and Liu, 2010)","Kreutzmann, H., 1994. Habitat conditions and settlement processes in the Hindukush Karakoram. Petermanns Geographische Mitteilungen 138, 337–356; Iturrizaga, L., 2005b. New observations on present and prehistorical glacier-dammed lakes in the Shimshal valley (Karakoram Mountains). Journal of Asian Earth Sciences 25, 545–555. https://doi.org/10.1016/j.jseaes.2004.04.011; Hewitt, K., Liu, J., 2010. Ice-Dammed Lakes and Outburst Floods, Karakoram Himalaya: Historical Perspectives on Emerging Threats. Physical Geography 31, 528–551. https://doi.org/10.2747/0272-3646.31.6.528",,Damages to bridges and farms at Shimshal,1923.0,exact,,,False,,False,,False,,False,,,,False,,False,False,['Unknown'],1,['Subglacial tunnel'],1
86,1924,1924,,,Unnamed,Aksay,Not mapped,,G074556E42520N,42.528,74.5405,3637,42.552627,74.483331,2255.0,Deposit,Moraine dammed,N,Y,13_3,4,Kyrgyzstan,Chuy,Ala Archa,Unknown,Unknown,Unknown,,,,,,,,,,,,,,,,,,,,,,,,,,,,"(Zaginaev et al., 2019)","Zaginaev, V., Petrakov, D., Erokhin, S., Meleshko, A., Stoffel, M., Ballesteros-Cánovas, J.A., 2019. Geomorphic control on regional glacier lake outburst flood and debris flow activity over northern Tien Shan. Global and Planetary Change 176, 50–59. https://doi.org/10.1016/j.gloplacha.2019.03.003",,,1924.0,exact,,,False,,False,,False,,False,,,,False,,True,False,['Unknown'],1,['Unknown'],1
87,1926,1926,,,Khurdopin,Khurdopin,Ephemeral,,G075438E36192N,36.344239,75.474953,3482,,,,,Ice dammed,N,Y,14_2,9,Pakistan,Gilgit - Baltistan,Hunza,Surging glacier,Unknown,Subglacial tunnel,,,,,,,,,,,,,,,,,,,,,,,,,,,,"(Visser-Hooft, 1926; Mason, 1935; Bazai et al., 2021)","Visser-Hooft, J., 1926. Among the Kara-Korum Glaciers in 1925. Edward Arnold, London; Mason, K., 1935. The Study of Threatening Glaciers. The Geographical Journal 85, 24–35. https://doi.org/10.2307/1787033; Bazai, N.A., Cui, P., Carling, P.A., Wang, H., Hassan, J., Liu, D., Zhang, G., Jin, W., 2021. Increasing glacial lake outburst flood hazard in response to surge glaciers in the Karakoram. Earth-Science Reviews 212, 103432. https://doi.org/10.1016/j.earscirev.2020.103432",,Damaged bridges and farmland,1926.0,exact,,,False,,False,,False,,False,,,,False,,False,False,['Unknown'],1,['Subglacial tunnel'],1
88,1926,1926,,,Kyagar,Kyagar,GL077181E35675N,"2, 3, 4",G077158E35562N,35.677371,77.190788,4880,,,,,Ice dammed,N,Y,14_2,9,China,Xinjiang,Yarkant,Surging glacier,Unknown,Unknown,,,,,,,,,,,,,,,,,,,,,,,,,,,,"(Mason, 1929a; Bazai et al., 2021)","Mason, K., 1929a. Indus floods and Shyok glaciers. Himalayan Journal 1, 10–29; Bazai, N.A., Cui, P., Carling, P.A., Wang, H., Hassan, J., Liu, D., Zhang, G., Jin, W., 2021. Increasing glacial lake outburst flood hazard in response to surge glaciers in the Karakoram. Earth-Science Reviews 212, 103432. https://doi.org/10.1016/j.earscirev.2020.103432",,,1926.0,exact,,,False,,False,,False,,False,,,,False,,False,False,['Unknown'],1,['Unknown'],1
89,1926,1926,,,Unknown,Chong Kumden,Ephemeral,,G077657E35156N,35.172,77.702,4691,33.773033,72.23978,260.0,Observation,Ice dammed,Y,Y,14_2,9,India,Jammu and Kashmir,Shyok,Surging glacier,Unknown,Unknown,,,,,,,,,,,,,,,,,,,,,,,,,,,,"(Mason, 1935; Bazai et al., 2021)","Mason, K., 1935. The Study of Threatening Glaciers. The Geographical Journal 85, 24–35. https://doi.org/10.2307/1787033; Bazai, N.A., Cui, P., Carling, P.A., Wang, H., Hassan, J., Liu, D., Zhang, G., Jin, W., 2021. Increasing glacial lake outburst flood hazard in response to surge glaciers in the Karakoram. Earth-Science Reviews 212, 103432. https://doi.org/10.1016/j.earscirev.2020.103432",,Great flood damage and at Attock. 16 ft. rise on O.S.R. and complete blockage of Shyok river and impounding a lake upstream; this lake emptied in October 1926 with catastrophic effects.,1926.0,exact,,,False,,False,,False,,False,,,,False,,True,False,['Unknown'],1,['Unknown'],1
90,1927,1927,,,Unknown,Koz-Yaz,Ephemeral,,G074132E36737N,36.818,74.158,3979,36.838951,74.263141,3540.0,Observation,Unknown,N,Y,14_2,9,Pakistan,Gilgit - Baltistan,Hunza,Unknown,Unknown,Unknown,,,,,,,,,,,,,,,,,,,,,,,,,,,,"(Morris, 1928; Hewitt, 1968)","Morris, C.J., 1928. Some Valleys and Glaciers in Hunza. The Geographical Journal 71, 513–531. https://doi.org/10.2307/1783172; Hewitt, K., 1968. Studies in the geomorphology of the mountain regions of the Upper Indus basin. University of London",,Serious floods of local extent. Massive sediment movement,1927.0,exact,,,False,,False,,False,,False,,,,False,,True,False,['Unknown'],1,['Unknown'],1
91,1927,1927,6.0,,Khurdopin,Khurdopin,Ephemeral,,G075438E36192N,36.344239,75.474953,3482,36.439939,75.311226,3062.0,Observation,Ice dammed,N,Y,14_2,9,Pakistan,Gilgit - Baltistan,Hunza,Surging glacier,Unknown,Subglacial tunnel,,,,,,,,,,,,,,,,,,,,,,,,,,,,"(Iturrizaga, 2005b; Hewitt and Liu, 2010)","Iturrizaga, L., 2005b. New observations on present and prehistorical glacier-dammed lakes in the Shimshal valley (Karakoram Mountains). Journal of Asian Earth Sciences 25, 545–555. https://doi.org/10.1016/j.jseaes.2004.04.011; ; Hewitt, K., Liu, J., 2010. Ice-Dammed Lakes and Outburst Floods, Karakoram Himalaya: Historical Perspectives on Emerging Threats. Physical Geography 31, 528–551. https://doi.org/10.2747/0272-3646.31.6.528",,"In the Shimshal valley, one of the glacier lakes burst during 1927 causing extensive flooding in the valley. Visser (1926) predicted this occurrence, when he examined these lakes, though the consequences were not so catastrophe as was predicted.",1927.0,exact,,,False,,False,,False,,False,,,,False,,False,False,['Unknown'],1,['Subglacial tunnel'],1
92,1927,1927,8.0,8.0,Lake number 2,Central Tuyuksu,GL077075E43064N,"2,3",G077081E43044N,43.065,77.076,3374,,,,Deposit,Moraine dammed,N,Y,13_3,4,Kazakhstan,Almaty,Ily-Balkhash-Alakol,Unknown,Unknown,Unknown,,,,,,,,,,,,,,,,,,,,,,,,,,,,"(Shahgedanova et al., 2024)","Shahgedanova, M., Saidaliyeva, Z., Mussina, A. et al. Debris flows in the northern Tien Shan, Central Asia: regional database, meteorological triggers, and trends. npj Nat. Hazards 1, 49 (2024). https://doi.org/10.1038/s44304-024-00050-7",,,1927.0,exact,1927-08-08,,False,,False,,False,,False,,,,False,,False,False,['Unknown'],1,['Unknown'],1
93,1928,1928,,,Unknown,Koz-Yaz,Ephemeral,,G074132E36737N,36.818,74.158,3879,36.838951,74.263141,3540.0,Observation,Unknown,N,Y,14_2,9,Pakistan,Gilgit - Baltistan,Hunza,Unknown,Unknown,Unknown,,,,,,,,,,,,,,,,,,,,,,,,,,,,"(Hewitt, 1968)","Hewitt, K., 1968. Studies in the geomorphology of the mountain regions of the Upper Indus basin. University of London",,"The exact glacier isn't mentioned, however since one year earlier that same glacier already had a reported flood, chances are high it is the same",1928.0,exact,,,False,,False,,False,,False,,,,False,,True,False,['Unknown'],1,['Unknown'],1
94,1928,1928,,,Unnamed,Topkaragay,GL074519E42490N,3,G074547E42486N,42.488,74.523,3680,42.58,74.481,2015.0,Deposit,Moraine dammed,N,Y,13_3,4,Kyrgyzstan,Chuy,Ala Archa,Unknown,Unknown,Unknown,,,,,,,,,,,,,,,,,,,,,,,,,,,,"(Zaginaev et al., 2019)","Zaginaev, V., Petrakov, D., Erokhin, S., Meleshko, A., Stoffel, M., Ballesteros-Cánovas, J.A., 2019. Geomorphic control on regional glacier lake outburst flood and debris flow activity over northern Tien Shan. Global and Planetary Change 176, 50–59. https://doi.org/10.1016/j.gloplacha.2019.03.003",,,1928.0,exact,,,False,,False,,False,,False,,,,False,,True,False,['Unknown'],1,['Unknown'],1
95,1928,1928,,,Unnamed,Aksay,Not mapped,,G074556E42520N,42.528,74.5405,3637,42.552627,74.483331,2255.0,Deposit,Moraine dammed,N,Y,13_3,4,Kyrgyzstan,Chuy,Ala Archa,Unknown,Unknown,Unknown,,,,,,,,,,,,,,,,,,,,,,,,,,,,"(Zaginaev et al., 2019)","Zaginaev, V., Petrakov, D., Erokhin, S., Meleshko, A., Stoffel, M., Ballesteros-Cánovas, J.A., 2019. Geomorphic control on regional glacier lake outburst flood and debris flow activity over northern Tien Shan. Global and Planetary Change 176, 50–59. https://doi.org/10.1016/j.gloplacha.2019.03.003",,,1928.0,exact,,,False,,False,,False,,False,,,,False,,True,False,['Unknown'],1,['Unknown'],1
96,1928,1928,,,Unknown,Kuturgansuu,Ephemeral,,G074608E42515N,42.522,74.609,3470,42.535,74.658,2170.0,Deposit,Moraine dammed,N,Y,13_3,4,Kyrgyzstan,Chuy,Alamedin,Unknown,Unknown,Unknown,,,,,,,,,,,,,,,,,,,,,,,,,,,,"(Zaginaev et al., 2019)","Zaginaev, V., Petrakov, D., Erokhin, S., Meleshko, A., Stoffel, M., Ballesteros-Cánovas, J.A., 2019. Geomorphic control on regional glacier lake outburst flood and debris flow activity over northern Tien Shan. Global and Planetary Change 176, 50–59. https://doi.org/10.1016/j.gloplacha.2019.03.003",,,1928.0,exact,,,False,,False,,False,,False,,,,False,,True,False,['Unknown'],1,['Unknown'],1
97,1929,1929,,,Karambar,Karambar,GL074079E36622N,"2, 4",G074224E36616N,36.6214,74.07906,2935,,,,,Ice dammed,N,Y,14_2,9,Pakistan,Gilgit - Baltistan,Gilgit,Unknown,Unknown,Unknown,,,,,,,,,,,,,,,,,,,,,,,,,,,,"(Iturrizaga, 2005a)","Iturrizaga, L., 2005a. Historical glacier-dammed lakes and outburst floods in the Karambar valley (Hindukush-Karakoram). GeoJournal 63, 1–47. https://doi.org/10.1007/s10708-005-2395-x",,,1929.0,exact,,,False,,False,,False,,False,,,,False,,False,False,['Unknown'],1,['Unknown'],1
98,1929,1929,,,Unknown,Gasherbrum,Ephemeral,,G076615E35806N,35.899,76.764,4240,,,,,Ice dammed,N,Y,14_2,9,China,Xinjiang,Shaksgam,Surging glacier,Unknown,Unknown,,,,,,,,,,,,,,,,,,,,,,,,,,,,"(Desio, 1930; Feng, 1991; Bazai et al., 2021)","Desio, A., 1930. Geological Work of the Italian Expedition to the Karakoram. The Geographical Journal 75, 402–411. https://doi.org/10.2307/1785282; Feng, Q., 1991. Characteristics of glacier outburst flood in the Yarkant river, Karakorum mountains. GeoJournal 25, 255–263. https://doi.org/10.1007/BF02682195; Bazai, N.A., Cui, P., Carling, P.A., Wang, H., Hassan, J., Liu, D., Zhang, G., Jin, W., 2021. Increasing glacial lake outburst flood hazard in response to surge glaciers in the Karakoram. Earth-Science Reviews 212, 103432. https://doi.org/10.1016/j.earscirev.2020.103432",,"Gasherbrum glacier advanced to the cliff on the right slope of the main river valley, the water was forced to flow underneath the glacier and, meanwhile, a deep pond was formed",1929.0,exact,,,False,,False,,False,,False,,,,False,,True,False,['Unknown'],1,['Unknown'],1
99,1929,1929,,,Unknown,Singhku,Ephemeral,,G077045E35613N,35.719,77.009,4520,,,,,Ice dammed,N,N,14_2,9,China,Xinjiang,Shaksgam,Surging glacier,Unknown,Unknown,,,,,,,,,,,,,,,,,,,,,,,,,,,,"(Desio, 1930; Feng, 1991; Bazai et al., 2021)","Desio, A., 1930. Geological Work of the Italian Expedition to the Karakoram. The Geographical Journal 75, 402–411. https://doi.org/10.2307/1785282; Feng, Q., 1991. Characteristics of glacier outburst flood in the Yarkant river, Karakorum mountains. GeoJournal 25, 255–263. https://doi.org/10.1007/BF02682195; Bazai, N.A., Cui, P., Carling, P.A., Wang, H., Hassan, J., Liu, D., Zhang, G., Jin, W., 2021. Increasing glacial lake outburst flood hazard in response to surge glaciers in the Karakoram. Earth-Science Reviews 212, 103432. https://doi.org/10.1016/j.earscirev.2020.103432",,,1929.0,exact,,,False,,False,,False,,False,,,,False,,True,False,['Unknown'],1,['Unknown'],1
100,1929,1929,8.0,15.0,Unknown,Chong Kumden,Ephemeral,,G077657E35156N,35.172,77.702,4691,,,,,Ice dammed,Y,Y,14_2,9,India,Jammu and Kashmir,Shyok,Surging glacier,Unknown,Unknown,,1350300000.0,7100.0,,,,,,,,,,,,,,,,,,,,,,,,,"(Mason, 1935; Bazai et al., 2021)","Mason, K., 1935. The Study of Threatening Glaciers. The Geographical Journal 85, 24–35. https://doi.org/10.2307/1787033; Bazai, N.A., Cui, P., Carling, P.A., Wang, H., Hassan, J., Liu, D., Zhang, G., Jin, W., 2021. Increasing glacial lake outburst flood hazard in response to surge glaciers in the Karakoram. Earth-Science Reviews 212, 103432. https://doi.org/10.1016/j.earscirev.2020.103432",,"Mason (1935) reported that in the winter of 1926 the dam reformed and impounded another lake; this emptied on 16th August 1929. With total volume of 1.5x109 m3, depth 120m length 16km and width 1.6km",1929.0,exact,1929-08-15,,False,,False,,False,,False,,,,False,,True,False,['Unknown'],1,['Unknown'],1
101,1931,1931,9.0,19.0,Merzbacher,Southern Inylshek,GL079841E42200N,2,G080193E42063N,42.196,79.847,3271,,,,,Ice dammed,N,Y,13_3,3,Kyrgyzstan,Issyk-Kul,Inylchek,Unknown,Unknown,Subglacial tunnel,,,,,,,,,,,,,,,,,,,,,,,,,,,,"(Glazirin, 2010)","Glazirin, G., 2010. A century of investigations on outbursts of the ice-dammed lake merzbacher (Central Tien Shan). Austrian Journal of Earth Sciences 103, 171–179.",,,1931.0,exact,1931-09-19,,False,,False,,False,,False,,,,False,,False,False,['Unknown'],1,['Subglacial tunnel'],1
102,1931,1931,6.0,,Lulang,Unnamed,GL096227E29742N,"3,4",G096229E29737N,29.741,96.226,4880,,,,,Moraine dammed,N,N,15_3,18,China,TAR,Yigong Zangbo,Unknown,Ice avalanche,Unknown,,,,,,,,,,,,,,,,,,,,,,,,,,,,"(Cui et al., 2010)","Cui, P., Dang, C., Cheng, Z., Scott, K.M., 2010. Debris Flows Resulting From Glacial-Lake Outburst Floods in Tibet, China. Physical Geography 31, 508–527. https://doi.org/10.2747/0272-3646.31.6.508",,,1931.0,exact,,,False,,False,,False,,False,,,,False,,False,True,['Ice avalanche'],1,['Unknown'],1
103,1932,1932,7.0,12.0,Unknown,Chong Kumden,Ephemeral,,G077657E35156N,35.172,77.702,4691,33.773033,72.23978,260.0,Observation,Ice dammed,Y,Y,14_2,9,India,Jammu and Kashmir,Shyok,Surging glacier,Unknown,Unknown,,,17400.0,,,,,,,,,,,,,,,,,,,,,,,,,"(Mason, 1930, 1935; Feng, 1991; Bazai et al., 2021)","Mason, K., 1930. The Shyok flood-a commentary. Himalayan Journal 2, 40–47; Mason, K., 1935. The Study of Threatening Glaciers. The Geographical Journal 85, 24–35. https://doi.org/10.2307/1787033; Feng, Q., 1991. Characteristics of glacier outburst flood in the Yarkant river, Karakorum mountains. GeoJournal 25, 255–263. https://doi.org/10.1007/BF02682195; Bazai, N.A., Cui, P., Carling, P.A., Wang, H., Hassan, J., Liu, D., Zhang, G., Jin, W., 2021. Increasing glacial lake outburst flood hazard in response to surge glaciers in the Karakoram. Earth-Science Reviews 212, 103432. https://doi.org/10.1016/j.earscirev.2020.103432",,"Smaller than 1929. Considerable erosion. Rise of 17 ft., July 12-13 from 407.000 to 614.000 cfs (O.S.R.)",1932.0,exact,1932-07-12,,False,,False,,False,,False,,,,False,,True,False,['Unknown'],1,['Unknown'],1
104,1932,1932,9.0,12.0,Merzbacher,Southern Inylshek,GL079841E42200N,2,G080193E42063N,42.196,79.847,3271,,,,,Ice dammed,N,Y,13_3,3,Kyrgyzstan,Issyk-Kul,Inylchek,Unknown,Unknown,Subglacial tunnel,,,,,,,,,,,,,,,,,,,,,,,,,,,,"(Glazirin, 2010)","Glazirin, G., 2010. A century of investigations on outbursts of the ice-dammed lake merzbacher (Central Tien Shan). Austrian Journal of Earth Sciences 103, 171–179.",,,1932.0,exact,1932-09-12,,False,,False,,False,,False,,,,False,,False,False,['Unknown'],1,['Subglacial tunnel'],1
105,1933,1933,8.0,27.0,Unknown,Chong Kumden,Ephemeral,,G077657E35156N,35.172,77.702,4691,33.773033,72.23978,260.0,Observation,Ice dammed,Y,Y,14_2,9,India,Jammu and Kashmir,Shyok,Surging glacier,Unknown,Unknown,,,,,,,,,,,,,,,,,,,,,,,,,,,,"(Mason, 1935; Bazai et al., 2021)","Mason, K., 1935. The Study of Threatening Glaciers. The Geographical Journal 85, 24–35. https://doi.org/10.2307/1787033; Bazai, N.A., Cui, P., Carling, P.A., Wang, H., Hassan, J., Liu, D., Zhang, G., Jin, W., 2021. Increasing glacial lake outburst flood hazard in response to surge glaciers in the Karakoram. Earth-Science Reviews 212, 103432. https://doi.org/10.1016/j.earscirev.2020.103432",,"Mason reported smaller proportions, Rise of 12 ft, Aug. 29-30",1933.0,exact,1933-08-27,,False,,False,,False,,False,,,,False,,True,False,['Unknown'],1,['Unknown'],1
106,1933,1933,8.0,,Merzbacher,Southern Inylshek,GL079841E42200N,2,G080193E42063N,42.196,79.847,3271,,,,,Ice dammed,N,Y,13_3,3,Kyrgyzstan,Issyk-Kul,Inylchek,Unknown,Unknown,Subglacial tunnel,,,,,,,,,,,,,,,,,,,,,,,,,,,,"(Glazirin, 2010)","Glazirin, G., 2010. A century of investigations on outbursts of the ice-dammed lake merzbacher (Central Tien Shan). Austrian Journal of Earth Sciences 103, 171–179.",,,1933.0,exact,,,False,,False,,False,,False,,,,False,,False,False,['Unknown'],1,['Subglacial tunnel'],1
107,1934,1934,,,Unnamed,Teztor,Not mapped,,G074417E42535N,42.5366,74.4273,3606,42.58,74.481,2015.0,Deposit,Moraine dammed,N,Y,13_3,4,Kyrgyzstan,Chuy,Sokuluk,Unknown,Unknown,Unknown,,,,,,,,,,,,,,,,,,,,,,,,,,,,"(Zaginaev et al., 2019)","Zaginaev, V., Petrakov, D., Erokhin, S., Meleshko, A., Stoffel, M., Ballesteros-Cánovas, J.A., 2019. Geomorphic control on regional glacier lake outburst flood and debris flow activity over northern Tien Shan. Global and Planetary Change 176, 50–59. https://doi.org/10.1016/j.gloplacha.2019.03.003",,,1934.0,exact,,,False,,False,,False,,False,,,,False,,True,False,['Unknown'],1,['Unknown'],1
108,1934,1934,,,Unnamed,Aksay,Not mapped,,G074556E42520N,42.528,74.5405,3637,42.552627,74.483331,2255.0,Deposit,Moraine dammed,N,Y,13_3,4,Kyrgyzstan,Chuy,Ala Archa,Unknown,Unknown,Unknown,,,,,,,,,,,,,,,,,,,,,,,,,,,,"(Zaginaev et al., 2019)","Zaginaev, V., Petrakov, D., Erokhin, S., Meleshko, A., Stoffel, M., Ballesteros-Cánovas, J.A., 2019. Geomorphic control on regional glacier lake outburst flood and debris flow activity over northern Tien Shan. Global and Planetary Change 176, 50–59. https://doi.org/10.1016/j.gloplacha.2019.03.003",,,1934.0,exact,,,False,,False,,False,,False,,,,False,,True,False,['Unknown'],1,['Unknown'],1
109,1934,1934,,,Unknown,Chong Kumden,Ephemeral,,G077657E35156N,35.172,77.702,4691,34.131449,77.478455,3180.0,Observation,Ice dammed,Y,Y,14_2,9,India,Jammu and Kashmir,Shyok,Surging glacier,Unknown,Unknown,,,,,,,,,,,,,,,,,,,,,,,,,,,,"(Hewitt and Liu, 2010; Bazai et al., 2021)","Hewitt, K., Liu, J., 2010. Ice-Dammed Lakes and Outburst Floods, Karakoram Himalaya: Historical Perspectives on Emerging Threats. Physical Geography 31, 528–551. https://doi.org/10.2747/0272-3646.31.6.528; Bazai, N.A., Cui, P., Carling, P.A., Wang, H., Hassan, J., Liu, D., Zhang, G., Jin, W., 2021. Increasing glacial lake outburst flood hazard in response to surge glaciers in the Karakoram. Earth-Science Reviews 212, 103432. https://doi.org/10.1016/j.earscirev.2020.103432",,"Mr. T. Durji, the sub-overseer at Leh, reported information regarding the condition of the Chong Kumdan dam in 1934. A minor flood, according to the Saser Brangsa river-guard, occurred during the year 1934. The total volume of the flood was less than half that of 1933, and that of 1933 was not of dangerous dimensions.",1934.0,exact,,,False,,False,,False,,False,,,,False,,True,False,['Unknown'],1,['Unknown'],1
110,1935,1935,8.0,28.0,Tara Co,Unnamed,GL086131E28294N,"2, 3, 4",G086136E28280N,28.295,86.132,5252,28.453,86.176,4550.0,Observation,Moraine dammed,Y,N,15_2,11,China,TAR,Poiqu,Unknown,Ice avalanche,Dam piping,200000.0,2100000.0,1036.0,,,,,,,,,,,,,,,,,,,,,66700.0,,,,"(Mool, Bajracharya and Joshi, 2001; Cui et al. 2010; Ives, Shrestha and Mool, 2010; ICIMOD, 2011; Veh et al., 2019)","Mool, P.K., Bajracharya, S.R., Joshi, S.P., 2001. Inventory of Glaciers, Glacial Lakes and Glacial Lake Outburst Floods. ICIMOD, Kathmandu, Nepal; Cui, P., Dang, C., Cheng, Z., Scott, K.M., 2010. Debris Flows Resulting From Glacial-Lake Outburst Floods in Tibet, China. Physical Geography 31, 508–527. https://doi.org/10.2747/0272-3646.31.6.508; Ives, J.D., Shrestha, R.B., Mool, P.K., 2010. Formation of Glacial Lakes in the Hindu Kush-Himalayas and GLOF Risk Assessment. ICIMOD, Kathmandu, Nepal; ICIMOD, 2011. Glacial Lakes and Glacial Lake Outburst Floods in Nepal. ICIMOD; Veh, G., Korup, O., von Specht, S., Roessner, S., Walz, A., 2019. Unchanged frequency of moraine-dammed glacial lake outburst floods in the Himalaya. Nature Climate Change 9, 379–383. https://doi.org/10.1038/s41558-019-0437-5",,,1935.0,exact,1935-08-28,,False,+,True,,False,,False,,,,False,,False,True,['Ice avalanche'],1,['Dam piping'],1
111,1935,1935,9.0,,Merzbacher,Southern Inylshek,GL079841E42200N,2,G080193E42063N,42.196,79.847,3271,,,,,Ice dammed,N,Y,13_3,3,Kyrgyzstan,Issyk-Kul,Inylchek,Unknown,Unknown,Subglacial tunnel,,,,,,,,,,,,,,,,,,,,,,,,,,,,"(Glazirin, 2010)","Glazirin, G., 2010. A century of investigations on outbursts of the ice-dammed lake merzbacher (Central Tien Shan). Austrian Journal of Earth Sciences 103, 171–179.",,,1935.0,exact,,,False,,False,,False,,False,,,,False,,False,False,['Unknown'],1,['Subglacial tunnel'],1
112,1936,1936,,,Unnamed,Aksay,Not mapped,,G074556E42520N,42.528,74.5405,3637,42.552627,74.483331,2255.0,Deposit,Moraine dammed,N,Y,13_3,4,Kyrgyzstan,Chuy,Ala Archa,Unknown,Unknown,Unknown,,,,,,,,,,,,,,,,,,,,,,,,,,,,"(Zaginaev et al., 2019)","Zaginaev, V., Petrakov, D., Erokhin, S., Meleshko, A., Stoffel, M., Ballesteros-Cánovas, J.A., 2019. Geomorphic control on regional glacier lake outburst flood and debris flow activity over northern Tien Shan. Global and Planetary Change 176, 50–59. https://doi.org/10.1016/j.gloplacha.2019.03.003",,,1936.0,exact,,,False,,False,,False,,False,,,,False,,True,False,['Unknown'],1,['Unknown'],1
113,1936,1936,10.0,,Merzbacher,Southern Inylshek,GL079841E42200N,2,G080193E42063N,42.196,79.847,3271,,,,,Ice dammed,N,Y,13_3,3,Kyrgyzstan,Issyk-Kul,Inylchek,Unknown,Unknown,Subglacial tunnel,,,,,,,,,,,,,,,,,,,,,,,,,,,,"(Glazirin, 2010)","Glazirin, G., 2010. A century of investigations on outbursts of the ice-dammed lake merzbacher (Central Tien Shan). Austrian Journal of Earth Sciences 103, 171–179.",,,1936.0,exact,,,False,,False,,False,,False,,,,False,,False,False,['Unknown'],1,['Subglacial tunnel'],1
114,1937,1937,7.0,,Kyagar,Kyagar,GL077181E35675N,"2, 3, 4",G077158E35562N,35.677371,77.190788,4880,37.982034,76.877846,1450.0,Observation,Ice dammed,N,Y,14_2,9,China,Xinjiang,Yarkant,Surging glacier,Unknown,Unknown,,,5250.0,,,,,,,,,,,,,,,,,,,,,,,,,"(Zhang et al., 1990; Zhang, 1992)","Zhang, X., Li, N., You, X., Wang, W., 1990. The Researches of Glacier Lake Outburst Floods of the Yarkant River in Xinjiang. Science in China Series B-Chemistry, Life Sciences & Earth Sciences 33 (8), 1014–1024; Zhang, X., 1992. Investigation of glacier bursts of the Yarkant River in Xinjiang, China. Annals of Glaciology 16, 135–139. https://doi.org/10.3189/1992AoG16-1-135-139",,"Unclear which of the glaciers in upper Shaksgam caused the flood, coordinates given are for Kyagar. Peak discharge measured at Kaqun",1937.0,exact,,,False,,False,,False,,False,,,,False,,False,False,['Unknown'],1,['Unknown'],1
115,1937,1937,10.0,,Merzbacher,Southern Inylshek,GL079841E42200N,2,G080193E42063N,42.196,79.847,3271,,,,,Ice dammed,N,Y,13_3,3,Kyrgyzstan,Issyk-Kul,Inylchek,Unknown,Unknown,Subglacial tunnel,,,,,,,,,,,,,,,,,,,,,,,,,,,,"(Glazirin, 2010)","Glazirin, G., 2010. A century of investigations on outbursts of the ice-dammed lake merzbacher (Central Tien Shan). Austrian Journal of Earth Sciences 103, 171–179.",,,1937.0,exact,,,False,,False,,False,,False,,,,False,,False,False,['Unknown'],1,['Subglacial tunnel'],1
116,1938,1938,,,Unknown,Salyk,Ephemeral,,G074719E42495N,42.518,74.717,3390,42.561,74.663,2005.0,Deposit,Moraine dammed,N,Y,13_3,4,Kyrgyzstan,Chuy,Ysyk-Ata,Unknown,Unknown,Unknown,,,,,,,,,,,,,,,,,,,,,,,,,,,,"(Zaginaev et al., 2019)","Zaginaev, V., Petrakov, D., Erokhin, S., Meleshko, A., Stoffel, M., Ballesteros-Cánovas, J.A., 2019. Geomorphic control on regional glacier lake outburst flood and debris flow activity over northern Tien Shan. Global and Planetary Change 176, 50–59. https://doi.org/10.1016/j.gloplacha.2019.03.003",,,1938.0,exact,,,False,,False,,False,,False,,,,False,,True,False,['Unknown'],1,['Unknown'],1
117,1938,1938,10.0,,Merzbacher,Southern Inylshek,GL079841E42200N,2,G080193E42063N,42.196,79.847,3271,,,,,Ice dammed,N,Y,13_3,3,Kyrgyzstan,Issyk-Kul,Inylchek,Unknown,Unknown,Subglacial tunnel,,,,,,,,,,,,,,,,,,,,,,,,,,,,"(Glazirin, 2010)","Glazirin, G., 2010. A century of investigations on outbursts of the ice-dammed lake merzbacher (Central Tien Shan). Austrian Journal of Earth Sciences 103, 171–179.",,,1938.0,exact,,,False,,False,,False,,False,,,,False,,False,False,['Unknown'],1,['Subglacial tunnel'],1
118,1939,1939,8.0,1.0,Merzbacher,Southern Inylshek,GL079841E42200N,2,G080193E42063N,42.196,79.847,3271,,,,,Ice dammed,N,Y,13_3,3,Kyrgyzstan,Issyk-Kul,Inylchek,Unknown,Unknown,Subglacial tunnel,,,,,,,,,,,,,,,,,,,,,,,,,,,,"(Glazirin, 2010)","Glazirin, G., 2010. A century of investigations on outbursts of the ice-dammed lake merzbacher (Central Tien Shan). Austrian Journal of Earth Sciences 103, 171–179.",,,1939.0,exact,1939-08-01,,False,,False,,False,,False,,,,False,,False,False,['Unknown'],1,['Subglacial tunnel'],1
119,1940,1940,10.0,,Merzbacher,Southern Inylshek,GL079841E42200N,2,G080193E42063N,42.196,79.847,3271,,,,,Ice dammed,N,Y,13_3,3,Kyrgyzstan,Issyk-Kul,Inylchek,Unknown,Unknown,Subglacial tunnel,,,,,,,,,,,,,,,,,,,,,,,,,,,,"(Glazirin, 2010)","Glazirin, G., 2010. A century of investigations on outbursts of the ice-dammed lake merzbacher (Central Tien Shan). Austrian Journal of Earth Sciences 103, 171–179.",,,1940.0,exact,,,False,,False,,False,,False,,,,False,,False,False,['Unknown'],1,['Subglacial tunnel'],1
120,1940,1940,7.0,10.0,Qiongbixiama Co,Unnamed,GL088915E27849N,"2, 3, 4",G088895E27865N,27.85,88.915,4767,27.727,88.968,3849.0,Deposit,Moraine dammed,Y,N,15_2,12,China,TAR,Amo Chhu,Unknown,Ice avalanche,Unknown,,,,,,,,,,,,,,,,,,,,,,,Street and buildings,,,,,"(Wang et al., 2012; Chen et al., 2013; Veh et al., 2019)","Wang, X., Liu, S., Ding, Y., Guo, W., Jiang, Z., Lin, J., Han, Y., 2012. An approach for estimating the breach probabilities of moraine-dammed lakes in the Chinese Himalayas using remote-sensing data. Natural Hazards and Earth System Sciences 12, 3109–3122; Chen, N.S., Hu, G.S., Deng, W., Khanal, N., Zhu, Y.H., Han, D., 2013. On the water hazards in the trans-boundary Kosi River basin. Natural Hazards and Earth System Sciences 13, 795–808. https://doi.org/10.5194/nhess-13-795-2013; Veh, G., Korup, O., von Specht, S., Roessner, S., Walz, A., 2019. Unchanged frequency of moraine-dammed glacial lake outburst floods in the Himalaya. Nature Climate Change 9, 379–383. https://doi.org/10.1038/s41558-019-0437-5",,,1940.0,exact,1940-07-10,,False,,False,,False,,False,,,,False,,False,True,['Ice avalanche'],1,['Unknown'],1
121,1941,1941,,,Unnamed,Aksay,Not mapped,,G074556E42520N,42.528,74.5405,3637,42.552627,74.483331,2255.0,Deposit,Moraine dammed,N,Y,13_3,4,Kyrgyzstan,Chuy,Ala Archa,Unknown,Unknown,Unknown,,,,,,,,,,,,,,,,,,,,,,,,,,,,"(Zaginaev et al., 2019)","Zaginaev, V., Petrakov, D., Erokhin, S., Meleshko, A., Stoffel, M., Ballesteros-Cánovas, J.A., 2019. Geomorphic control on regional glacier lake outburst flood and debris flow activity over northern Tien Shan. Global and Planetary Change 176, 50–59. https://doi.org/10.1016/j.gloplacha.2019.03.003",,,1941.0,exact,,,False,,False,,False,,False,,,,False,,True,False,['Unknown'],1,['Unknown'],1
122,1941,1941,,,Khurdopin,Khurdopin,Ephemeral,,G075438E36192N,36.344239,75.474953,3482,36.463012,74.901382,2450.0,Observation,Ice dammed,N,Y,14_2,9,Pakistan,Gilgit - Baltistan,Hunza,Surging glacier,Unknown,Subglacial tunnel,,,,,,,,,,,,,,,,,,,,,,,Damage to terraces at Pasu,,,,,"(Charles, 1985; Kreutzmann, 1994; Iturrizaga, 2005b)","Charles, C., 1985. La Valle de Hunza, Karakorum - Pakistan - Milieu Naturel, Amenagement traditionel et mutations recentes dans une vallee aride du Nord-Ouest de L’Ensemble Himalayen. Université Joseph Fourier, Grenoble, France, Grenoble; Kreutzmann, H., 1994. Habitat conditions and settlement processes in the Hindukush Karakoram; Petermanns Geographische Mitteilungen 138, 337–356; Iturrizaga, L., 2005b. New observations on present and prehistorical glacier-dammed lakes in the Shimshal valley (Karakoram Mountains). Journal of Asian Earth Sciences 25, 545–555. https://doi.org/10.1016/j.jseaes.2004.04.011",,Damage to terraces at Pasu,1941.0,exact,,,False,,False,,False,,False,,,,False,,False,False,['Unknown'],1,['Subglacial tunnel'],1
123,1941,1941,10.0,,Merzbacher,Southern Inylshek,GL079841E42200N,2,G080193E42063N,42.196,79.847,3271,,,,,Ice dammed,N,Y,13_3,3,Kyrgyzstan,Issyk-Kul,Inylchek,Unknown,Unknown,Subglacial tunnel,,,,,,,,,,,,,,,,,,,,,,,,,,,,"(Glazirin, 2010)","Glazirin, G., 2010. A century of investigations on outbursts of the ice-dammed lake merzbacher (Central Tien Shan). Austrian Journal of Earth Sciences 103, 171–179.",,,1941.0,exact,,,False,,False,,False,,False,,,,False,,False,False,['Unknown'],1,['Subglacial tunnel'],1
124,1942,1942,10.0,,Merzbacher,Southern Inylshek,GL079841E42200N,2,G080193E42063N,42.196,79.847,3271,,,,,Ice dammed,N,Y,13_3,3,Kyrgyzstan,Issyk-Kul,Inylchek,Unknown,Unknown,Subglacial tunnel,,,,,,,,,,,,,,,,,,,,,,,,,,,,"(Glazirin, 2010)","Glazirin, G., 2010. A century of investigations on outbursts of the ice-dammed lake merzbacher (Central Tien Shan). Austrian Journal of Earth Sciences 103, 171–179.",,,1942.0,exact,,,False,,False,,False,,False,,,,False,,False,False,['Unknown'],1,['Subglacial tunnel'],1
125,1943,1943,,,Unnamed,Aksay,Not mapped,,G074556E42520N,42.528,74.5405,3637,42.552627,74.483331,2255.0,Deposit,Moraine dammed,N,Y,13_3,4,Kyrgyzstan,Chuy,Ala Archa,Unknown,Unknown,Unknown,,,,,,,,,,,,,,,,,,,,,,,,,,,,"(Zaginaev et al., 2019)","Zaginaev, V., Petrakov, D., Erokhin, S., Meleshko, A., Stoffel, M., Ballesteros-Cánovas, J.A., 2019. Geomorphic control on regional glacier lake outburst flood and debris flow activity over northern Tien Shan. Global and Planetary Change 176, 50–59. https://doi.org/10.1016/j.gloplacha.2019.03.003",,,1943.0,exact,,,False,,False,,False,,False,,,,False,,True,False,['Unknown'],1,['Unknown'],1
126,1943,1943,9.0,22.0,Merzbacher,Southern Inylshek,GL079841E42200N,2,G080193E42063N,42.196,79.847,3271,,,,,Ice dammed,N,Y,13_3,3,Kyrgyzstan,Issyk-Kul,Inylchek,Unknown,Unknown,Subglacial tunnel,,,,,,,,,,,,,,,,,,,,,,,,,,,,"(Glazirin, 2010)","Glazirin, G., 2010. A century of investigations on outbursts of the ice-dammed lake merzbacher (Central Tien Shan). Austrian Journal of Earth Sciences 103, 171–179.",,,1943.0,exact,1943-09-22,,False,,False,,False,,False,,,,False,,False,False,['Unknown'],1,['Subglacial tunnel'],1
127,1944,1944,,,Khurdopin,Khurdopin,Ephemeral,,G075438E36192N,36.344239,75.474953,3482,36.312161,74.673558,2105.0,Observation,Ice dammed,N,Y,14_2,9,Pakistan,Gilgit - Baltistan,Hunza,Surging glacier,Unknown,Subglacial tunnel,,,,,,,,,,,,,,,,,,,,,,,Damage to bridge between Nagar and Baltit,,,,,"(Saunders, 1983; Kreutzmann, 1994; Iturrizaga, 2005b)","Saunders, F. (1983). Karakoram Villages: an agrarian study of 22 villages in the Hunza, Ishkoman and Yasin Valleys of Gilgit District. Integrated Rural Development Project, Gilgit Technical Publication PAK/80/009. UN/FAO, Gilgit; Kreutzmann, H., 1994. Habitat conditions and settlement processes in the Hindukush Karakoram. Petermanns Geographische Mitteilungen 138, 337–356; Iturrizaga, L., 2005b. New observations on present and prehistorical glacier-dammed lakes in the Shimshal valley (Karakoram Mountains). Journal of Asian Earth Sciences 25, 545–555. https://doi.org/10.1016/j.jseaes.2004.04.011",,Damage to bridge between Nagar and Baltit,1944.0,exact,,,False,,False,,False,,False,,,,False,,False,False,['Unknown'],1,['Subglacial tunnel'],1
128,1949,1949,8.0,3.0,Merzbacher,Southern Inylshek,GL079841E42200N,2,G080193E42063N,42.196,79.847,3271,,,,,Ice dammed,N,Y,13_3,3,Kyrgyzstan,Issyk-Kul,Inylchek,Unknown,Unknown,Subglacial tunnel,,,,,,,,,,,,,,,,,,,,,,,,,,,,"(Glazirin, 2010)","Glazirin, G., 2010. A century of investigations on outbursts of the ice-dammed lake merzbacher (Central Tien Shan). Austrian Journal of Earth Sciences 103, 171–179.",,,1949.0,exact,1949-08-03,,False,,False,,False,,False,,,,False,,False,False,['Unknown'],1,['Subglacial tunnel'],1
129,1950,1950,,,Unnamed,Aksay,Not mapped,,G074556E42520N,42.528,74.5405,3637,42.552627,74.483331,2255.0,Deposit,Moraine dammed,N,Y,13_3,4,Kyrgyzstan,Chuy,Ala Archa,Unknown,Unknown,Unknown,,,,,,,,,,,,,,,,,,,,,,,,,,,,"(Zaginaev et al., 2019)","Zaginaev, V., Petrakov, D., Erokhin, S., Meleshko, A., Stoffel, M., Ballesteros-Cánovas, J.A., 2019. Geomorphic control on regional glacier lake outburst flood and debris flow activity over northern Tien Shan. Global and Planetary Change 176, 50–59. https://doi.org/10.1016/j.gloplacha.2019.03.003",,,1950.0,exact,,,False,,False,,False,,False,,,,False,,True,False,['Unknown'],1,['Unknown'],1
130,1950,1950,,,Sangwang Co,Unnamed,GL090104E28237N,"2, 3, 4",G090095E28176N,28.238799,90.109247,5150,,,,,Moraine dammed,N,Y,13_8,12,China,TAR,Nian Chu,Unknown,Unknown,Unknown,,,,,,,,,,,,,,,,,,,,,,,,,,,,"(Carrivick and Tweed, 2016)","Carrivick, J.L., Tweed, F.S., 2016. A global assessment of the societal impacts of glacier outburst floods. Global and Planetary Change 144, 1–16. https://doi.org/10.1016/j.gloplacha.2016.07.001",,,1950.0,exact,,,False,,False,,False,,False,,,,False,,False,True,['Unknown'],1,['Unknown'],1
131,1951,1951,,,Unnamed,Kotor,Not mapped,,G074629E35951N,35.93,74.609,4121,,,,,Supraglacial,N,N,14_2,9,Pakistan,Gilgit - Baltistan,Gilgit,Unknown,Unknown,Unknown,,,,,,,,,,,,,,,,,,,,,,,,,,,,"(This study; Ashraf et al., 2015)","Ashraf, A., Naz, R., Mustafa, N., Iqbal, M.B., Ahmad, B., Jawad, A., Ahmad. I., 2015. Updating GLOF Lake Inventory of Northern Pakistan and Establishment of Community Based Early Warning System in Bagrot and Bondo Gol Valleys. Technical Report. Islamabad, Pakistan: Pakistan Agricultural Research Council (PARC).",,"On 11th December 2012 a community exchange documented this event. A huge damage occurred to natural forest as well as the settlements of villages Taisote and Massingot. Kotor Glacier, adjacent to the event in 1909",1951.0,exact,,,False,,False,+,True,,False,,,+,True,,True,False,['Unknown'],1,['Unknown'],1
132,1951,1951,8.0,20.0,Lake number 2,Central Tuyuksu,,,G077081E43044N,43.065,77.076,3382,,,,,Moraine dammed,N,Y,13_3,4,Kazakhstan,Almaty,Ily-Balkhash-Alakol,Unknown,Unknown,Moraine collapse,,20000.0,,50.0,,,,,,,,,,,,,,,,,,,,,,,,(Medeu et al. 2022),"Medeu, A.R., Popov, N.V., Blagovechshenskiy, V.P., Askarova, M.A., Medeu, A.A., Ranova, S.U., Kamalbekova, A., Bolch, T., 2022. Moraine-dammed glacial lakes and threat of glacial debris flows in South-East Kazakhstan. Earth-Science Reviews 103999. https://doi.org/10.1016/j.earscirev.2022.103999",,,1951.0,exact,1951-08-20,,False,,False,,False,,False,,,,False,,False,False,['Unknown'],1,['Moraine collapse'],1
133,1953,1953,6.0,22.0,Unnamed,Teztor,Not mapped,,G074417E42535N,42.5366,74.4273,3606,42.58,74.481,2015.0,Deposit,Moraine dammed,N,Y,13_3,4,Kyrgyzstan,Chuy,Sokuluk,Unknown,Unknown,Unknown,,,,400.0,,,,,,,,,,,,,,,,,,,,,,,,"(Erokhin et al., 2018)","Erokhin, S.A., Zaginaev, V.V., Meleshko, A.A., Ruiz-Villanueva, V., Petrakov, D.A., Chernomorets, S.S., Viskhadzhieva, K.S., Tutubalina, O.V., Stoffel, M., 2018. Debris flows triggered from non-stationary glacier lake outbursts: the case of the Teztor Lake complex (Northern Tian Shan, Kyrgyzstan). Landslides 15, 83–98. https://doi.org/10.1007/s10346-017-0862-3",,,1953.0,exact,1953-06-22,,False,,False,,False,,False,,,,False,,True,False,['Unknown'],1,['Unknown'],1
134,1953,1953,,,Unnamed,Topkaragay,GL074519E42490N,3,G074547E42486N,42.488,74.523,3680,42.58,74.481,2015.0,Deposit,Moraine dammed,N,Y,13_3,4,Kyrgyzstan,Chuy,Ala Archa,Unknown,Unknown,Unknown,,,,,,,,,,,,,,,,,,,,,,,,,,,,"(Zaginaev et al., 2019)","Zaginaev, V., Petrakov, D., Erokhin, S., Meleshko, A., Stoffel, M., Ballesteros-Cánovas, J.A., 2019. Geomorphic control on regional glacier lake outburst flood and debris flow activity over northern Tien Shan. Global and Planetary Change 176, 50–59. https://doi.org/10.1016/j.gloplacha.2019.03.003",,,1953.0,exact,,,False,,False,,False,,False,,,,False,,True,False,['Unknown'],1,['Unknown'],1
135,1953,1953,,,Unknown,Kutiah,Ephemeral,,G074938E35805N,35.768,75.064,2970,,,,,Ice dammed,N,N,14_2,9,Pakistan,Gilgit - Baltistan,Upper Indus,Glacier advance,Unknown,Unknown,,,,,,,,,,,,,,,,,,,,,,,,,,,,"(Hewitt, 1968)","Hewitt, K., 1968. Studies in the geomorphology of the mountain regions of the Upper Indus basin. University of London",,,1953.0,exact,,,False,,False,,False,,False,,,,False,,True,False,['Unknown'],1,['Unknown'],1
136,1953,1953,,,Unknown,Gasherbrum,Ephemeral,,G076615E35806N,35.899,76.764,4240,,,,,Ice dammed,N,Y,14_2,9,China,Xinjiang,Shaksgam,Surging glacier,Unknown,Unknown,,,,,,,,,,,,,,,,,,,,,,,,,,,,"(Desio, 1955; Feng, 1991; Bazai et al., 2021)","Desio, A., 1955. The Ascent of K2. The Geographical Journal 121, 261–272. https://doi.org/10.2307/1790890; Feng, Q., 1991. Characteristics of glacier outburst flood in the Yarkant river, Karakorum mountains. GeoJournal 25, 255–263. https://doi.org/10.1007/BF02682195; Bazai, N.A., Cui, P., Carling, P.A., Wang, H., Hassan, J., Liu, D., Zhang, G., Jin, W., 2021. Increasing glacial lake outburst flood hazard in response to surge glaciers in the Karakoram. Earth-Science Reviews 212, 103432. https://doi.org/10.1016/j.earscirev.2020.103432",,,1953.0,exact,,,False,,False,,False,,False,,,,False,,True,False,['Unknown'],1,['Unknown'],1
137,1953,1953,,,Unknown,Urdok,Ephemeral,,G076803E35673N,35.856,76.771,4277,,,,,Ice dammed,N,N,14_2,9,China,Xinjiang,Shaksgam,Surging glacier,Unknown,Unknown,,,,,,,,,,,,,,,,,,,,,,,,,,,,"(Desio, 1955; Feng, 1991; Bazai et al., 2021)","Desio, A., 1955. The Ascent of K2. The Geographical Journal 121, 261–272. https://doi.org/10.2307/1790890; Feng, Q., 1991. Characteristics of glacier outburst flood in the Yarkant river, Karakorum mountains. GeoJournal 25, 255–263. https://doi.org/10.1007/BF02682195; Bazai, N.A., Cui, P., Carling, P.A., Wang, H., Hassan, J., Liu, D., Zhang, G., Jin, W., 2021. Increasing glacial lake outburst flood hazard in response to surge glaciers in the Karakoram. Earth-Science Reviews 212, 103432. https://doi.org/10.1016/j.earscirev.2020.103432",,,1953.0,exact,,,False,,False,,False,,False,,,,False,,True,False,['Unknown'],1,['Unknown'],1
138,1953,1953,5.0,6.0,Guxiang,Unnamed,Not mapped,,G095447E30009N,30.042,95.46,4155,30.076,95.501,3085.0,Deposit,Unknown,N,N,15_3,18,China,TAR,Yigong Zangbo,Unknown,Unknown,Unknown,,,,,,,,,,,,,,,,,,,,,,,,,,,,"(Carrivick and Tweed, 2016)","Carrivick, J.L., Tweed, F.S., 2016. A global assessment of the societal impacts of glacier outburst floods. Global and Planetary Change 144, 1–16. https://doi.org/10.1016/j.gloplacha.2016.07.001",,Original coordinates lie on the farmland and are corrected here. Only year is mentioned in the reference,1953.0,exact,1953-05-06,,False,,False,,False,,False,,,,False,,False,True,['Unknown'],1,['Unknown'],1
139,1953,1953,8.0,16.0,Teketor,Unnamed,GL075034E42517N,"2, 3",G075036E42514N,42.51790276,75.03494293,3520,,,,,Moraine dammed,N,Y,13_3,4,Kyrgyzstan,Chuy,Ysyk-Ata,Unknown,Unknown,Unknown,,,40.0,,,,,,,,,,,,,,,,,,,,,,,,,(This study),,https://www.debrisflow.ru/en/selevye-yavleniya-yugo-vostochnogo-kazakhstana/,,1953.0,exact,1953-08-16,,False,,False,,False,,False,,,,False,,False,True,['Unknown'],1,['Unknown'],1
140,1954,1954,8.0,24.0,Merzbacher,Southern Inylshek,GL079841E42200N,2,G080193E42063N,42.196,79.847,3271,,,,,Ice dammed,N,Y,13_3,3,Kyrgyzstan,Issyk-Kul,Inylchek,Unknown,Unknown,Subglacial tunnel,,,,,,,,,,,,,,,,,,,,,,,,,,,,"(Glazirin, 2010)","Glazirin, G., 2010. A century of investigations on outbursts of the ice-dammed lake merzbacher (Central Tien Shan). Austrian Journal of Earth Sciences 103, 171–179.",,,1954.0,exact,1954-08-24,,False,,False,,False,,False,,,,False,,False,False,['Unknown'],1,['Subglacial tunnel'],1
141,1954,1954,7.0,16.0,Sangwang Co,Unnamed,GL090104E28237N,"2, 3, 4",G090095E28176N,28.238799,90.109247,5150,28.925312,89.580432,4015.0,Observation,Moraine dammed,N,Y,13_8,12,China,TAR,Nian Chu,Unknown,Ice calving,Unknown,,,10000.0,,"Damaged Shigatse city and villages along the Yarlung Zangbo river, 200 kms away from the lake with a peak discharge 10k m3s-1,",400.0,,,,20000.0,,,,,,,,,,,,,Destroyed 170 villages,65997000.0,,37500000.0,,"(Cui et al., 2010; Komori et al., 2012; Carrivick and Tweed, 2016; Veh et al., 2019)","Cui, P., Dang, C., Cheng, Z., Scott, K.M., 2010. Debris Flows Resulting From Glacial-Lake Outburst Floods in Tibet, China. Physical Geography 31, 508–527. https://doi.org/10.2747/0272-3646.31.6.508; Komori, J., Koike, T., Yamanokuchi, T., Tshering, P., 2012. Glacial Lake Outburst Events in the Bhutan Himalayas. Global Environmental Research 16, 59–70; Carrivick, J.L., Tweed, F.S., 2016. A global assessment of the societal impacts of glacier outburst floods. Global and Planetary Change 144, 1–16. https://doi.org/10.1016/j.gloplacha.2016.07.001; Veh, G., Korup, O., von Specht, S., Roessner, S., Walz, A., 2019. Unchanged frequency of moraine-dammed glacial lake outburst floods in the Himalaya. Nature Climate Change 9, 379–383. https://doi.org/10.1038/s41558-019-0437-5",,"Discharge measured 145 km downstream, 2000 people affected",1954.0,exact,1954-07-16,,False,,False,,False,,False,,,,False,,False,True,['Ice calving'],1,['Unknown'],1
142,1955,1955,,,Karambar,Karambar,GL074079E36622N,"2, 4",G074224E36616N,36.6214,74.07906,2935,,,,,Ice dammed,N,Y,14_2,9,Pakistan,Gilgit - Baltistan,Gilgit,Unknown,Unknown,Unknown,,,,,,,,,,,,,,,,,,,,,,,,,,,,"(Iturrizaga, 2005a; Hewitt and Liu, 2010)","Iturrizaga, L., 2005a. Historical glacier-dammed lakes and outburst floods in the Karambar valley (Hindukush-Karakoram). GeoJournal 63, 1–47. https://doi.org/10.1007/s10708-005-2395-x; Hewitt, K., Liu, J., 2010. Ice-Dammed Lakes and Outburst Floods, Karakoram Himalaya: Historical Perspectives on Emerging Threats. Physical Geography 31, 528–551. https://doi.org/10.2747/0272-3646.31.6.528",,,1955.0,exact,,,False,,False,,False,,False,,,,False,,False,False,['Unknown'],1,['Unknown'],1
143,1955,1955,,,Unnamed,Aksay,Not mapped,,G074556E42520N,42.528,74.5405,3637,42.552627,74.483331,2255.0,Deposit,Moraine dammed,N,Y,13_3,4,Kyrgyzstan,Chuy,Ala Archa,Unknown,Unknown,Unknown,,,,,,,,,,,,,,,,,,,,,,,,,,,,"(Zaginaev et al., 2019)","Zaginaev, V., Petrakov, D., Erokhin, S., Meleshko, A., Stoffel, M., Ballesteros-Cánovas, J.A., 2019. Geomorphic control on regional glacier lake outburst flood and debris flow activity over northern Tien Shan. Global and Planetary Change 176, 50–59. https://doi.org/10.1016/j.gloplacha.2019.03.003",,,1955.0,exact,,,False,,False,,False,,False,,,,False,,True,False,['Unknown'],1,['Unknown'],1
144,1955,1955,7.0,,Unnamed,Hailuogou,Not mapped,,G101916E29584N,29.566,101.985,3100,,,,,Moraine dammed,N,Y,15_3,20,China,Sichuan,Yangtze,Unknown,Unknown,Unknown,,,,,,,,,,,,,,,,,,,,,,,,,,,,"(Ding and Jingshi, 1992)","Ding, Y., Liu, J., 1992. Glacier lake outburst flood disasters in China. Annals of Glaciology, 16.",,,1955.0,exact,,,False,,False,,False,,False,,,,False,,True,False,['Unknown'],1,['Unknown'],1
145,1956,1956,,,Unknown,Kuturgansuu,Ephemeral,,G074608E42515N,42.522,74.609,3470,42.535,74.658,2170.0,Deposit,Moraine dammed,N,Y,13_3,4,Kyrgyzstan,Chuy,Alamedin,Unknown,Unknown,Unknown,,,,,,,,,,,,,,,,,,,,,,,,,,,,"(Zaginaev et al., 2019)","Zaginaev, V., Petrakov, D., Erokhin, S., Meleshko, A., Stoffel, M., Ballesteros-Cánovas, J.A., 2019. Geomorphic control on regional glacier lake outburst flood and debris flow activity over northern Tien Shan. Global and Planetary Change 176, 50–59. https://doi.org/10.1016/j.gloplacha.2019.03.003",,,1956.0,exact,,,False,,False,,False,,False,,,,False,,True,False,['Unknown'],1,['Unknown'],1
146,1956,1956,,,Unknown,Salyk,Ephemeral,,G074719E42495N,42.518,74.717,3390,42.561,74.663,2005.0,Deposit,Moraine dammed,N,Y,13_3,4,Kyrgyzstan,Chuy,Ysyk-Ata,Unknown,Unknown,Unknown,,,,,,,,,,,,,,,,,,,,,,,,,,,,"(Zaginaev et al., 2019)","Zaginaev, V., Petrakov, D., Erokhin, S., Meleshko, A., Stoffel, M., Ballesteros-Cánovas, J.A., 2019. Geomorphic control on regional glacier lake outburst flood and debris flow activity over northern Tien Shan. Global and Planetary Change 176, 50–59. https://doi.org/10.1016/j.gloplacha.2019.03.003",,,1956.0,exact,,,False,,False,,False,,False,,,,False,,True,False,['Unknown'],1,['Unknown'],1
147,1956,1956,7.0,2.0,Merzbacher,Southern Inylshek,GL079841E42200N,2,G080193E42063N,42.196,79.847,3271,,,,,Ice dammed,N,Y,13_3,3,Kyrgyzstan,Issyk-Kul,Inylchek,Unknown,Unknown,Subglacial tunnel,,,,,,,,,,,,,,,,,,,,,,,,,,,,"(Kingslake and Ng, 2013)","Kingslake, J., Ng, F., 2013. Quantifying the predictability of the timing of jökulhlaups from Merzbacher Lake, Kyrgyzstan. Journal of Glaciology 59, 805–818. https://doi.org/10.3189/2013JoG12J156",,,1956.0,exact,1956-07-02,,False,,False,,False,,False,,,,False,,False,False,['Unknown'],1,['Subglacial tunnel'],1
148,1956,1956,8.0,7.0,Lake number 2,Central Tuyuksu,,,G077081E43044N,43.065,77.076,3382,,,,,Moraine dammed,N,Y,13_3,4,Kazakhstan,Almaty,Ily-Balkhash-Alakol,Unknown,Unknown,Dam piping,,35000.0,,1000.0,,,,,,,,,,,,,,,,,,,,,,,,(Medeu et al. 2022),"Medeu, A.R., Popov, N.V., Blagovechshenskiy, V.P., Askarova, M.A., Medeu, A.A., Ranova, S.U., Kamalbekova, A., Bolch, T., 2022. Moraine-dammed glacial lakes and threat of glacial debris flows in South-East Kazakhstan. Earth-Science Reviews 103999. https://doi.org/10.1016/j.earscirev.2022.103999",,,1956.0,exact,1956-08-07,,False,,False,,False,,False,,,,False,,False,False,['Unknown'],1,['Dam piping'],1
149,1956,1956,9.0,2.0,Merzbacher,Southern Inylshek,GL079841E42200N,2,G080193E42063N,43.065,77.076,3271,,,,,Ice dammed,N,Y,13_3,3,Kyrgyzstan,Issyk-Kul,Inylchek,Unknown,Unknown,Subglacial tunnel,,,,,,,,,,,,,,,,,,,,,,,,,,,,"(Glazirin, 2010)","Glazirin, G., 2010. A century of investigations on outbursts of the ice-dammed lake merzbacher (Central Tien Shan). Austrian Journal of Earth Sciences 103, 171–179.",,,1956.0,exact,1956-09-02,,False,,False,,False,,False,,,,False,,False,False,['Unknown'],1,['Subglacial tunnel'],1
150,1957,1957,9.0,28.0,Unnamed,Fedchenko,Not mapped,,G072234E38780N,39.074,72.312,3030,,,,,Moraine dammed,Y,Y,13_2,6,Tajikistan,Gorno-Badakhshan,Murghob,Unknown,Unknown,Unknown,,,,,,,,,,,,,,,,,,,,,,,,,,,,"(Veh et al., 2022)","Veh, G., Lützow, N., Kharlamova, V., Petrakov, D., Hugonnet, R., & Korup, O., 2022. Trends, breaks, and biases in the frequency of reported glacier lake outburst floods. Earth's Future, 10, e2021EF002426. https://doi.org/10.1029/2021EF002426",,,1957.0,exact,1957-09-28,,False,,False,,False,,False,,,,False,,True,False,['Unknown'],1,['Unknown'],1
151,1957,1957,,,Khurdopin,Khurdopin,Ephemeral,,G075438E36192N,36.344239,75.474953,3482,,,,,Ice dammed,N,Y,14_2,9,Pakistan,Gilgit - Baltistan,Hunza,Surging glacier,Unknown,Subglacial tunnel,,,,,,,,,,,,,,,,,,,,,,,,,,,,"(Charles, 1985; Kreutzmann, 1994; Iturrizaga, 2005b)","Charles, C., 1985. La Valle de Hunza, Karakorum - Pakistan - Milieu Naturel, Amenagement traditionel et mutations recentes dans une vallee aride du Nord-Ouest de L’Ensemble Himalayen. Université Joseph Fourier, Grenoble, France, Grenoble; Kreutzmann, H., 1994. Habitat conditions and settlement processes in the Hindukush Karakoram; Petermanns Geographische Mitteilungen 138, 337–356; Iturrizaga, L., 2005b. New observations on present and prehistorical glacier-dammed lakes in the Shimshal valley (Karakoram Mountains). Journal of Asian Earth Sciences 25, 545–555. https://doi.org/10.1016/j.jseaes.2004.04.011",,,1957.0,exact,,,False,,False,,False,,False,,,,False,,False,False,['Unknown'],1,['Subglacial tunnel'],1
152,1957,1957,7.0,25.0,Merzbacher,Southern Inylshek,GL079841E42200N,2,G080193E42063N,42.196,79.847,3271,,,,,Ice dammed,N,Y,13_3,3,Kyrgyzstan,Issyk-Kul,Inylchek,Unknown,Unknown,Subglacial tunnel,,,,,,,,,,,,,,,,,,,,,,,,,,,,"(Glazirin, 2010)","Glazirin, G., 2010. A century of investigations on outbursts of the ice-dammed lake merzbacher (Central Tien Shan). Austrian Journal of Earth Sciences 103, 171–179.",,,1957.0,exact,1957-07-25,,False,,False,,False,,False,,,,False,,False,False,['Unknown'],1,['Subglacial tunnel'],1
153,1957,1957,8.0,31.0,Merzbacher,Southern Inylshek,GL079841E42200N,2,G080193E42063N,42.196,79.847,3271,,,,,Ice dammed,N,Y,13_3,3,Kyrgyzstan,Issyk-Kul,Inylchek,Unknown,Unknown,Subglacial tunnel,,,,,,,,,,,,,,,,,,,,,,,,,,,,"(Glazirin, 2010)","Glazirin, G., 2010. A century of investigations on outbursts of the ice-dammed lake merzbacher (Central Tien Shan). Austrian Journal of Earth Sciences 103, 171–179.",,,1957.0,exact,1957-08-31,,False,,False,,False,,False,,,,False,,False,False,['Unknown'],1,['Subglacial tunnel'],1
154,1957,1957,,,Tarina Tsho,Unnamed,GL089899E28106N,"2, 3, 4",G089878E28115N,28.104,89.899,4280,27.35,89.52,1220.0,Observation,Moraine dammed,Y,N,15_2,12,Bhutan,Punakha,Pho Chhu,Unknown,Ice avalanche,Unknown,,,,,"The Punakha Dzong building, 75km downstream from the lake was damaged",,,,,,,,,,,,,,,,,,,,,,,"(Carrivick and Tweed, 2016)","Carrivick, J.L., Tweed, F.S., 2016. A global assessment of the societal impacts of glacier outburst floods. Global and Planetary Change 144, 1–16. https://doi.org/10.1016/j.gloplacha.2016.07.001",,,1957.0,exact,,,False,,False,+,True,,False,,,,False,,False,True,['Ice avalanche'],1,['Unknown'],1
155,1958,1958,,,Unknown,Kuturgansuu,Ephemeral,,G074608E42515N,42.522,74.609,3470,42.535,74.658,2170.0,Deposit,Moraine dammed,N,Y,13_3,4,Kyrgyzstan,Chuy,Alamedin,Unknown,Unknown,Unknown,,,,,,,,,,,,,,,,,,,,,,,,,,,,"(Zaginaev et al., 2019)","Zaginaev, V., Petrakov, D., Erokhin, S., Meleshko, A., Stoffel, M., Ballesteros-Cánovas, J.A., 2019. Geomorphic control on regional glacier lake outburst flood and debris flow activity over northern Tien Shan. Global and Planetary Change 176, 50–59. https://doi.org/10.1016/j.gloplacha.2019.03.003",,,1958.0,exact,,,False,,False,,False,,False,,,,False,,True,False,['Unknown'],1,['Unknown'],1
156,1958,1958,7.0,6.0,Lake number 17,Zharsai,Not mapped,,G077398E43136N,43.152,77.408,3380,,,,,Moraine dammed,N,Y,13_3,4,Kazakhstan,Almaty,Ily-Balkhash-Alakol,Unknown,Unknown,Subglacial tunnel,,200000.0,221.0,,destroyed bridges and a large amount of forest,,,,,,,,,,,,,,,,,,,,,,,(Medeu et al. 2022),"Medeu, A.R., Popov, N.V., Blagovechshenskiy, V.P., Askarova, M.A., Medeu, A.A., Ranova, S.U., Kamalbekova, A., Bolch, T., 2022. Moraine-dammed glacial lakes and threat of glacial debris flows in South-East Kazakhstan. Earth-Science Reviews 103999. https://doi.org/10.1016/j.earscirev.2022.103999",,,1958.0,exact,1958-07-06,,False,,False,,False,,False,,,,False,,False,False,['Unknown'],1,['Subglacial tunnel'],1
157,1958,1958,7.0,15.0,Kyzyl-Djar,Unnamed,Not mapped,,G077310E42907N,42.89428,77.31879,3647,,,,,Moraine dammed,N,N,13_3,4,Kyrgyzstan,Issyk-Kul,Issyk-Kul,Unknown,Unknown,Unknown,,,50.0,,,,,,,,,,,,,,,,,,,,,,,,,(This study),,https://www.debrisflow.ru/en/selevye-yavleniya-yugo-vostochnogo-kazakhstana/,,1958.0,exact,1958-07-15,,False,,False,,False,,False,,,,False,,False,True,['Unknown'],1,['Unknown'],1
158,1958,1958,9.0,1.0,Merzbacher,Southern Inylshek,GL079841E42200N,2,G080193E42063N,42.196,79.847,3271,,,,,Ice dammed,N,Y,13_3,3,Kyrgyzstan,Issyk-Kul,Inylchek,Unknown,Unknown,Subglacial tunnel,,,,,,,,,,,,,,,,,,,,,,,,,,,,"(Glazirin, 2010)","Glazirin, G., 2010. A century of investigations on outbursts of the ice-dammed lake merzbacher (Central Tien Shan). Austrian Journal of Earth Sciences 103, 171–179.",,,1958.0,exact,1958-09-01,,False,,False,,False,,False,,,,False,,False,False,['Unknown'],1,['Subglacial tunnel'],1
159,1958,1958,11.0,24.0,Merzbacher,Southern Inylshek,GL079841E42200N,2,G080193E42063N,42.196,79.847,3271,,,,,Ice dammed,N,Y,13_3,3,Kyrgyzstan,Issyk-Kul,Inylchek,Unknown,Unknown,Subglacial tunnel,,171000000.0,,,,,,,,,,,,,,,,,,,,,,,,,,"(Kingslake and Ng, 2013)","Kingslake, J., Ng, F., 2013. Quantifying the predictability of the timing of jökulhlaups from Merzbacher Lake, Kyrgyzstan. Journal of Glaciology 59, 805–818. https://doi.org/10.3189/2013JoG12J157",,,1958.0,exact,1958-11-24,,False,,False,,False,,False,,,,False,,False,False,['Unknown'],1,['Subglacial tunnel'],1
160,1959,1959,6.0,5.0,Chon Kyzyl Su,Unnamed,GL078167E42133N,"2, 3, 4",G078164E42125N,42.12531104,78.16362109,3800,,,,,Moraine dammed,N,Y,13_3,4,Kyrgyzstan,Issyk-Kul,Djety-Oguz,Unknown,Unknown,Unknown,,,,,,,,,,,,,,,,,,,,,,,,,,,,(This study),,https://www.debrisflow.ru/en/selevye-yavleniya-yugo-vostochnogo-kazakhstana/,,1959.0,exact,1959-06-05,,False,,False,,False,,False,,,,False,,False,True,['Unknown'],1,['Unknown'],1
161,1959,1959,8.0,21.0,Khurdopin,Khurdopin,Ephemeral,,G075438E36192N,36.344239,75.474953,3482,36.463012,74.901382,2450.0,Observation,Ice dammed,N,Y,14_2,9,Pakistan,Gilgit - Baltistan,Hunza,Surging glacier,Unknown,Subglacial tunnel,,,,,,,,,,,,,,,,,,,,,,,,,,,,"(Finsterwalder, 1960; Kreutzmann, 1994; Iturrizaga, 2005b)","Finsterwalder, R., 1960. German Glaciological and Geological Expeditions to the Batura Mustagh and Rakaposhi Range. Journal of Glaciology 3(28), 787–788. https://doi.org/10.3189/S0022143000018104; Kreutzmann, H., 1994. Habitat conditions and settlement processes in the Hindukush Karakoram. Petermanns Geographische Mitteilungen 138, 337–356; Iturrizaga, L., 2005b. New observations on present and prehistorical glacier-dammed lakes in the Shimshal valley (Karakoram Mountains). Journal of Asian Earth Sciences 25, 545–555. https://doi.org/10.1016/j.jseaes.2004.04.011",,"Damage to irrigation channel at Nomal, amage occurred in Shimshal valley and Pasu village, located 50 km down the valley on the glacio-alluvial fan of the Pasu Glacier",1959.0,exact,1959-08-21,,False,,False,,False,,False,,,,False,,False,False,['Unknown'],1,['Subglacial tunnel'],1
162,1959,1959,8.0,23.0,Khurdopin,Khurdopin,Ephemeral,,G075438E36192N,36.344239,75.474953,3482,,,,,Ice dammed,N,Y,14_2,9,Pakistan,Gilgit - Baltistan,Hunza,Surging glacier,Unknown,Subglacial tunnel,,,,,,,,,,,,,,,,,,,,,,,,,,,,"(Iturrizaga, 2005b)","Iturrizaga, L., 2005b. New observations on present and prehistorical glacier-dammed lakes in the Shimshal valley (Karakoram Mountains). Journal of Asian Earth Sciences 25, 545–555. https://doi.org/10.1016/j.jseaes.2004.04.011",,,1959.0,exact,1959-08-23,,False,,False,,False,,False,,,,False,,False,False,['Unknown'],1,['Subglacial tunnel'],1
163,1959,1959,8.0,26.0,Merzbacher,Southern Inylshek,GL079841E42200N,2,G080193E42063N,42.196,79.847,3271,,,,,Ice dammed,N,Y,13_3,3,Kyrgyzstan,Issyk-Kul,Inylchek,Unknown,Unknown,Subglacial tunnel,,,,,,,,,,,,,,,,,,,,,,,,,,,,"(Glazirin, 2010)","Glazirin, G., 2010. A century of investigations on outbursts of the ice-dammed lake merzbacher (Central Tien Shan). Austrian Journal of Earth Sciences 103, 171–179.",,,1959.0,exact,1959-08-26,,False,,False,,False,,False,,,,False,,False,False,['Unknown'],1,['Subglacial tunnel'],1
164,1959,1959,8.0,29.0,Kyagar,Kyagar,GL077181E35675N,"2, 3, 4",G077158E35562N,35.677371,77.190788,4880,37.982034,76.877846,1450.0,Observation,Ice dammed,N,Y,14_2,9,China,Xinjiang,Yarkant,Surging glacier,Unknown,Unknown,,,2460.0,,,,,,,,,,,,,,,,,,,,,,,,,"(Zhang et al., 1990; Zhang, 1992; Hewitt and Liu, 2010; Carrivick and Tweed, 2016; Bazai et al., 2021)","Zhang, X., Li, N., You, X., Wang, W., 1990. The Researches of Glacier Lake Outburst Floods of the Yarkant River in Xinjiang. Science in China Series B-Chemistry, Life Sciences & Earth Sciences 33 (8), 1014–1024; Zhang, X., 1992. Investigation of glacier bursts of the Yarkant River in Xinjiang, China. Annals of Glaciology 16, 135–139. https://doi.org/10.3189/1992AoG16-1-135-139; Hewitt, K., Liu, J., 2010. Ice-Dammed Lakes and Outburst Floods, Karakoram Himalaya: Historical Perspectives on Emerging Threats. Physical Geography 31, 528–551. https://doi.org/10.2747/0272-3646.31.6.528; Carrivick, J.L., Tweed, F.S., 2016. A global assessment of the societal impacts of glacier outburst floods. Global and Planetary Change 144, 1–16. https://doi.org/10.1016/j.gloplacha.2016.07.001; Bazai, N.A., Cui, P., Carling, P.A., Wang, H., Hassan, J., Liu, D., Zhang, G., Jin, W., 2021. Increasing glacial lake outburst flood hazard in response to surge glaciers in the Karakoram. Earth-Science Reviews 212, 103432. https://doi.org/10.1016/j.earscirev.2020.103432",,,1959.0,exact,1959-08-29,,False,,False,,False,,False,,,,False,,False,False,['Unknown'],1,['Unknown'],1
165,1959,1959,9.0,19.0,Merzbacher,Southern Inylshek,GL079841E42200N,2,G080193E42063N,42.196,79.847,3271,,,,,Ice dammed,N,Y,13_3,3,Kyrgyzstan,Issyk-Kul,Inylchek,Unknown,Unknown,Subglacial tunnel,,144000000.0,,,,,,,,,,,,,,,,,,,,,,,,,,"(Kingslake and Ng, 2013)","Kingslake, J., Ng, F., 2013. Quantifying the predictability of the timing of jökulhlaups from Merzbacher Lake, Kyrgyzstan. Journal of Glaciology 59, 805–818. https://doi.org/10.3189/2013JoG12J175",,,1959.0,exact,1959-09-19,,False,,False,,False,,False,,,,False,,False,False,['Unknown'],1,['Subglacial tunnel'],1
166,1959,1959,,,Tarina Tsho,Unnamed,GL089899E28106N,"2, 3, 4",G089878E28115N,28.104,89.899,4280,27.35,89.52,1220.0,Observation,Moraine dammed,Y,N,15_2,12,Bhutan,Punakha,Pho Chhu,Unknown,Unknown,Unknown,,,,,"The Punakha Dzong building, 75km downstream from the lake was damaged",,,,,,,,,,,,,,,,,,,,,,,"(Veh et al., 2022)","Veh, G., Lützow, N., Kharlamova, V., Petrakov, D., Hugonnet, R., & Korup, O., 2022. Trends, breaks, and biases in the frequency of reported glacier lake outburst floods. Earth's Future, 10, e2021EF002426. https://doi.org/10.1029/2021EF002426",,,1959.0,exact,,,False,,False,,False,,False,,,,False,,False,True,['Unknown'],1,['Unknown'],1
167,1960,1960,7.0,8.0,Unnamed,Aksay,Not mapped,,G074556E42520N,42.528,74.5405,3637,42.552627,74.483331,2255.0,Deposit,Moraine dammed,N,Y,13_3,4,Kyrgyzstan,Chuy,Ala Archa,Unknown,Unknown,Unknown,,,10.0,,,,,,,,,,,,,,,,,,,,,,,,,"(Zaginaev et al., 2016)","Zaginaev, V., Ballesteros-Cánovas, J.A., Erokhin, S., Matov, E., Petrakov, D., Stoffel, M., 2016. Reconstruction of glacial lake outburst floods in northern Tien Shan: Implications for hazard assessment. Geomorphology 269, 75–84. https://doi.org/10.1016/j.geomorph.2016.06.028",,,1960.0,exact,1960-07-08,,False,,False,,False,,False,,,,False,,True,False,['Unknown'],1,['Unknown'],1
168,1960,1960,,,Khurdopin,Khurdopin,Ephemeral,,G075438E36192N,36.344239,75.474953,3482,36.463012,74.901382,2450.0,Observation,Ice dammed,N,Y,14_2,9,Pakistan,Gilgit - Baltistan,Hunza,Surging glacier,Unknown,Subglacial tunnel,,,,,,,,,,,,,,,,,,,,,,,"Damage to bridges at Passu, Loss of farms and terraces at Shimshal",,,,,"(Kreutzmann, 1994; Iturrizaga, 2005b)","Kreutzmann, H., 1994. Habitat conditions and settlement processes in the Hindukush Karakoram. Petermanns Geographische Mitteilungen 138, 337–356; Iturrizaga, L., 2005b. New observations on present and prehistorical glacier-dammed lakes in the Shimshal valley (Karakoram Mountains). Journal of Asian Earth Sciences 25, 545–555. https://doi.org/10.1016/j.jseaes.2004.04.011",,,1960.0,exact,,,False,,False,,False,,False,,,,False,,False,False,['Unknown'],1,['Subglacial tunnel'],1
169,1960,1960,9.0,4.0,Merzbacher,Southern Inylshek,GL079841E42200N,2,G080193E42063N,42.196,79.847,3271,,,,,Ice dammed,N,Y,13_3,3,Kyrgyzstan,Issyk-Kul,Inylchek,Unknown,Unknown,Subglacial tunnel,,,,,,,,,,,,,,,,,,,,,,,,,,,,"(Glazirin, 2010)","Glazirin, G., 2010. A century of investigations on outbursts of the ice-dammed lake merzbacher (Central Tien Shan). Austrian Journal of Earth Sciences 103, 171–179.",,,1960.0,exact,1960-09-04,,False,,False,,False,,False,,,,False,,False,False,['Unknown'],1,['Subglacial tunnel'],1
170,1960,1960,7.0,22.0,Merzbacher,Southern Inylshek,GL079841E42200N,2,G080193E42063N,42.196,79.847,3271,,,,,Ice dammed,N,Y,13_3,3,Kyrgyzstan,Issyk-Kul,Inylchek,Unknown,Unknown,Subglacial tunnel,,,,,,,,,,,,,,,,,,,,,,,,,,,,"(Glazirin, 2010)","Glazirin, G., 2010. A century of investigations on outbursts of the ice-dammed lake merzbacher (Central Tien Shan). Austrian Journal of Earth Sciences 103, 171–179.",,,1960.0,exact,1960-07-22,,False,,False,,False,,False,,,,False,,False,False,['Unknown'],1,['Subglacial tunnel'],1
171,1961,1961,7.0,,Unnamed,Aksay,Not mapped,,G074556E42520N,42.528,74.5405,3637,42.552627,74.483331,2255.0,Deposit,Moraine dammed,N,Y,13_3,4,Kyrgyzstan,Chuy,Ala Archa,Unknown,Unknown,Unknown,,,10.0,,,,,,,,,,,,,,,,,,,,,,,,,"(Zaginaev et al., 2016)","Zaginaev, V., Ballesteros-Cánovas, J.A., Erokhin, S., Matov, E., Petrakov, D., Stoffel, M., 2016. Reconstruction of glacial lake outburst floods in northern Tien Shan: Implications for hazard assessment. Geomorphology 269, 75–84. https://doi.org/10.1016/j.geomorph.2016.06.028",,,1961.0,exact,,,False,,False,,False,,False,,,,False,,True,False,['Unknown'],1,['Unknown'],1
172,1961,1961,7.0,26.0,Lake 8,Togyzak,GL077176E43008N,"2, 3, 4",G077204E43004N,43.00889,77.175783,3471,,,,Deposit,Moraine dammed,N,Y,13_3,4,Kazakhstan,Almaty,Ily-Balkhash-Alakol,Unknown,Unknown,Unknown,,,,,,,,,,,,,,,,,,,,,,,,,,,,"(Shahgedanova et al., 2024)","Shahgedanova, M., Saidaliyeva, Z., Mussina, A. et al. Debris flows in the northern Tien Shan, Central Asia: regional database, meteorological triggers, and trends. npj Nat. Hazards 1, 49 (2024). https://doi.org/10.1038/s44304-024-00050-7",,,1961.0,exact,1961-07-26,,False,,False,,False,,False,,,,False,,False,False,['Unknown'],1,['Unknown'],1
173,1961,1961,8.0,19.0,Lake 8,Togyzak,GL077176E43008N,"2, 3, 4",G077204E43004N,43.00889,77.175783,3471,,,,Deposit,Moraine dammed,N,Y,13_3,4,Kazakhstan,Almaty,Ily-Balkhash-Alakol,Unknown,Unknown,Unknown,,,,,,,,,,,,,,,,,,,,,,,,,,,,"(Shahgedanova et al., 2024)","Shahgedanova, M., Saidaliyeva, Z., Mussina, A. et al. Debris flows in the northern Tien Shan, Central Asia: regional database, meteorological triggers, and trends. npj Nat. Hazards 1, 49 (2024). https://doi.org/10.1038/s44304-024-00050-7",,,1961.0,exact,1961-08-19,,False,,False,,False,,False,,,,False,,False,False,['Unknown'],1,['Unknown'],1
174,1961,1961,,,Unknown,Salyk,Ephemeral,,G074719E42495N,42.518,74.717,3390,42.561,74.663,2005.0,Deposit,Moraine dammed,N,Y,13_3,4,Kyrgyzstan,Chuy,Ysyk-Ata,Unknown,Unknown,Unknown,,,,,,,,,,,,,,,,,,,,,,,,,,,,"(Zaginaev et al., 2019)","Zaginaev, V., Petrakov, D., Erokhin, S., Meleshko, A., Stoffel, M., Ballesteros-Cánovas, J.A., 2019. Geomorphic control on regional glacier lake outburst flood and debris flow activity over northern Tien Shan. Global and Planetary Change 176, 50–59. https://doi.org/10.1016/j.gloplacha.2019.03.003",,,1961.0,exact,,,False,,False,,False,,False,,,,False,,True,False,['Unknown'],1,['Unknown'],1
175,1961,1961,,,Khurdopin,Khurdopin,Ephemeral,,G075438E36192N,36.344239,75.474953,3482,36.439939,75.311226,3062.0,Observation,Ice dammed,N,Y,14_2,9,Pakistan,Gilgit - Baltistan,Hunza,Surging glacier,Unknown,Subglacial tunnel,,,,,,,,,,,,,,,,,,,,,,,Loss of farms and terraces at Shimshal,,,,,"(Kreutzmann, 1994; Iturrizaga, 2005b)","Kreutzmann, H., 1994. Habitat conditions and settlement processes in the Hindukush Karakoram. Petermanns Geographische Mitteilungen 138, 337–356; Iturrizaga, L., 2005b. New observations on present and prehistorical glacier-dammed lakes in the Shimshal valley (Karakoram Mountains). Journal of Asian Earth Sciences 25, 545–555. https://doi.org/10.1016/j.jseaes.2004.04.011",,,1961.0,exact,,,False,,False,,False,,False,,,,False,,False,False,['Unknown'],1,['Subglacial tunnel'],1
176,1961,1961,9.0,4.0,Kyagar,Kyagar,GL077181E35675N,"2, 3, 4",G077158E35562N,35.677371,77.190788,4880,37.982034,76.877846,1450.0,Observation,Ice dammed,N,Y,14_2,9,China,Xinjiang,Yarkant,Surging glacier,Unknown,Unknown,,,6270.0,,,,,,,,,,,,,,,,,,,,,,,,,"(Zhang et al., 1990; Zhang, 1992; Hewitt and Liu, 2010; Carrivick and Tweed, 2016; Bazai et al., 2021)","Zhang, X., Li, N., You, X., Wang, W., 1990. The Researches of Glacier Lake Outburst Floods of the Yarkant River in Xinjiang. Science in China Series B-Chemistry, Life Sciences & Earth Sciences 33 (8), 1014–1024; Zhang, X., 1992. Investigation of glacier bursts of the Yarkant River in Xinjiang, China. Annals of Glaciology 16, 135–139. https://doi.org/10.3189/1992AoG16-1-135-139; Hewitt, K., Liu, J., 2010. Ice-Dammed Lakes and Outburst Floods, Karakoram Himalaya: Historical Perspectives on Emerging Threats. Physical Geography 31, 528–551. https://doi.org/10.2747/0272-3646.31.6.528; Carrivick, J.L., Tweed, F.S., 2016. A global assessment of the societal impacts of glacier outburst floods. Global and Planetary Change 144, 1–16. https://doi.org/10.1016/j.gloplacha.2016.07.001; Bazai, N.A., Cui, P., Carling, P.A., Wang, H., Hassan, J., Liu, D., Zhang, G., Jin, W., 2021. Increasing glacial lake outburst flood hazard in response to surge glaciers in the Karakoram. Earth-Science Reviews 212, 103432. https://doi.org/10.1016/j.earscirev.2020.103432",,,1961.0,exact,1961-09-04,,False,,False,,False,,False,,,,False,,False,False,['Unknown'],1,['Unknown'],1
177,1961,1961,9.0,9.0,Merzbacher,Southern Inylshek,GL079841E42200N,2,G080193E42063N,42.196,79.847,3271,,,,,Ice dammed,N,Y,13_3,3,Kyrgyzstan,Issyk-Kul,Inylchek,Unknown,Unknown,Subglacial tunnel,,,,,,,,,,,,,,,,,,,,,,,,,,,,"(Glazirin, 2010)","Glazirin, G., 2010. A century of investigations on outbursts of the ice-dammed lake merzbacher (Central Tien Shan). Austrian Journal of Earth Sciences 103, 171–179.",,,1961.0,exact,1961-09-09,,False,,False,,False,,False,,,,False,,False,False,['Unknown'],1,['Subglacial tunnel'],1
178,1961,1961,7.0,16.0,Merzbacher,Southern Inylshek,GL079841E42200N,2,G080193E42063N,42.196,79.847,3271,,,,,Ice dammed,N,Y,13_3,3,Kyrgyzstan,Issyk-Kul,Inylchek,Unknown,Unknown,Subglacial tunnel,,,,,,,,,,,,,,,,,,,,,,,,,,,,"(Kingslake and Ng, 2013)","Kingslake, J., Ng, F., 2013. Quantifying the predictability of the timing of jökulhlaups from Merzbacher Lake, Kyrgyzstan. Journal of Glaciology 59, 805–818. https://doi.org/10.3189/2013JoG12J158",,,1961.0,exact,1961-07-16,,False,,False,,False,,False,,,,False,,False,False,['Unknown'],1,['Subglacial tunnel'],1
179,1962,1962,,,Khurdopin,Khurdopin,Ephemeral,,G075438E36192N,36.344239,75.474953,3482,36.463012,74.901382,2450.0,Observation,Ice dammed,N,Y,14_2,9,Pakistan,Gilgit - Baltistan,Hunza,Surging glacier,Unknown,Subglacial tunnel,,,,,,,,,,,,,,,,,,,,,,,"Damage to bridges at Passu, Loss of farms and terraces at Shimshal",,,,,"(Kreutzmann, 1994; Iturrizaga, 2005b)","Kreutzmann, H., 1994. Habitat conditions and settlement processes in the Hindukush Karakoram. Petermanns Geographische Mitteilungen 138, 337–356; Iturrizaga, L., 2005b. New observations on present and prehistorical glacier-dammed lakes in the Shimshal valley (Karakoram Mountains). Journal of Asian Earth Sciences 25, 545–555. https://doi.org/10.1016/j.jseaes.2004.04.011",,,1962.0,exact,,,False,,False,,False,,False,,,,False,,False,False,['Unknown'],1,['Subglacial tunnel'],1
180,1962,1962,9.0,15.0,Merzbacher,Southern Inylshek,GL079841E42200N,2,G080193E42063N,42.196,79.847,3271,,,,,Ice dammed,N,Y,13_3,3,Kyrgyzstan,Issyk-Kul,Inylchek,Unknown,Unknown,Subglacial tunnel,,,,,,,,,,,,,,,,,,,,,,,,,,,,"(Glazirin, 2010)","Glazirin, G., 2010. A century of investigations on outbursts of the ice-dammed lake merzbacher (Central Tien Shan). Austrian Journal of Earth Sciences 103, 171–179.",,,1962.0,exact,1962-09-15,,False,,False,,False,,False,,,,False,,False,False,['Unknown'],1,['Subglacial tunnel'],1
181,1963,1963,6.0,6.0,Merzbacher,Southern Inylshek,GL079841E42200N,2,G080193E42063N,42.196,79.847,3271,,,,,Ice dammed,N,Y,13_3,3,Kyrgyzstan,Issyk-Kul,Inylchek,Unknown,Unknown,Subglacial tunnel,,299000000.0,,,,,,,,,,,,,,,,,,,,,,,,,,"(Kingslake and Ng, 2013)","Kingslake, J., Ng, F., 2013. Quantifying the predictability of the timing of jökulhlaups from Merzbacher Lake, Kyrgyzstan. Journal of Glaciology 59, 805–818. https://doi.org/10.3189/2013JoG12J159",,,1963.0,exact,1963-06-06,,False,,False,,False,,False,,,,False,,False,False,['Unknown'],1,['Subglacial tunnel'],1
182,1963,1963,6.0,19.0,Abdukagor,Medvezhiy,Not mapped,,G072229E38652N,38.631723,72.146101,3020,,,,,Ice dammed,Y,Y,13_2,6,Tajikistan,Gorno-Badakhshan,Vanch,Unknown,Unknown,Subglacial tunnel,,22000000.0,,2000.0,,,,,,,,,,,,,,,,,,,,,,,,"(Veh et al., 2022)","Veh, G., Lützow, N., Kharlamova, V., Petrakov, D., Hugonnet, R., & Korup, O., 2022. Trends, breaks, and biases in the frequency of reported glacier lake outburst floods. Earth's Future, 10, e2021EF002426. https://doi.org/10.1029/2021EF002426",,,1963.0,exact,1963-06-19,,False,,False,,False,,False,,,,False,,False,False,['Unknown'],1,['Subglacial tunnel'],1
183,1963,1963,6.0,24.0,Kyagar,Kyagar,GL077181E35675N,"2, 3, 4",G077158E35562N,35.677371,77.190788,4880,37.982034,76.877846,1450.0,Observation,Ice dammed,N,Y,14_2,9,China,Xinjiang,Yarkant,Surging glacier,Unknown,Unknown,,,1690.0,,,,,,,,,,,,,,,,,,,,,,,,,"(Zhang et al., 1990; Zhang, 1992; Hewitt and Liu, 2010; Carrivick and Tweed, 2016; Bazai et al., 2021)","Zhang, X., Li, N., You, X., Wang, W., 1990. The Researches of Glacier Lake Outburst Floods of the Yarkant River in Xinjiang. Science in China Series B-Chemistry, Life Sciences & Earth Sciences 33 (8), 1014–1024; Zhang, X., 1992. Investigation of glacier bursts of the Yarkant River in Xinjiang, China. Annals of Glaciology 16, 135–139. https://doi.org/10.3189/1992AoG16-1-135-139; Hewitt, K., Liu, J., 2010. Ice-Dammed Lakes and Outburst Floods, Karakoram Himalaya: Historical Perspectives on Emerging Threats. Physical Geography 31, 528–551. https://doi.org/10.2747/0272-3646.31.6.528; Carrivick, J.L., Tweed, F.S., 2016. A global assessment of the societal impacts of glacier outburst floods. Global and Planetary Change 144, 1–16. https://doi.org/10.1016/j.gloplacha.2016.07.001; Bazai, N.A., Cui, P., Carling, P.A., Wang, H., Hassan, J., Liu, D., Zhang, G., Jin, W., 2021. Increasing glacial lake outburst flood hazard in response to surge glaciers in the Karakoram. Earth-Science Reviews 212, 103432. https://doi.org/10.1016/j.earscirev.2020.103432",,,1963.0,exact,1963-06-24,,False,,False,,False,,False,,,,False,,False,False,['Unknown'],1,['Unknown'],1
184,1963,1963,7.0,3.0,Abdukagor,Medvezhiy,Not mapped,,G072229E38652N,38.631723,72.146101,3020,,,,,Ice dammed,Y,Y,13_2,6,Tajikistan,Gorno-Badakhshan,Vanch,Unknown,Unknown,Subglacial tunnel,,15000000.0,,2000.0,,,,,,,,,,,,,,,,,,,,,,,,"(Veh et al., 2022)","Veh, G., Lützow, N., Kharlamova, V., Petrakov, D., Hugonnet, R., & Korup, O., 2022. Trends, breaks, and biases in the frequency of reported glacier lake outburst floods. Earth's Future, 10, e2021EF002426. https://doi.org/10.1029/2021EF002426",,,1963.0,exact,1963-07-03,,False,,False,,False,,False,,,,False,,False,False,['Unknown'],1,['Subglacial tunnel'],1
185,1963,1963,,,Khurdopin,Khurdopin,Ephemeral,,G075438E36192N,36.344239,75.474953,3482,36.439939,75.311226,3062.0,Observation,Ice dammed,N,Y,14_2,9,Pakistan,Gilgit - Baltistan,Hunza,Surging glacier,Unknown,Subglacial tunnel,,,,,,,,,,,,,,,,,,,,,,,Loss of farms and terraces at Shimshal,,,,,"(Kreutzmann, 1994; Iturrizaga, 2005b)","Kreutzmann, H., 1994. Habitat conditions and settlement processes in the Hindukush Karakoram. Petermanns Geographische Mitteilungen 138, 337–356; Iturrizaga, L., 2005b. New observations on present and prehistorical glacier-dammed lakes in the Shimshal valley (Karakoram Mountains). Journal of Asian Earth Sciences 25, 545–555. https://doi.org/10.1016/j.jseaes.2004.04.011",,,1963.0,exact,,,False,,False,,False,,False,,,,False,,False,False,['Unknown'],1,['Subglacial tunnel'],1
186,1963,1963,7.0,6.0,Lake number 17,Zharsai,Not mapped,,G077398E43136N,43.152,77.408,3380,43.29796,77.49812,1280.0,Observation,Moraine dammed,N,Y,13_3,4,Kazakhstan,Almaty,Ily-Balkhash-Alakol,Unknown,Unknown,Subglacial tunnel,,,12000.0,,,52.0,,,,,,,,,,,,,,,,,2 streets,,,,,"(Petrakov et al., 2020, Medeu et al. 2022)","Petrakov, D.A., Chernomorets, S.S., Viskhadzhieva, K.S., Dokukin, M.D., Savernyuk, E.A., Petrov, M.A., Erokhin, S.A., Tutubalina, O.V., Glazyrin, G.E., Shpuntova, A.M., Stoffel, M., 2020. Putting the poorly documented 1998 GLOF disaster in Shakhimardan River valley (Alay Range, Kyrgyzstan/Uzbekistan) into perspective. Science of The Total Environment 724, 138287. https://doi.org/10.1016/j.scitotenv.2020.138287; Medeu, A.R., Popov, N.V., Blagovechshenskiy, V.P., Askarova, M.A., Medeu, A.A., Ranova, S.U., Kamalbekova, A., Bolch, T., 2022. Moraine-dammed glacial lakes and threat of glacial debris flows in South-East Kazakhstan. Earth-Science Reviews 103999. https://doi.org/10.1016/j.earscirev.2022.103999",,,1963.0,exact,1963-07-06,,False,,False,,False,,False,,,,False,,False,False,['Unknown'],1,['Subglacial tunnel'],1
187,1963,1963,9.0,9.0,Merzbacher,Southern Inylshek,GL079841E42200N,2,G080193E42063N,42.196,79.847,3271,,,,,Ice dammed,N,Y,13_3,3,Kyrgyzstan,Issyk-Kul,Inylchek,Unknown,Unknown,Subglacial tunnel,,95000000.0,,,,,,,,,,,,,,,,,,,,,,,,,,"(Glazirin, 2010)","Glazirin, G., 2010. A century of investigations on outbursts of the ice-dammed lake merzbacher (Central Tien Shan). Austrian Journal of Earth Sciences 103, 171–179.",,,1963.0,exact,1963-09-09,,False,,False,,False,,False,,,,False,,False,False,['Unknown'],1,['Subglacial tunnel'],1
188,1963,1963,,,Tiptola (Olangchun Gola 1),Chhochenphu,GL087750E27816N,"2, 3, 4",G087755E27833N,27.82,87.75,4909,27.693,87.761,3388.0,Observation,Moraine dammed,Y,Y,15_2,11,Nepal,Koshi,Tamor,Unknown,Ice avalanche,Unknown,,,,,,4.0,,,,,,,,,,,,3.0,,,50.0,,Destroyed cropland,,,,,"(Byers et al., 2020)","Byers, A.C., Chand, M.B., Lala, J., Shrestha, M., Byers, E.A., Watanabe, T., 2020. Reconstructing the History of Glacial Lake Outburst Floods (GLOF) in the Kanchenjunga Conservation Area, East Nepal: An Interdisciplinary Approach. Sustainability 12, 5407. https://doi.org/10.3390/su12135407",,,1963.0,exact,,,False,,False,,False,,False,,,,False,,False,False,['Ice avalanche'],1,['Unknown'],1
189,1964,1964,,,Khurdopin,Khurdopin,Ephemeral,,G075438E36192N,36.344239,75.474953,3482,36.439939,75.311226,3062.0,Observation,Ice dammed,N,Y,14_2,9,Pakistan,Gilgit - Baltistan,Hunza,Surging glacier,Unknown,Subglacial tunnel,,,,,,,,,,,,,,,,,,,,,,,Loss of farms and terraces at Shimshal,,,,,"(Kreutzmann, 1994; Iturrizaga, 2005b)","Kreutzmann, H., 1994. Habitat conditions and settlement processes in the Hindukush Karakoram. Petermanns Geographische Mitteilungen 138, 337–356; Iturrizaga, L., 2005b. New observations on present and prehistorical glacier-dammed lakes in the Shimshal valley (Karakoram Mountains). Journal of Asian Earth Sciences 25, 545–555. https://doi.org/10.1016/j.jseaes.2004.04.011",,,1964.0,exact,,,False,,False,,False,,False,,,,False,,False,False,['Unknown'],1,['Subglacial tunnel'],1
190,1964,1964,5.0,17.0,Cirenma Co,Zhangzangbo,GL086065E28067N,"2, 3, 4",G086086E28064N,28.067,86.065,4644,,,,,Moraine dammed,Y,Y,15_2,11,China,TAR,Poiqu,Unknown,Unknown,Dam seepage,,,,,,,,,,,,,,,,,,,,,,,,,,,,"(Yamada and Sharma, 1993; ICIMOD, 2011; Carrivick and Tweed, 2016; Allen et al., 2019)","Yamada, T., Sharma, C., 1993. Glacier lakes and outburst floods in the Nepal Himalaya. IAHS Pub., 218, 319–330; ICIMOD, 2011. Glacial Lakes and Glacial Lake Outburst Floods in Nepal. ICIMOD; Carrivick, J.L., Tweed, F.S., 2016. A global assessment of the societal impacts of glacier outburst floods. Global and Planetary Change 144, 1–16. https://doi.org/10.1016/j.gloplacha.2016.07.001; Allen, S.K., Zhang, G., Wang, W., Yao, T., Bolch, T., 2019. Potentially dangerous glacial lakes across the Tibetan Plateau revealed using a large-scale automated assessment approach. Science Bulletin, SPECIAL TOPIC:The Second Tibetan Plateau Scientific Expedition and Research (I) 64, 435–445. https://doi.org/10.1016/j.scib.2019.03.011",,Water level rose 8m,1964.0,exact,1964-05-17,,False,,False,,False,,False,,,,False,,False,False,['Unknown'],1,['Dam seepage'],1
191,1964,1964,7.0,,Tara Co,Unnamed,GL086131E28294N,"2, 3, 4",G086136E28280N,28.295,86.132,5252,,,,Observation,Moraine dammed,Y,N,15_2,11,China,TAR,Poiqu,Unknown,Unknown,Unknown,,,,,,,,,,,,,,,,,,,,,,,,66700.0,,,,"(Ghimire, 2009)","Ghimire, M. (2009). Review of Studies on Glacier Lake Outburst Floods and Associated Vulnerability in the Himalayas. Himalayan Review, 35, 49–64. Retrieved from https://www.nepjol.info/index.php/HR/article/view/2414",,,1964.0,exact,,,False,+,True,,False,,False,,,,False,,False,True,['Unknown'],1,['Unknown'],1
192,1964,1964,8.0,12.0,Tamga,Unnamed,GL077496E41981N,"2, 3, 4",G077500E41976N,41.981819,77.49611,3750,,,,,Moraine dammed,N,N,13_3,4,Kyrgyzstan,Issyk-Kul,Djety-Oguz,Unknown,Unknown,Unknown,,,,,,,,,,,,,,,,,,,,,,,,,,,,(This study),,https://www.debrisflow.ru/en/selevye-yavleniya-yugo-vostochnogo-kazakhstana/,,1964.0,exact,1964-08-12,,False,,False,,False,,False,,,,False,,False,True,['Unknown'],1,['Unknown'],1
193,1964,1964,8.0,25.0,Longda Co,Unnamed,GL085457E28568N,"2, 3, 4",G085427E28609N,28.569,85.457,4504,,,,,Moraine dammed,Y,N,15_1,11,China,TAR,Gyirong,Unknown,Ice avalanche,Unknown,491000.0,3600000.0,3100.0,,,,,,,,,,,,,,,,,,,,,,,,,"(Ives, Shrestha and Mool, 2010; Cui et al. 2010; ICIMOD, 2011; Carrivick and Tweed, 2016; Nie et al., 2018; Veh et al., 2019)","Ives, J.D., Shrestha, R.B., Mool, P.K., 2010. Formation of Glacial Lakes in the Hindu Kush-Himalayas and GLOF Risk Assessment. ICIMOD, Kathmandu, Nepal; Cui, P., Dang, C., Cheng, Z., Scott, K.M., 2010. Debris Flows Resulting From Glacial-Lake Outburst Floods in Tibet, China. Physical Geography 31, 508–527. https://doi.org/10.2747/0272-3646.31.6.508; ICIMOD, 2011. Glacial Lakes and Glacial Lake Outburst Floods in Nepal. ICIMOD; Carrivick, J.L., Tweed, F.S., 2016. A global assessment of the societal impacts of glacier outburst floods. Global and Planetary Change 144, 1–16. https://doi.org/10.1016/j.gloplacha.2016.07.001; Nie, Y., Liu, Q., Wang, J., Zhang, Y., Sheng, Y., Liu, S., 2018. An inventory of historical glacial lake outburst floods in the Himalayas based on remote sensing observations and geomorphological analysis. Geomorphology 308, 91–106. https://doi.org/10.1016/j.geomorph.2018.02.002; Veh, G., Korup, O., von Specht, S., Roessner, S., Walz, A., 2019. Unchanged frequency of moraine-dammed glacial lake outburst floods in the Himalaya. Nature Climate Change 9, 379–383. https://doi.org/10.1038/s41558-019-0437-5",,,1964.0,exact,1964-08-25,,False,,False,,False,,False,,,,False,,False,True,['Ice avalanche'],1,['Unknown'],1
194,1964,1964,9.0,6.0,Kyagar,Kyagar,GL077181E35675N,"2, 3, 4",G077158E35562N,35.677371,77.190788,4880,37.982034,76.877846,1450.0,Observation,Ice dammed,N,Y,14_2,9,China,Xinjiang,Yarkant,Surging glacier,Unknown,Unknown,,,2450.0,,,,,,,,,,,,,,,,,,,,,,,,,"(Zhang et al., 1990; Zhang, 1992; Hewitt and Liu, 2010; Carrivick and Tweed, 2016; Bazai et al., 2021)","Zhang, X., Li, N., You, X., Wang, W., 1990. The Researches of Glacier Lake Outburst Floods of the Yarkant River in Xinjiang. Science in China Series B-Chemistry, Life Sciences & Earth Sciences 33 (8), 1014–1024; Zhang, X., 1992. Investigation of glacier bursts of the Yarkant River in Xinjiang, China. Annals of Glaciology 16, 135–139. https://doi.org/10.3189/1992AoG16-1-135-139; Hewitt, K., Liu, J., 2010. Ice-Dammed Lakes and Outburst Floods, Karakoram Himalaya: Historical Perspectives on Emerging Threats. Physical Geography 31, 528–551. https://doi.org/10.2747/0272-3646.31.6.528; Carrivick, J.L., Tweed, F.S., 2016. A global assessment of the societal impacts of glacier outburst floods. Global and Planetary Change 144, 1–16. https://doi.org/10.1016/j.gloplacha.2016.07.001; Bazai, N.A., Cui, P., Carling, P.A., Wang, H., Hassan, J., Liu, D., Zhang, G., Jin, W., 2021. Increasing glacial lake outburst flood hazard in response to surge glaciers in the Karakoram. Earth-Science Reviews 212, 103432. https://doi.org/10.1016/j.earscirev.2020.103432",,,1964.0,exact,1964-09-06,,False,,False,,False,,False,,,,False,,False,False,['Unknown'],1,['Unknown'],1
195,1964,1964,9.0,16.0,Merzbacher,Southern Inylshek,GL079841E42200N,2,G080193E42063N,42.196,79.847,3271,,,,,Ice dammed,N,Y,13_3,3,Kyrgyzstan,Issyk-Kul,Inylchek,Unknown,Unknown,Subglacial tunnel,,140000000.0,,,,,,,,,,,,,,,,,,,,,,,,,,"(Glazirin, 2010; Kingslake and Ng, 2013)","Glazirin, G., 2010. A century of investigations on outbursts of the ice-dammed lake merzbacher (Central Tien Shan). Austrian Journal of Earth Sciences 103, 171–179; Kingslake, J., Ng, F., 2013. Quantifying the predictability of the timing of jökulhlaups from Merzbacher Lake, Kyrgyzstan. Journal of Glaciology 59, 805–818. https://doi.org/10.3189/2013JoG12J174.",,,1964.0,exact,1964-09-16,,False,,False,,False,,False,,,,False,,False,False,['Unknown'],1,['Subglacial tunnel'],1
196,1964,1964,9.0,21.0,Gelhaip Co,Unnamed,GL087812E27965N,"2, 3, 4",G087845E27957N,27.964,87.816,5266,28.008,87.687,4585.0,Observation,Moraine dammed,Y,N,15_2,11,China,TAR,Pumqu,Unknown,Ice avalanche,Unknown,525000.0,7170000.0,6048.0,,Damaged Chentang-Riwo Highway,,,,,,,,,,,,,,,,,,12 trucks,,,,,"(Yamada and Sharma, 1993; Mool, Bajracharya and Joshi, 2001; Cui et al. 2010; Ives, Shrestha and Mool, 2010; ICIMOD, 2011; Carrivick and Tweed, 2016)","Yamada, T., Sharma, C., 1993. Glacier lakes and outburst floods in the Nepal Himalaya. IAHS Pub., 218, 319–330; Cui, P., Dang, C., Cheng, Z., Scott, K.M., 2010. Debris Flows Resulting From Glacial-Lake Outburst Floods in Tibet, China. Physical Geography 31, 508–527. https://doi.org/10.2747/0272-3646.31.6.508; Mool, P.K., Bajracharya, S.R., Joshi, S.P., 2001. Inventory of Glaciers, Glacial Lakes and Glacial Lake Outburst Floods. ICIMOD, Kathmandu, Nepal; Cui, P., Dang, C., Cheng, Z., Scott, K.M., 2010. Debris Flows Resulting From Glacial-Lake Outburst Floods in Tibet, China. Physical Geography 31, 508–527. https://doi.org/10.2747/0272-3646.31.6.508; Ives, J.D., Shrestha, R.B., Mool, P.K., 2010. Formation of Glacial Lakes in the Hindu Kush-Himalayas and GLOF Risk Assessment. ICIMOD, Kathmandu, Nepal; ICIMOD, 2011. Glacial Lakes and Glacial Lake Outburst Floods in Nepal. ICIMOD; Carrivick, J.L., Tweed, F.S., 2016. A global assessment of the societal impacts of glacier outburst floods. Global and Planetary Change 144, 1–16. https://doi.org/10.1016/j.gloplacha.2016.07.001",,,1964.0,exact,1964-09-21,,False,,False,,False,,False,,,,False,,False,True,['Ice avalanche'],1,['Unknown'],1
197,1964,1964,9.0,26.0,Damenhai Co,Unnamed,GL093041E29868N,"2, 3, 4",G093030E29876N,29.867675,93.04072,5230,29.936,93.152,3485.0,Observation,Moraine dammed,N,Y,13_9,18,China,TAR,Nyang,Unknown,Ice avalanche,Unknown,189000.0,1070000.0,2812.0,,Blocked the Niyang River for 16h,,,,,,,,,,,,,,,,,,,,,,,"(Cui et al. 2010; Wang et al., 2012; Carrivick and Tweed, 2016)","Cui, P., Dang, C., Cheng, Z., Scott, K.M., 2010. Debris Flows Resulting From Glacial-Lake Outburst Floods in Tibet, China. Physical Geography 31, 508–527. https://doi.org/10.2747/0272-3646.31.6.508; Wang, X., Liu, S., Ding, Y., Guo, W., Jiang, Z., Lin, J., Han, Y., 2012. An approach for estimating the breach probabilities of moraine-dammed lakes in the Chinese Himalayas using remote-sensing data. Natural Hazards and Earth System Sciences 12, 3109–3122; Carrivick, J.L., Tweed, F.S., 2016. A global assessment of the societal impacts of glacier outburst floods. Global and Planetary Change 144, 1–16. https://doi.org/10.1016/j.gloplacha.2016.07.001",,,1964.0,exact,1964-09-26,,False,,False,,False,,False,,,,False,,False,True,['Ice avalanche'],1,['Unknown'],1
198,1965,1965,7.0,21.0,Unnamed,Aksay,Not mapped,,G074556E42520N,42.528,74.5405,3637,42.552627,74.483331,2255.0,Deposit,Moraine dammed,N,Y,13_3,4,Kyrgyzstan,Chuy,Ala Archa,Unknown,Unknown,Unknown,,,10.0,,,,,,,,,,,,,,,,,,,,,,,,,"(Zaginaev et al., 2016)","Zaginaev, V., Ballesteros-Cánovas, J.A., Erokhin, S., Matov, E., Petrakov, D., Stoffel, M., 2016. Reconstruction of glacial lake outburst floods in northern Tien Shan: Implications for hazard assessment. Geomorphology 269, 75–84. https://doi.org/10.1016/j.geomorph.2016.06.028",,,1965.0,exact,1965-07-21,,False,,False,,False,,False,,,,False,,True,False,['Unknown'],1,['Unknown'],1
199,1965,1965,7.0,25.0,Lake 5,Kalesnika,Not mapped,,G077211E43032N,43.046308,77.190846,3328,,,,Deposit,Moraine dammed,N,Y,13_3,4,Kazakhstan,Almaty,Ily-Balkhash-Alakol,Unknown,Unknown,Unknown,,,,,,,,,,,,,,,,,,,,,,,,,,,,"(Shahgedanova et al., 2024)","Shahgedanova, M., Saidaliyeva, Z., Mussina, A. et al. Debris flows in the northern Tien Shan, Central Asia: regional database, meteorological triggers, and trends. npj Nat. Hazards 1, 49 (2024). https://doi.org/10.1038/s44304-024-00050-7",,,1965.0,exact,1965-07-25,,False,,False,,False,,False,,,,False,,False,False,['Unknown'],1,['Unknown'],1
200,1965,1965,8.0,16.0,Merzbacher,Southern Inylshek,GL079841E42200N,2,G080193E42063N,42.196,79.847,3271,,,,,Ice dammed,N,Y,13_3,3,Kyrgyzstan,Issyk-Kul,Inylchek,Unknown,Unknown,Subglacial tunnel,,142000000.0,,,,,,,,,,,,,,,,,,,,,,,,,,"(Glazirin, 2010; Kingslake and Ng, 2013)","Glazirin, G., 2010. A century of investigations on outbursts of the ice-dammed lake merzbacher (Central Tien Shan). Austrian Journal of Earth Sciences 103, 171–179; Kingslake, J., Ng, F., 2013. Quantifying the predictability of the timing of jökulhlaups from Merzbacher Lake, Kyrgyzstan. Journal of Glaciology 59, 805–818. https://doi.org/10.3189/2013JoG12J174.",,,1965.0,exact,1965-08-16,,False,,False,,False,,False,,,,False,,False,False,['Unknown'],1,['Subglacial tunnel'],1
201,1965,1965,8.0,21.0,Kyagar,Kyagar,GL077181E35675N,"2, 3, 4",G077158E35562N,35.677371,77.190788,4880,37.982034,76.877846,1450.0,Observation,Ice dammed,N,Y,14_2,9,China,Xinjiang,Yarkant,Surging glacier,Unknown,Unknown,,,1770.0,,,,,,,,,,,,,,,,,,,,,,,,,"(Zhang et al., 1990; Zhang, 1992; Hewitt and Liu, 2010; Carrivick and Tweed, 2016; Bazai et al., 2021)","Zhang, X., Li, N., You, X., Wang, W., 1990. The Researches of Glacier Lake Outburst Floods of the Yarkant River in Xinjiang. Science in China Series B-Chemistry, Life Sciences & Earth Sciences 33 (8), 1014–1024; Zhang, X., 1992. Investigation of glacier bursts of the Yarkant River in Xinjiang, China. Annals of Glaciology 16, 135–139. https://doi.org/10.3189/1992AoG16-1-135-139; Hewitt, K., Liu, J., 2010. Ice-Dammed Lakes and Outburst Floods, Karakoram Himalaya: Historical Perspectives on Emerging Threats. Physical Geography 31, 528–551. https://doi.org/10.2747/0272-3646.31.6.528; Carrivick, J.L., Tweed, F.S., 2016. A global assessment of the societal impacts of glacier outburst floods. Global and Planetary Change 144, 1–16. https://doi.org/10.1016/j.gloplacha.2016.07.001; Bazai, N.A., Cui, P., Carling, P.A., Wang, H., Hassan, J., Liu, D., Zhang, G., Jin, W., 2021. Increasing glacial lake outburst flood hazard in response to surge glaciers in the Karakoram. Earth-Science Reviews 212, 103432. https://doi.org/10.1016/j.earscirev.2020.103432",,,1965.0,exact,1965-08-21,,False,,False,,False,,False,,,,False,,False,False,['Unknown'],1,['Unknown'],1
202,1966,1966,,,Unnamed,Teztor,Not mapped,,G074417E42535N,42.5366,74.4273,3606,42.58,74.481,2015.0,Deposit,Moraine dammed,N,Y,13_3,4,Kyrgyzstan,Chuy,Sokuluk,Unknown,Unknown,Unknown,,,,,,,,,,,,,,,,,,,,,,,,,,,,"(Zaginaev et al., 2019)","Zaginaev, V., Petrakov, D., Erokhin, S., Meleshko, A., Stoffel, M., Ballesteros-Cánovas, J.A., 2019. Geomorphic control on regional glacier lake outburst flood and debris flow activity over northern Tien Shan. Global and Planetary Change 176, 50–59. https://doi.org/10.1016/j.gloplacha.2019.03.003",,,1966.0,exact,,,False,,False,,False,,False,,,,False,,True,False,['Unknown'],1,['Unknown'],1
203,1966,1966,6.0,18.0,Unnamed,Aksay,Not mapped,,G074556E42520N,42.528,74.5405,3637,42.552627,74.483331,2255.0,Deposit,Moraine dammed,N,Y,13_3,4,Kyrgyzstan,Chuy,Ala Archa,Unknown,Unknown,Unknown,,,5.5,,,,,,,,,,,,,,,,,,,,,,,,,"(Zaginaev et al., 2016)","Zaginaev, V., Ballesteros-Cánovas, J.A., Erokhin, S., Matov, E., Petrakov, D., Stoffel, M., 2016. Reconstruction of glacial lake outburst floods in northern Tien Shan: Implications for hazard assessment. Geomorphology 269, 75–84. https://doi.org/10.1016/j.geomorph.2016.06.028",,,1966.0,exact,1966-06-18,,False,,False,,False,,False,,,,False,,True,False,['Unknown'],1,['Unknown'],1
204,1966,1966,,,Unknown,Kuturgansuu,Ephemeral,,G074608E42515N,42.522,74.609,3470,42.535,74.658,2170.0,Deposit,Moraine dammed,N,Y,13_3,4,Kyrgyzstan,Chuy,Alamedin,Unknown,Unknown,Unknown,,,,,,,,,,,,,,,,,,,,,,,,,,,,"(Zaginaev et al., 2019)","Zaginaev, V., Petrakov, D., Erokhin, S., Meleshko, A., Stoffel, M., Ballesteros-Cánovas, J.A., 2019. Geomorphic control on regional glacier lake outburst flood and debris flow activity over northern Tien Shan. Global and Planetary Change 176, 50–59. https://doi.org/10.1016/j.gloplacha.2019.03.003",,,1966.0,exact,,,False,,False,,False,,False,,,,False,,True,False,['Unknown'],1,['Unknown'],1
205,1966,1966,7.0,4.0,Merzbacher,Southern Inylshek,GL079841E42200N,2,G080193E42063N,42.196,79.847,3271,,,,,Ice dammed,N,Y,13_3,3,Kyrgyzstan,Issyk-Kul,Inylchek,Unknown,Unknown,Subglacial tunnel,,,,,,,,,,,,,,,,,,,,,,,,,,,,"(Glazirin, 2010)","Glazirin, G., 2010. A century of investigations on outbursts of the ice-dammed lake merzbacher (Central Tien Shan). Austrian Journal of Earth Sciences 103, 171–179.",,,1966.0,exact,1966-07-04,,False,,False,,False,,False,,,,False,,False,False,['Unknown'],1,['Subglacial tunnel'],1
206,1966,1966,7.0,,Unnamed,Hailuogou,Not mapped,,G101916E29584N,29.566,101.985,3100,,,,,Moraine dammed,N,Y,15_3,20,China,Sichuan,Yangtze,Unknown,Unknown,Unknown,,,,,,,,,,,,,,,,,,,,,,,,,,,,"(Ding and Jingshi, 1992)","Ding, Y., Liu, J., 1992. Glacier lake outburst flood disasters in China. Annals of Glaciology, 16.",,,1966.0,exact,,,False,,False,,False,,False,,,,False,,True,False,['Unknown'],1,['Unknown'],1
207,1966,1966,7.0,11.0,Chon Kyzyl Su,Unnamed,GL078167E42133N,"2, 3, 4",G078164E42125N,42.12531104,78.16362109,3800,,,,,Moraine dammed,N,Y,13_3,4,Kyrgyzstan,Issyk-Kul,Djety-Oguz,Unknown,Unknown,Unknown,,,50.0,,,,,,,,,,,,,,,,,,,,,,,,,(This study),,https://www.debrisflow.ru/en/selevye-yavleniya-yugo-vostochnogo-kazakhstana/,,1966.0,exact,1966-07-11,,False,,False,,False,,False,,,,False,,False,True,['Unknown'],1,['Unknown'],1
208,1966,1966,8.0,3.0,Merzbacher,Southern Inylshek,GL079841E42200N,2,G080193E42063N,42.196,79.847,3271,,,,,Ice dammed,N,Y,13_3,3,Kyrgyzstan,Issyk-Kul,Inylchek,Unknown,Unknown,Subglacial tunnel,,,,,,,,,,,,,,,,,,,,,,,,,,,,"(Kingslake and Ng, 2013)","Kingslake, J., Ng, F., 2013. Quantifying the predictability of the timing of jökulhlaups from Merzbacher Lake, Kyrgyzstan. Journal of Glaciology 59, 805–818. https://doi.org/10.3189/2013JoG12J160",,,1966.0,exact,1966-08-03,,False,,False,,False,,False,,,,False,,False,False,['Unknown'],1,['Subglacial tunnel'],1
209,1966,1966,10.0,,Chon Kyzyl Su,Unnamed,GL078167E42133N,"2, 3, 4",G078164E42125N,42.12531104,78.16362109,3800,,,,,Moraine dammed,N,Y,13_3,4,Kyrgyzstan,Issyk-Kul,Djety-Oguz,Unknown,Unknown,Unknown,,,,,,,,,,,,,,,,,,,,,,,,,,,,(This study),,https://www.debrisflow.ru/en/selevye-yavleniya-yugo-vostochnogo-kazakhstana/,,1966.0,exact,,,False,,False,,False,,False,,,,False,,False,True,['Unknown'],1,['Unknown'],1
210,1966,1966,12.0,27.0,Merzbacher,Southern Inylshek,GL079841E42200N,2,G080193E42063N,42.196,79.847,3271,,,,,Ice dammed,N,Y,13_3,3,Kyrgyzstan,Issyk-Kul,Inylchek,Unknown,Unknown,Subglacial tunnel,,,,,,,,,,,,,,,,,,,,,,,,,,,,"(Glazirin, 2010)","Glazirin, G., 2010. A century of investigations on outbursts of the ice-dammed lake merzbacher (Central Tien Shan). Austrian Journal of Earth Sciences 103, 171–179.",,,1966.0,exact,1966-12-27,,False,,False,,False,,False,,,,False,,False,False,['Unknown'],1,['Subglacial tunnel'],1
211,1967,1967,9.0,7.0,Merzbacher,Southern Inylshek,GL079841E42200N,2,G080193E42063N,42.196,79.847,3271,,,,,Ice dammed,N,Y,13_3,3,Kyrgyzstan,Issyk-Kul,Inylchek,Unknown,Unknown,Subglacial tunnel,,182000000.0,,,,,,,,,,,,,,,,,,,,,,,,,,"(Glazirin, 2010; Kingslake and Ng, 2013)","Glazirin, G., 2010. A century of investigations on outbursts of the ice-dammed lake merzbacher (Central Tien Shan). Austrian Journal of Earth Sciences 103, 171–179; Kingslake, J., Ng, F., 2013. Quantifying the predictability of the timing of jökulhlaups from Merzbacher Lake, Kyrgyzstan. Journal of Glaciology 59, 805–818. https://doi.org/10.3189/2013JoG12J174.",,,1967.0,exact,1967-09-07,,False,,False,,False,,False,,,,False,,False,False,['Unknown'],1,['Subglacial tunnel'],1
212,1968,1968,6.0,,Isha,Unnamed,Not mapped,,G073947E42433N,42.436788,73.948343,3600,,,,,Moraine dammed,N,N,13_3,4,Kyrgyzstan,Chuy,Moskovsky,Unknown,Unknown,Unknown,,,,,,,,,,,,,,,,,,,,,,,,,,,,(This study),,https://www.debrisflow.ru/en/selevye-yavleniya-yugo-vostochnogo-kazakhstana/,,1968.0,exact,,,False,,False,,False,,False,,,,False,,False,True,['Unknown'],1,['Unknown'],1
213,1968,1968,7.0,13.0,At-Djailoo,Unnamed,Not mapped,,G075008E42451N,42.457983,75.002641,3780,,,,,Moraine dammed,N,N,13_3,4,Kyrgyzstan,Chuy,Ysyk-Ata,Unknown,Unknown,Unknown,,,,,,,,,,,,,,,,,,,,,,,,,,,,(This study),,https://www.debrisflow.ru/en/selevye-yavleniya-yugo-vostochnogo-kazakhstana/,,1968.0,exact,1968-07-13,,False,,False,,False,,False,,,,False,,False,True,['Unknown'],1,['Unknown'],1
214,1968,1968,,,Unnamed,Topkaragay,GL074519E42490N,3,G074547E42486N,42.488,74.523,3680,42.58,74.481,2015.0,Deposit,Moraine dammed,N,Y,13_3,4,Kyrgyzstan,Chuy,Ala Archa,Unknown,Unknown,Unknown,,,,,,,,,,,,,,,,,,,,,,,,,,,,"(Zaginaev et al., 2019)","Zaginaev, V., Petrakov, D., Erokhin, S., Meleshko, A., Stoffel, M., Ballesteros-Cánovas, J.A., 2019. Geomorphic control on regional glacier lake outburst flood and debris flow activity over northern Tien Shan. Global and Planetary Change 176, 50–59. https://doi.org/10.1016/j.gloplacha.2019.03.003",,,1968.0,exact,,,False,,False,,False,,False,,,,False,,True,False,['Unknown'],1,['Unknown'],1
215,1968,1968,7.0,22.0,South East Talgar,Akgul,Not mapped,,G077248E43020N,43.02,77.33,3463,,,,Deposit,Moraine dammed,N,Y,13_3,4,Kazakhstan,Almaty,Ily-Balkhash-Alakol,Unknown,Unknown,Unknown,,,,,,,,,,,,,,,,,,,,,,,,,,,,"(Shahgedanova et al., 2024)","Shahgedanova, M., Saidaliyeva, Z., Mussina, A. et al. Debris flows in the northern Tien Shan, Central Asia: regional database, meteorological triggers, and trends. npj Nat. Hazards 1, 49 (2024). https://doi.org/10.1038/s44304-024-00050-7",,,1968.0,exact,1968-07-22,,False,,False,,False,,False,,,,False,,False,False,['Unknown'],1,['Unknown'],1
216,1968,1968,8.0,10.0,Unnamed,Aksay,Not mapped,,G074556E42520N,42.528,74.5405,3637,42.552627,74.483331,2255.0,Deposit,Moraine dammed,N,Y,13_3,4,Kyrgyzstan,Chuy,Ala Archa,Unknown,Unknown,Unknown,,,7.5,70.0,,,,,,,,,,,,,,,,,,,,,,,,"(Zaginaev et al., 2016)","Zaginaev, V., Ballesteros-Cánovas, J.A., Erokhin, S., Matov, E., Petrakov, D., Stoffel, M., 2016. Reconstruction of glacial lake outburst floods in northern Tien Shan: Implications for hazard assessment. Geomorphology 269, 75–84. https://doi.org/10.1016/j.geomorph.2016.06.028",,,1968.0,exact,1968-08-10,,False,,False,,False,,False,,,,False,,True,False,['Unknown'],1,['Unknown'],1
217,1968,1968,8.0,10.0,Kyagar,Kyagar,GL077181E35675N,"2, 3, 4",G077158E35562N,35.677371,77.190788,4880,37.982034,76.877846,1450.0,Observation,Ice dammed,N,Y,14_2,9,China,Xinjiang,Yarkant,Surging glacier,Unknown,Unknown,,,3150.0,,,,,,,,,,,,,,,,,,,,,,,,,"(Zhang et al., 1990; Zhang, 1992; Hewitt and Liu, 2010; Carrivick and Tweed, 2016; Bazai et al., 2021)","Zhang, X., Li, N., You, X., Wang, W., 1990. The Researches of Glacier Lake Outburst Floods of the Yarkant River in Xinjiang. Science in China Series B-Chemistry, Life Sciences & Earth Sciences 33 (8), 1014–1024; Zhang, X., 1992. Investigation of glacier bursts of the Yarkant River in Xinjiang, China. Annals of Glaciology 16, 135–139. https://doi.org/10.3189/1992AoG16-1-135-139; Hewitt, K., Liu, J., 2010. Ice-Dammed Lakes and Outburst Floods, Karakoram Himalaya: Historical Perspectives on Emerging Threats. Physical Geography 31, 528–551. https://doi.org/10.2747/0272-3646.31.6.528; Carrivick, J.L., Tweed, F.S., 2016. A global assessment of the societal impacts of glacier outburst floods. Global and Planetary Change 144, 1–16. https://doi.org/10.1016/j.gloplacha.2016.07.001; Bazai, N.A., Cui, P., Carling, P.A., Wang, H., Hassan, J., Liu, D., Zhang, G., Jin, W., 2021. Increasing glacial lake outburst flood hazard in response to surge glaciers in the Karakoram. Earth-Science Reviews 212, 103432. https://doi.org/10.1016/j.earscirev.2020.103432",,,1968.0,exact,1968-08-10,,False,,False,,False,,False,,,,False,,False,False,['Unknown'],1,['Unknown'],1
218,1968,1968,8.0,15.0,Aya Co,Unnamed,GL086494E28348N,"2, 3, 4",G086459E28339N,28.346,86.49,5533,28.58541,86.58843,4330.0,Observation,Moraine dammed,Y,Y,15_2,11,China,TAR,Pumqu,Unknown,Ice avalanche,Unknown,,,,,,,,,,,,,,,,,,,,,,,,,,,,"(Mool, Bajracharya and Joshi, 2001; ICIMOD, 2011; Komori et al., 2012; Wang et al., 2012; Liu et al., 2014; Nie et al., 2018; Veh et al., 2019)","Mool, P.K., Bajracharya, S.R., Joshi, S.P., 2001. Inventory of Glaciers, Glacial Lakes and Glacial Lake Outburst Floods. ICIMOD, Kathmandu, Nepal; ICIMOD, 2011. Glacial Lakes and Glacial Lake Outburst Floods in Nepal. ICIMOD; Komori, J., Koike, T., Yamanokuchi, T., Tshering, P., 2012. Glacial Lake Outburst Events in the Bhutan Himalayas. Global Environmental Research 16, 59–70; Wang, X., Liu, S., Ding, Y., Guo, W., Jiang, Z., Lin, J., Han, Y., 2012. An approach for estimating the breach probabilities of moraine-dammed lakes in the Chinese Himalayas using remote-sensing data. Natural Hazards and Earth System Sciences 12, 3109–3122. https://doi.org/10.5194/nhess-12-3109-2012; Liu, J.-J., Cheng, Z.-L., Li, Y., 2014. The 1988 glacial lake outburst flood in Guangxieco Lake, Tibet, China. Natural Hazards and Earth System Sciences 14, 3065–3075. https://doi.org/10.5194/nhess-14-3065-2014; Nie, Y., Liu, Q., Wang, J., Zhang, Y., Sheng, Y., Liu, S., 2018. An inventory of historical glacial lake outburst floods in the Himalayas based on remote sensing observations and geomorphological analysis. Geomorphology 308, 91–106. https://doi.org/10.1016/j.geomorph.2018.02.002; Veh, G., Korup, O., von Specht, S., Roessner, S., Walz, A., 2019. Unchanged frequency of moraine-dammed glacial lake outburst floods in the Himalaya. Nature Climate Change 9, 379–383. https://doi.org/10.1038/s41558-019-0437-5",,,1968.0,exact,1968-08-15,,False,,False,,False,,False,,,,False,,False,True,['Ice avalanche'],1,['Unknown'],1
219,1968,1968,,,Tiptola (Olangchun Gola 2),Chhochenphu,GL087750E27816N,"2, 3, 4",G087755E27833N,27.82,87.75,4909,27.693,87.761,3388.0,Observation,Moraine dammed,Y,Y,15_2,11,Nepal,Koshi,Tamor,Unknown,Ice avalanche,Unknown,,,,,,,,,,,,,,,,,,,1.0,,,,,,,,,"(Byers et al., 2020)","Byers, A.C., Chand, M.B., Lala, J., Shrestha, M., Byers, E.A., Watanabe, T., 2020. Reconstructing the History of Glacial Lake Outburst Floods (GLOF) in the Kanchenjunga Conservation Area, East Nepal: An Interdisciplinary Approach. Sustainability 12, 5407. https://doi.org/10.3390/su12135407",,,1968.0,exact,,,False,,False,,False,,False,,,,False,,False,False,['Ice avalanche'],1,['Unknown'],1
220,1968,1968,8.0,15.0,Damenhai Co,Unnamed,GL093041E29868N,"2, 3, 4",G093030E29876N,29.867675,93.04072,5230,29.936,93.151,3490.0,Deposit,Moraine dammed,N,Y,13_9,18,China,TAR,Nyang,Unknown,Unknown,Unknown,,,,,,,,,,,,,,,,,,,,,,,,,,,,"(Yao et al., 2014)","Yao, X.J., Liu, S.Y., Sun, M.P., Zhang, X.J., 2014. Study on the glacial lake outburst flood events in Tibet since the 20th century. Journal of Natural Resources 29(8), 1377–1390. http://www.jnr.ac.cn/EN/10.11849/zrzyxb.2014.08.010",,,1968.0,exact,1968-08-15,,False,,False,,False,,False,,,,False,,False,True,['Unknown'],1,['Unknown'],1
221,1968,1968,8.0,17.0,Merzbacher,Southern Inylshek,GL079841E42200N,2,G080193E42063N,42.196,79.847,3271,,,,,Ice dammed,N,Y,13_3,3,Kyrgyzstan,Issyk-Kul,Inylchek,Unknown,Unknown,Subglacial tunnel,,164000000.0,,,,,,,,,,,,,,,,,,,,,,,,,,"(Kingslake and Ng, 2013)","Kingslake, J., Ng, F., 2013. Quantifying the predictability of the timing of jökulhlaups from Merzbacher Lake, Kyrgyzstan. Journal of Glaciology 59, 805–818. https://doi.org/10.3189/2013JoG12J161",,,1968.0,exact,1968-08-17,,False,,False,,False,,False,,,,False,,False,False,['Unknown'],1,['Subglacial tunnel'],1
222,1969,1969,7.0,25.0,Unnamed,Aksay,Not mapped,,G074556E42520N,42.528,74.5405,3637,42.552627,74.483331,2255.0,Deposit,Moraine dammed,N,Y,13_3,4,Kyrgyzstan,Chuy,Ala Archa,Unknown,Unknown,Unknown,,,5.0,900.0,,,,,,,,,,,,,,,,,,,,,,,,"(Zaginaev et al., 2016)","Zaginaev, V., Ballesteros-Cánovas, J.A., Erokhin, S., Matov, E., Petrakov, D., Stoffel, M., 2016. Reconstruction of glacial lake outburst floods in northern Tien Shan: Implications for hazard assessment. Geomorphology 269, 75–84. https://doi.org/10.1016/j.geomorph.2016.06.028",,,1969.0,exact,1969-07-25,,False,,False,,False,,False,,,,False,,True,False,['Unknown'],1,['Unknown'],1
223,1969,1969,8.0,17.0,Aya Co,Unnamed,GL086494E28348N,"2, 3, 4",G086459E28339N,28.346,86.49,5533,28.58541,86.58843,4330.0,Observation,Moraine dammed,Y,Y,15_2,11,China,TAR,Pumqu,Unknown,Ice avalanche,Unknown,,,,,,,,,,,,,,,,,,,,,,,,,,,,"(Mool, Bajracharya and Joshi, 2001; Wang et al., 2012; Liu et al., 2014; Carrivick and Tweed, 2016; Nie et al., 2018; Veh et al., 2019)","Mool, P.K., Bajracharya, S.R., Joshi, S.P., 2001. Inventory of Glaciers, Glacial Lakes and Glacial Lake Outburst Floods. ICIMOD, Kathmandu, Nepal; Wang, X., Liu, S., Ding, Y., Guo, W., Jiang, Z., Lin, J., Han, Y., 2012. An approach for estimating the breach probabilities of moraine-dammed lakes in the Chinese Himalayas using remote-sensing data. Natural Hazards and Earth System Sciences 12, 3109–3122. https://doi.org/10.5194/nhess-12-3109-2012; Liu, J.-J., Cheng, Z.-L., Li, Y., 2014. The 1988 glacial lake outburst flood in Guangxieco Lake, Tibet, China. Natural Hazards and Earth System Sciences 14, 3065–3075. https://doi.org/10.5194/nhess-14-3065-2014; Carrivick, J.L., Tweed, F.S., 2016. A global assessment of the societal impacts of glacier outburst floods. Global and Planetary Change 144, 1–16. https://doi.org/10.1016/j.gloplacha.2016.07.001; Nie, Y., Liu, Q., Wang, J., Zhang, Y., Sheng, Y., Liu, S., 2018. An inventory of historical glacial lake outburst floods in the Himalayas based on remote sensing observations and geomorphological analysis. Geomorphology 308, 91–106. https://doi.org/10.1016/j.geomorph.2018.02.002; Veh, G., Korup, O., von Specht, S., Roessner, S., Walz, A., 2019. Unchanged frequency of moraine-dammed glacial lake outburst floods in the Himalaya. Nature Climate Change 9, 379–383. https://doi.org/10.1038/s41558-019-0437-5",,,1969.0,exact,1969-08-17,,False,,False,,False,,False,,,,False,,False,True,['Ice avalanche'],1,['Unknown'],1
224,1969,1969,8.0,20.0,Merzbacher,Southern Inylshek,GL079841E42200N,2,G080193E42063N,42.196,79.847,3271,,,,,Ice dammed,N,Y,13_3,3,Kyrgyzstan,Issyk-Kul,Inylchek,Unknown,Unknown,Subglacial tunnel,,,,,,,,,,,,,,,,,,,,,,,,,,,,"(Kingslake and Ng, 2013)","Kingslake, J., Ng, F., 2013. Quantifying the predictability of the timing of jökulhlaups from Merzbacher Lake, Kyrgyzstan. Journal of Glaciology 59, 805–818. https://doi.org/10.3189/2013JoG12J162",,,1969.0,exact,1969-08-20,,False,,False,,False,,False,,,,False,,False,False,['Unknown'],1,['Subglacial tunnel'],1
225,1970,1970,6.0,20.0,Lake 5,Kalesnika,Not mapped,,G077211E43032N,43.046308,77.190846,3328,,,,Deposit,Moraine dammed,N,Y,13_3,4,Kazakhstan,Almaty,Ily-Balkhash-Alakol,Unknown,Unknown,Unknown,,,,,,,,,,,,,,,,,,,,,,,,,,,,"(Shahgedanova et al., 2024)","Shahgedanova, M., Saidaliyeva, Z., Mussina, A. et al. Debris flows in the northern Tien Shan, Central Asia: regional database, meteorological triggers, and trends. npj Nat. Hazards 1, 49 (2024). https://doi.org/10.1038/s44304-024-00050-7",,,1970.0,exact,1970-06-20,,False,,False,,False,,False,,,,False,,False,False,['Unknown'],1,['Unknown'],1
226,1970,1970,7.0,10.0,Unnamed,Unnamed,GL088858E27655N,"2,3,4",G088849E27645N,27.654,88.858,4660,,,,,Moraine dammed,Y,N,15_2,12,China,TAR,Kangbuqu,Unknown,Ice avalanche,Unknown,200000.0,333000.0,,,,,,,,,,,,,,,,,,,,,,,,,,"(Cui et al., 2010)","Cui, P., Dang, C., Cheng, Z., Scott, K.M., 2010. Debris Flows Resulting From Glacial-Lake Outburst Floods in Tibet, China. Physical Geography 31, 508–527. https://doi.org/10.2747/0272-3646.31.6.508",,,1970.0,exact,1970-07-10,,False,,False,,False,,False,,,,False,,True,True,['Ice avalanche'],1,['Unknown'],1
227,1970,1970,7.0,14.0,Lake number 9,Glacier No. 151,GL077137E42998N,2,G077152E42985N,42.998,77.137,3500,43.26,77.213,1170.0,Deposit,Moraine dammed,N,Y,13_3,4,Kazakhstan,Almaty,Ily-Balkhash-Alakol,Unknown,Unknown,Unknown,,,,,,,,,,,,,,,,,,,,,,,,,,,,"(Zheng et al., 2021)","Zheng, G., Bao, A., Allen, S., Ballesteros-Canovas, J.A., Yuan, Y., Jiapaer, G., 2021. Numerous Unreported Glacial Lake Outburst Floods in the Third Pole Revealed by High-Resolution Satellite Data and Geomorphological Evidence. Science Bulletin. https://doi.org/10.1016/j.scib.2021.01.014.",,,1970.0,exact,1970-07-14,,False,,False,,False,,False,,,,False,,False,False,['Unknown'],1,['Unknown'],1
228,1970,1970,7.0,18.0,Unnamed,Aksay,Not mapped,,G074556E42520N,42.528,74.5405,3637,42.552627,74.483331,2255.0,Deposit,Moraine dammed,N,Y,13_3,4,Kyrgyzstan,Chuy,Ala Archa,Unknown,Unknown,Unknown,,,10.0,800.0,,,,,,,,,,,,,,,,,,,,,,,,"(Zaginaev et al., 2016)","Zaginaev, V., Ballesteros-Cánovas, J.A., Erokhin, S., Matov, E., Petrakov, D., Stoffel, M., 2016. Reconstruction of glacial lake outburst floods in northern Tien Shan: Implications for hazard assessment. Geomorphology 269, 75–84. https://doi.org/10.1016/j.geomorph.2016.06.028",,,1970.0,exact,1970-07-18,,False,,False,,False,,False,,,,False,,True,False,['Unknown'],1,['Unknown'],1
229,1970,1970,7.0,31.0,Merzbacher,Southern Inylshek,GL079841E42200N,2,G080193E42063N,42.196,79.847,3271,,,,,Ice dammed,N,Y,13_3,3,Kyrgyzstan,Issyk-Kul,Inylchek,Unknown,Unknown,Subglacial tunnel,,86000000.0,,,,,,,,,,,,,,,,,,,,,,,,,,"(Kingslake and Ng, 2013)","Kingslake, J., Ng, F., 2013. Quantifying the predictability of the timing of jökulhlaups from Merzbacher Lake, Kyrgyzstan. Journal of Glaciology 59, 805–818. https://doi.org/10.3189/2013JoG12J163",,,1970.0,exact,1970-07-31,,False,,False,,False,,False,,,,False,,False,False,['Unknown'],1,['Subglacial tunnel'],1
230,1970,1970,7.0,,Qunbixiama Co,Unnamed,GL088921E27847N,"2, 3, 4",G088896E27864N,27.847,88.921,4670,,,,,Moraine dammed,Y,N,15_2,12,China,TAR,Kangbuqu,Unknown,Unknown,Unknown,,,,,,,,,,,,,,,,,,,,,,,,,,,,"(Veh et al., 2022)","Veh, G., Lützow, N., Kharlamova, V., Petrakov, D., Hugonnet, R., & Korup, O., 2022. Trends, breaks, and biases in the frequency of reported glacier lake outburst floods. Earth's Future, 10, e2021EF002426. https://doi.org/10.1029/2021EF002426",,,1970.0,exact,,,False,,False,,False,,False,,,,False,,False,True,['Unknown'],1,['Unknown'],1
231,1970,1970,8.0,2.0,Unnamed,Aksay,Not mapped,,G074556E42520N,42.528,74.5405,3637,42.552627,74.483331,2255.0,Deposit,Moraine dammed,N,Y,13_3,4,Kyrgyzstan,Chuy,Ala Archa,Unknown,Unknown,Unknown,,,10.0,800.0,,,,,,,,,,,,,,,,,,,,,,,,"(Zaginaev et al., 2016)","Zaginaev, V., Ballesteros-Cánovas, J.A., Erokhin, S., Matov, E., Petrakov, D., Stoffel, M., 2016. Reconstruction of glacial lake outburst floods in northern Tien Shan: Implications for hazard assessment. Geomorphology 269, 75–84. https://doi.org/10.1016/j.geomorph.2016.06.028",,,1970.0,exact,1970-08-02,,False,,False,,False,,False,,,,False,,True,False,['Unknown'],1,['Unknown'],1
232,1970,1970,8.0,18.0,Aya Co,Unnamed,GL086494E28348N,"2, 3, 4",G086459E28339N,28.346,86.49,5533,28.58541,86.58843,4330.0,Observation,Moraine dammed,Y,Y,15_2,11,China,TAR,Pumqu,Unknown,Ice avalanche,Unknown,,,,,,,,,,,,,,,,,,,,,,,Damaged highway and concrete bridges of Desha No. 1 in Tibet,,,,,"(Mool, Bajracharya and Joshi, 2001; Wang et al., 2012; Liu et al., 2014; Veh et al., 2019)","Mool, P.K., Bajracharya, S.R., Joshi, S.P., 2001. Inventory of Glaciers, Glacial Lakes and Glacial Lake Outburst Floods. ICIMOD, Kathmandu, Nepal; Wang, X., Liu, S., Ding, Y., Guo, W., Jiang, Z., Lin, J., Han, Y., 2012. An approach for estimating the breach probabilities of moraine-dammed lakes in the Chinese Himalayas using remote-sensing data. Natural Hazards and Earth System Sciences 12, 3109–3122. https://doi.org/10.5194/nhess-12-3109-2012; Liu, J.-J., Cheng, Z.-L., Li, Y., 2014. The 1988 glacial lake outburst flood in Guangxieco Lake, Tibet, China. Natural Hazards and Earth System Sciences 14, 3065–3075. https://doi.org/10.5194/nhess-14-3065-2014; Veh, G., Korup, O., von Specht, S., Roessner, S., Walz, A., 2019. Unchanged frequency of moraine-dammed glacial lake outburst floods in the Himalaya. Nature Climate Change 9, 379–383. https://doi.org/10.1038/s41558-019-0437-5",,"Difference in ouburst date between three authors. Carrivick-1970/8/17; Nie et al., - 1970/7/12 and Veh et al., 1970/8/18. Consider veh et al., 2018 as the outburst date match with Kiu et al., 2014 and Wang et al., 2012",1970.0,exact,1970-08-18,,False,,False,,False,,False,,,,False,,False,True,['Ice avalanche'],1,['Unknown'],1
233,1970,1970,,,Unknown,Salyk,Ephemeral,,G074719E42495N,42.518,74.717,3390,42.561,74.663,2005.0,Deposit,Moraine dammed,N,Y,13_3,4,Kyrgyzstan,Chuy,Ysyk-Ata,Unknown,Unknown,Unknown,,,,,,,,,,,,,,,,,,,,,,,,,,,,"(Zaginaev et al., 2019)","Zaginaev, V., Petrakov, D., Erokhin, S., Meleshko, A., Stoffel, M., Ballesteros-Cánovas, J.A., 2019. Geomorphic control on regional glacier lake outburst flood and debris flow activity over northern Tien Shan. Global and Planetary Change 176, 50–59. https://doi.org/10.1016/j.gloplacha.2019.03.003",,,1970.0,exact,,,False,,False,,False,,False,,,,False,,True,False,['Unknown'],1,['Unknown'],1
234,1970,1970,9.0,1.0,Merzbacher,Southern Inylshek,GL079841E42200N,2,G080193E42063N,42.196,79.847,3271,,,,,Ice dammed,N,Y,13_3,3,Kyrgyzstan,Issyk-Kul,Inylchek,Unknown,Unknown,Subglacial tunnel,,,,,,,,,,,,,,,,,,,,,,,,,,,,"(Glazirin, 2010)","Glazirin, G., 2010. A century of investigations on outbursts of the ice-dammed lake merzbacher (Central Tien Shan). Austrian Journal of Earth Sciences 103, 171–179.",,,1970.0,exact,1970-09-01,,False,,False,,False,,False,,,,False,,False,False,['Unknown'],1,['Subglacial tunnel'],1
235,1971,1971,7.0,10.0,Unnamed,Aksay,Not mapped,,G074556E42520N,42.528,74.5405,3637,42.552627,74.483331,2255.0,Deposit,Moraine dammed,N,Y,13_3,4,Kyrgyzstan,Chuy,Ala Archa,Unknown,Unknown,Unknown,,,,,,,,,,,,,,,,,,,,,,,,,,,,"(Veh et al., 2022)","Veh, G., Lützow, N., Kharlamova, V., Petrakov, D., Hugonnet, R., & Korup, O., 2022. Trends, breaks, and biases in the frequency of reported glacier lake outburst floods. Earth's Future, 10, e2021EF002426. https://doi.org/10.1029/2021EF002426",,,1971.0,exact,1971-07-10,,False,,False,,False,,False,,,,False,,True,False,['Unknown'],1,['Unknown'],1
236,1971,1971,7.0,12.0,Lake number 18,Glacier No. 151,GL077137E42998N,2,G077152E42985N,42.998,77.137,3500,43.26,77.213,1170.0,Deposit,Moraine dammed,N,N,13_3,4,Kazakhstan,Almaty,Ily-Balkhash-Alakol,Unknown,Unknown,Unknown,,,,,,,,,,,,,,,,,,,,,,,,,,,,"(Narama, Severskiy and Yegorov, 2009)","Narama, C., Severskiy, I., and Yegorov, A. 2009. Current state of glacier changes, glacial lakes, and outburst floods in the Ile Ala-Tau and Kungoy Ala-Too ranges, northern Tien Shan Mountains, Ann. Hokkaido Geogr., 84, 22–32, https://doi.org/10.7886/hgs.84.31",,,1971.0,exact,1971-07-12,,False,,False,,False,,False,,,,False,,False,False,['Unknown'],1,['Unknown'],1
237,1971,1971,8.0,2.0,Kyagar,Kyagar,GL077181E35675N,"2, 3, 4",G077158E35562N,35.677371,77.190788,4880,37.982034,76.877846,1450.0,Observation,Ice dammed,N,Y,14_2,9,China,Xinjiang,Yarkant,Surging glacier,Unknown,Unknown,,,4750.0,,,,,,,,,,,,,,,,,,,,,,,,,"(Zhang et al., 1990; Zhang, 1992; Hewitt and Liu, 2010; Carrivick and Tweed, 2016; Bazai et al., 2021)","Zhang, X., Li, N., You, X., Wang, W., 1990. The Researches of Glacier Lake Outburst Floods of the Yarkant River in Xinjiang. Science in China Series B-Chemistry, Life Sciences & Earth Sciences 33 (8), 1014–1024; Zhang, X., 1992. Investigation of glacier bursts of the Yarkant River in Xinjiang, China. Annals of Glaciology 16, 135–139. https://doi.org/10.3189/1992AoG16-1-135-139; Hewitt, K., Liu, J., 2010. Ice-Dammed Lakes and Outburst Floods, Karakoram Himalaya: Historical Perspectives on Emerging Threats. Physical Geography 31, 528–551. https://doi.org/10.2747/0272-3646.31.6.528; Carrivick, J.L., Tweed, F.S., 2016. A global assessment of the societal impacts of glacier outburst floods. Global and Planetary Change 144, 1–16. https://doi.org/10.1016/j.gloplacha.2016.07.001; Bazai, N.A., Cui, P., Carling, P.A., Wang, H., Hassan, J., Liu, D., Zhang, G., Jin, W., 2021. Increasing glacial lake outburst flood hazard in response to surge glaciers in the Karakoram. Earth-Science Reviews 212, 103432. https://doi.org/10.1016/j.earscirev.2020.103432",,,1971.0,exact,1971-08-02,,False,,False,,False,,False,,,,False,,False,False,['Unknown'],1,['Unknown'],1
238,1971,1971,,,Unnamed,Unnamed,GL077441E34317N,"2, 3, 4",G077449E34305N,34.317,77.441,5145,34.195181,77.335314,3145.0,Observation,Moraine dammed,Y,N,14_2,10,India,Jammu and Kashmir,Upper Indus,Unknown,Unknown,Unknown,,,,,,13.0,,,,,,,,,,,,,,,,,,,,,,"(Ikeda, Narama and Gyalson, 2016)","Ikeda, N., Narama, C., Gyalson, S., 2016. Knowledge Sharing for Disaster Risk Reduction: Insights from a Glacier Lake Workshop in the Ladakh Region, Indian Himalayas. mred 36, 31–40. https://doi.org/10.1659/MRD-JOURNAL-D-15-00035.1",,Visible traces in the valley below the ocurrence all the way to the village (Nimmoo) along the Indus,1971.0,exact,,,False,,False,,False,,False,,,,False,,True,True,['Unknown'],1,['Unknown'],1
239,1971,1971,8.0,17.0,Merzbacher,Southern Inylshek,GL079841E42200N,2,G080193E42063N,42.196,79.847,3271,,,,,Ice dammed,N,Y,13_3,3,Kyrgyzstan,Issyk-Kul,Inylchek,Unknown,Unknown,Subglacial tunnel,,133000000.0,,,,,,,,,,,,,,,,,,,,,,,,,,"(Kingslake and Ng, 2013)","Kingslake, J., Ng, F., 2013. Quantifying the predictability of the timing of jökulhlaups from Merzbacher Lake, Kyrgyzstan. Journal of Glaciology 59, 805–818. https://doi.org/10.3189/2013JoG12J164",,,1971.0,exact,1971-08-17,,False,,False,,False,,False,,,,False,,False,False,['Unknown'],1,['Subglacial tunnel'],1
240,1972,1972,,,Chateboi,Chateboi,Ephemeral,,G073888E36780N,36.84573,73.89904,3680,,,,,Ice dammed,N,Y,14_2,9,Pakistan,Gilgit - Baltistan,Gilgit,Glacier advance,Unknown,Unknown,,,,,,,,,,,,,,,,,,,,,,,,,,,,"(Iturrizaga, 2004)","Iturrizaga, L., 2004. Ice-dammed lakes in the Hindukush-Karakoram Mountains (Pakistan): Geomorphological impacts of outbursts floods in the Karambar valley. Himalayan Journal of Sciences 2, 160–161. https://doi.org/10.3126/hjs.v2i4.851",,,1972.0,exact,,,False,,False,,False,,False,,,,False,,False,False,['Unknown'],1,['Unknown'],1
241,1972,1972,,,Unknown,Unna,Not mapped,,G074654E36075N,36.039,74.633,3312,36.012126,74.541862,2276.0,Observation,Unknown,N,Y,14_2,9,Pakistan,Gilgit - Baltistan,Gilgit,Unknown,Unknown,Unknown,,,,,,,,,,,,,,,,,,,,,,,,,,,,"(This study; Ashraf et al., 2015)","Ashraf, A., Naz, R., Mustafa, N., Iqbal, M.B., Ahmad, B., Jawad, A., Ahmad. I., 2015. Updating GLOF Lake Inventory of Northern Pakistan and Establishment of Community Based Early Warning System in Bagrot and Bondo Gol Valleys. Technical Report. Islamabad, Pakistan: Pakistan Agricultural Research Council (PARC).",,"On 11th December 2012 a community exchange documented this event. Unna Glacial lake burst causing heavy flood in Boipher caused damage to natural forest and the settlements of Sat, Dar, Ghosonar, Chira and Bulchi villages.",1972.0,exact,,,False,,False,+,True,,False,,,+,True,,True,False,['Unknown'],1,['Unknown'],1
242,1972,1972,,,Unknown,Batura,Ephemeral,,G074581E36501N,36.510556,74.850591,2713,,,,,Supraglacial,N,Y,14_2,9,Pakistan,Gilgit - Baltistan,Hunza,Unknown,Unknown,Unknown,,,,,,,,,,,,,,,,,,,,,,,Bridge destroyed,,,,,"(Shi, 2003; Hewitt and Liu, 2010; Gao et al., 2021)","Shi, Y.F., 2003. An exploring innovative research case: recollection of the Batura Glacier expedition and research on restoring Karakorum Highway project. Journal of Glaciology and Geocryology 25, 479–481; Hewitt, K., Liu, J., 2010. Ice-Dammed Lakes and Outburst Floods, Karakoram Himalaya: Historical Perspectives on Emerging Threats. Physical Geography 31, 528–551. https://doi.org/10.2747/0272-3646.31.6.528; Gao, Y., Liu, S., Qi, M., Xie, F., Wu, K., Zhu, Y., 2021. Glacier-Related Hazards Along the International Karakoram Highway: Status and Future Perspectives. Front. Earth Sci. 0. https://doi.org/10.3389/feart.2021.611501",,,1972.0,exact,,,False,,False,,False,,False,,,,False,,True,False,['Unknown'],1,['Unknown'],1
243,1972,1972,7.0,23.0,Bugyai,Unnamed,GL094801E31772N,"2, 3",G094809E31774N,31.772396,94.80115,5200,,,,,Moraine dammed,Y,N,13_9,19,China,TAR,Nujiang,Unknown,Unknown,Unknown,,,,,,,,,,,,,,,,,,,,,,,,,,,,"(Ding and Jingshi, 1992)","Ding, Y., Liu, J., 1992. Glacier lake outburst flood disasters in China. Annals of Glaciology, 16.",,,1972.0,exact,1972-07-23,,False,,False,,False,,False,,,,False,,False,True,['Unknown'],1,['Unknown'],1
244,1972,1972,8.0,23.0,Poge Co,Unnamed,GL094725E31736N,"2, 3, 4",G094728E31782N,31.74,94.73,4520,,,,,Moraine dammed,N,N,13_9,19,China,TAR,Nujiang,Unknown,Ice avalanche,Unknown,500000.0,1330000.0,,,,,,,,,,,,,,,,,,,,,Damaged few bridges,,,,,"(Cui et al., 2010; Veh et al., 2019)","Cui, P., Dang, C., Cheng, Z., Scott, K.M., 2010. Debris Flows Resulting From Glacial-Lake Outburst Floods in Tibet, China. Physical Geography 31, 508–527. https://doi.org/10.2747/0272-3646.31.6.508; Veh, G., Korup, O., von Specht, S., Roessner, S., Walz, A., 2019. Unchanged frequency of moraine-dammed glacial lake outburst floods in the Himalaya. Nature Climate Change 9, 379–383. https://doi.org/10.1038/s41558-019-0437-5",,,1972.0,exact,1972-08-23,,False,,False,,False,,False,,,,False,,False,True,['Ice avalanche'],1,['Unknown'],1
245,1972,1972,10.0,4.0,Merzbacher,Southern Inylshek,GL079841E42200N,2,G080193E42063N,42.196,79.847,3271,,,,,Ice dammed,N,Y,13_3,3,Kyrgyzstan,Issyk-Kul,Inylchek,Unknown,Unknown,Subglacial tunnel,,161000000.0,,,,,,,,,,,,,,,,,,,,,,,,,,"(Kingslake and Ng, 2013)","Kingslake, J., Ng, F., 2013. Quantifying the predictability of the timing of jökulhlaups from Merzbacher Lake, Kyrgyzstan. Journal of Glaciology 59, 805–818. https://doi.org/10.3189/2013JoG12J165",,,1972.0,exact,1972-10-04,,False,,False,,False,,False,,,,False,,False,False,['Unknown'],1,['Subglacial tunnel'],1
246,1973,1973,7.0,20.0,Abdukagor,Medvezhiy,Not mapped,,G072229E38652N,38.631723,72.146101,3020,,,,,Ice dammed,Y,Y,13_2,6,Tajikistan,Gorno-Badakhshan,Vanch,Unknown,Unknown,Subglacial tunnel,,18000000.0,,1600.0,,,,,,,,,,,,,,,,,,,,,,,,"(Veh et al., 2022)","Veh, G., Lützow, N., Kharlamova, V., Petrakov, D., Hugonnet, R., & Korup, O., 2022. Trends, breaks, and biases in the frequency of reported glacier lake outburst floods. Earth's Future, 10, e2021EF002426. https://doi.org/10.1029/2021EF002426",,,1973.0,exact,1973-07-20,,False,,False,,False,,False,,,,False,,False,False,['Unknown'],1,['Subglacial tunnel'],1
247,1973,1973,,,Unnamed,Aksay,Not mapped,,G074556E42520N,42.528,74.5405,3637,42.552627,74.483331,2255.0,Deposit,Moraine dammed,N,Y,13_3,4,Kyrgyzstan,Chuy,Ala Archa,Unknown,Unknown,Unknown,,,,,,,,,,,,,,,,,,,,,,,,,,,,"(Zaginaev et al., 2019)","Zaginaev, V., Petrakov, D., Erokhin, S., Meleshko, A., Stoffel, M., Ballesteros-Cánovas, J.A., 2019. Geomorphic control on regional glacier lake outburst flood and debris flow activity over northern Tien Shan. Global and Planetary Change 176, 50–59. https://doi.org/10.1016/j.gloplacha.2019.03.003",,,1973.0,exact,,,False,,False,,False,,False,,,,False,,True,False,['Unknown'],1,['Unknown'],1
248,1973,1973,,,Unknown,Batura,Ephemeral,,G074581E36501N,36.510556,74.850591,2713,,,,,Supraglacial,N,Y,14_2,9,Pakistan,Gilgit - Baltistan,Hunza,Unknown,Unknown,Unknown,,,,,,,,,,,,,,,,,,,,,,,"Destroyed road subgrade, bridges and culverts",,,,,"(Shi and Zhang, 1978; Gao et al., 2021)","Shi, Y.F., Zhang, X.S., 1978. Historical variations in the advance and retreat of the Batura Glacier in the Karakoram mountains. Acta Geographica Sinica 33, 27–40. https://doi.org/10.11821/xb197801002; Gao, Y., Liu, S., Qi, M., Xie, F., Wu, K., Zhu, Y., 2021. Glacier-Related Hazards Along the International Karakoram Highway: Status and Future Perspectives. Front. Earth Sci. 0. https://doi.org/10.3389/feart.2021.611501",,,1973.0,exact,,,False,,False,,False,,False,,,,False,,True,False,['Unknown'],1,['Unknown'],1
249,1973,1973,7.0,15.0,Lake number 2,Central Tuyuksu,GL077075E43064N,"3, 4",G077081E43044N,43.065,77.076,3374,43.147,77.062,1830.0,Deposit,Moraine dammed,N,Y,13_3,4,Kazakhstan,Almaty,Ily-Balkhash-Alakol,Unknown,High temperatures; intense rainfall,Unknown,,224000.0,10000.0,,,10.0,,,,,,,,,,,,,,,,,,,,,,"(Narama, Severskiy and Yegorov, 2009, Medeu et al. 2022)","Narama, C., Severskiy, I., and Yegorov, A. 2009. Current state of glacier changes, glacial lakes, and outburst floods in the Ile Ala-Tau and Kungoy Ala-Too ranges, northern Tien Shan Mountains, Ann. Hokkaido Geogr., 84, 22–32, https://doi.org/10.7886/hgs.84.35; Medeu, A.R., Popov, N.V., Blagovechshenskiy, V.P., Askarova, M.A., Medeu, A.A., Ranova, S.U., Kamalbekova, A., Bolch, T., 2022. Moraine-dammed glacial lakes and threat of glacial debris flows in South-East Kazakhstan. Earth-Science Reviews 103999. https://doi.org/10.1016/j.earscirev.2022.103999",,,1973.0,exact,1973-07-15,,False,,False,,False,,False,,,,False,,False,False,"['High temperatures', 'Intense rainfall']",2,['Unknown'],1
250,1973,1973,7.0,15.0,Lake number 6,Glacier No 182/Bezymyannyi/TEU-Severny,Ephemeral,,G077275E43137N,43.144,77.277,3380,,,,,Supraglacial,N,Y,13_3,4,Kazakhstan,Almaty,Ily-Balkhash-Alakol,Unknown,Unknown,Ice core thawing,,24000.0,,25.0,,,,,,,,,,,,,,,,,,,,,,,,(Medeu et al. 2022),"Medeu, A.R., Popov, N.V., Blagovechshenskiy, V.P., Askarova, M.A., Medeu, A.A., Ranova, S.U., Kamalbekova, A., Bolch, T., 2022. Moraine-dammed glacial lakes and threat of glacial debris flows in South-East Kazakhstan. Earth-Science Reviews 103999. https://doi.org/10.1016/j.earscirev.2022.103999",,,1973.0,exact,1973-07-15,,False,,False,,False,,False,,,,False,,False,False,['Unknown'],1,['Ice core thawing'],1
251,1973,1973,7.0,16.0,Lake number 2,Central Tuyuksu,GL077075E43064N,"3, 4",G077081E43044N,43.065,77.076,3374,43.147,77.062,1830.0,Deposit,Moraine dammed,N,Y,13_3,4,Kazakhstan,Almaty,Ily-Balkhash-Alakol,Unknown,High temperatures; intense rainfall,Unknown,,500000.0,,,,,,,,,,,,,,,,,,,,,,,,,,"(Narama, Severskiy and Yegorov, 2009)","Narama, C., Severskiy, I., and Yegorov, A. 2009. Current state of glacier changes, glacial lakes, and outburst floods in the Ile Ala-Tau and Kungoy Ala-Too ranges, northern Tien Shan Mountains, Ann. Hokkaido Geogr., 84, 22–32, https://doi.org/10.7886/hgs.84.32",,,1973.0,exact,1973-07-16,,False,,False,,False,,False,,,,False,,False,False,"['High temperatures', 'Intense rainfall']",2,['Unknown'],1
252,1973,1973,8.0,16.0,Lake number 6,Glacier No 182/Bezymyannyi/TEU-Severny,Ephemeral,,G077275E43137N,43.144,77.277,3380,,,,,Supraglacial,N,Y,13_3,4,Kazakhstan,Almaty,Ily-Balkhash-Alakol,Unknown,Unknown,Unknown,,,,,,,,,,,,,,,,,,,,,,,,,,,,(Medeu et al. 2022),"Medeu, A.R., Popov, N.V., Blagovechshenskiy, V.P., Askarova, M.A., Medeu, A.A., Ranova, S.U., Kamalbekova, A., Bolch, T., 2022. Moraine-dammed glacial lakes and threat of glacial debris flows in South-East Kazakhstan. Earth-Science Reviews 103999. https://doi.org/10.1016/j.earscirev.2022.103999",,,1973.0,exact,1973-08-16,,False,,False,,False,,False,,,,False,,False,False,['Unknown'],1,['Unknown'],1
253,1973,1973,8.0,18.0,Lake number 6,Glacier No 182/Bezymyannyi/TEU-Severny,Ephemeral,,G077275E43137N,43.144,77.277,3380,,,,,Supraglacial,N,Y,13_3,4,Kazakhstan,Almaty,Ily-Balkhash-Alakol,Unknown,Unknown,Unknown,,,,,,,,,,,,,,,,,,,,,,,,,,,,(Medeu et al. 2022),"Medeu, A.R., Popov, N.V., Blagovechshenskiy, V.P., Askarova, M.A., Medeu, A.A., Ranova, S.U., Kamalbekova, A., Bolch, T., 2022. Moraine-dammed glacial lakes and threat of glacial debris flows in South-East Kazakhstan. Earth-Science Reviews 103999. https://doi.org/10.1016/j.earscirev.2022.103999",,,1973.0,exact,1973-08-18,,False,,False,,False,,False,,,,False,,False,False,['Unknown'],1,['Unknown'],1
254,1973,1973,8.0,19.0,Lake number 6,Glacier No 182/Bezymyannyi/TEU-Severny,Ephemeral,,G077275E43137N,43.144,77.277,3380,,,,,Supraglacial,N,Y,13_3,4,Kazakhstan,Almaty,Ily-Balkhash-Alakol,Unknown,Unknown,Unknown,,,,,,,,,,,,,,,,,,,,,,,,,,,,(Medeu et al. 2022),"Medeu, A.R., Popov, N.V., Blagovechshenskiy, V.P., Askarova, M.A., Medeu, A.A., Ranova, S.U., Kamalbekova, A., Bolch, T., 2022. Moraine-dammed glacial lakes and threat of glacial debris flows in South-East Kazakhstan. Earth-Science Reviews 103999. https://doi.org/10.1016/j.earscirev.2022.103999",,,1973.0,exact,1973-08-19,,False,,False,,False,,False,,,,False,,False,False,['Unknown'],1,['Unknown'],1
255,1973,1973,9.0,4.0,Merzbacher,Southern Inylshek,GL079841E42200N,2,G080193E42063N,42.196,79.847,3271,,,,,Ice dammed,N,Y,13_3,3,Kyrgyzstan,Issyk-Kul,Inylchek,Unknown,Unknown,Subglacial tunnel,,,,,,,,,,,,,,,,,,,,,,,,,,,,"(Kingslake and Ng, 2013)","Kingslake, J., Ng, F., 2013. Quantifying the predictability of the timing of jökulhlaups from Merzbacher Lake, Kyrgyzstan. Journal of Glaciology 59, 805–818. https://doi.org/10.3189/2013JoG12J166",,,1973.0,exact,1973-09-04,,False,,False,,False,,False,,,,False,,False,False,['Unknown'],1,['Subglacial tunnel'],1
256,1974,1974,,,Unnamed,Dubani,Not mapped,,G074629E35951N,35.93,74.609,4121,,,,,Supraglacial,N,Y,14_2,9,Pakistan,Gilgit - Baltistan,Gilgit,Unknown,Unknown,Unknown,,,,,,,,,,,,,,,,,,,,,,,,,,,,"(This study; Ashraf et al., 2015)","Ashraf, A., Naz, R., Mustafa, N., Iqbal, M.B., Ahmad, B., Jawad, A., Ahmad. I., 2015. Updating GLOF Lake Inventory of Northern Pakistan and Establishment of Community Based Early Warning System in Bagrot and Bondo Gol Valleys. Technical Report. Islamabad, Pakistan: Pakistan Agricultural Research Council (PARC).",,On 11th December 2012 a community exchange documented this event. A huge damage occurred to natural forest as well as the settlements of Villages Taisote and Massingot.,1974.0,exact,,,False,,False,+,True,,False,,,+,True,,True,False,['Unknown'],1,['Unknown'],1
257,1974,1974,,,Unknown,Batura,Ephemeral,,G074581E36501N,36.510556,74.850591,2713,,,,,Supraglacial,N,Y,14_2,9,Pakistan,Gilgit - Baltistan,Hunza,Unknown,Unknown,Unknown,,,,,,,,,,,,,,,,,,,,,,,,,,,,"(Goudie, 1981; Kreutzmann, 1994)","Goudie, A., 1981. Fearful Landscape of the Karakoram. The Geographical Magazine 53(5), 306–312; Kreutzmann, H., 1994. Habitat conditions and settlement processes in the Hindukush Karakoram. Petermanns Geographische Mitteilungen 138, 337–356",,,1974.0,exact,,,False,,False,,False,,False,,,,False,,True,False,['Unknown'],1,['Unknown'],1
258,1974,1974,4.0,12.0,Unknown,Balt Bare,Ephemeral,,G074935E36339N,36.338551,74.931346,4244,36.363605,74.859477,2410.0,Observation,Landslide dammed,N,Y,14_2,9,Pakistan,Gilgit - Baltistan,Hunza,Surging glacier,Unknown,Unknown,,,,,,1.0,,,,,,,,,,,,,1.0,,,,,,,,,"(Wang et al., 1984)","Wang, W., Maohuan, H., Jinming, C., Miller, K.J., 1984. A surging advance of Balt Bare glacier, Karakoram Mountains., in: The International Karakoram Project. Cambridge University Press, pp. 76–83.",,"April 12, 1974, an extensive mud-rock flow burst out from the Balt Bare valley above Shishkat Village through which the Karakoram Highway passes. The mud-rock flow, with tremendous force, swept away a house and a pedestrian.",1974.0,exact,1974-04-12,,False,,False,,False,,False,,,,False,,True,False,['Unknown'],1,['Unknown'],1
259,1974,1974,6.0,14.0,Angy Say,No glacier,Not mapped,,G077155E41973N,41.997,77.152,3500,42.032215,77.05377,2340.0,Observation,Moraine dammed,N,Y,13_3,4,Kyrgyzstan,Issyk-Kul,Tong,Unknown,Unknown,Unknown,,,,,,,,,,,,,,,,,,,,,,,,,,,,"(Narama et al., 2010)","Narama, C., Duishonakunov, M., Kääb, A., Daiyrov, M., Abdrakhmatov, K., 2010. The 24 July 2008 outburst flood at the western Zyndan glacier lake and recent regional changes in glacier lakes of the Teskey Ala-Too range, Tien Shan, Kyrgyzstan. Natural Hazards and Earth System Sciences 10, 647–659. https://doi.org/10.5194/nhess-10-647-2010",,,1974.0,exact,1974-06-14,,False,,False,,False,,False,,,,False,,False,False,['Unknown'],1,['Unknown'],1
260,1974,1974,7.0,6.0,Boge Co,Unknown,GL094304E32062N,2,No glacier,32.061983,94.304445,5027,32.091566,94.319879,4690.0,Observation,Moraine dammed,N,N,13_9,19,China,TAR,Nujiang,Unknown,Unknown,Unknown,,,,,,,,,,,,,,,,,,,,,,,Damaged roads and wooden bridges,,,,,"(Wang et al., 2012)","Wang, X., Liu, S., Ding, Y., Guo, W., Jiang, Z., Lin, J., Han, Y., 2012. An approach for estimating the breach probabilities of moraine-dammed lakes in the Chinese Himalayas using remote-sensing data. Natural Hazards and Earth System Sciences 12, 3109–3122",,,1974.0,exact,1974-07-06,,False,,False,,False,,False,,,,False,,False,True,['Unknown'],1,['Unknown'],1
261,1974,1974,7.0,10.0,Unnamed,Topkaragay,GL074519E42490N,3,G074547E42486N,42.488,74.523,3680,42.58,74.481,2015.0,Deposit,Moraine dammed,N,Y,13_3,4,Kyrgyzstan,Chuy,Ala Archa,Unknown,Unknown,Unknown,,,,,,,,,,,,,,,,,,,,,,,,,,,,"(Zaginaev et al., 2019)","Zaginaev, V., Petrakov, D., Erokhin, S., Meleshko, A., Stoffel, M., Ballesteros-Cánovas, J.A., 2019. Geomorphic control on regional glacier lake outburst flood and debris flow activity over northern Tien Shan. Global and Planetary Change 176, 50–59. https://doi.org/10.1016/j.gloplacha.2019.03.003",,,1974.0,exact,1974-07-10,,False,,False,,False,,False,,,,False,,True,False,['Unknown'],1,['Unknown'],1
262,1974,1974,7.0,15.0,Lake number 6,Glacier No 182/Bezymyannyi/TEU-Severny,Ephemeral,,G077275E43137N,43.144,77.277,3380,,,,,Supraglacial,N,Y,13_3,4,Kazakhstan,Almaty,Ily-Balkhash-Alakol,Unknown,Unknown,Unknown,,26000.0,100.0,,,,,,,,,,,,,,,,,,,,,,,,,(Medeu et al. 2022),"Medeu, A.R., Popov, N.V., Blagovechshenskiy, V.P., Askarova, M.A., Medeu, A.A., Ranova, S.U., Kamalbekova, A., Bolch, T., 2022. Moraine-dammed glacial lakes and threat of glacial debris flows in South-East Kazakhstan. Earth-Science Reviews 103999. https://doi.org/10.1016/j.earscirev.2022.103999",,,1974.0,exact,1974-07-15,,False,,False,,False,,False,,,,False,,False,False,['Unknown'],1,['Unknown'],1
263,1974,1974,7.0,21.0,Lake number 6,Glacier No 182/Bezymyannyi/TEU-Severny,Ephemeral,,G077275E43137N,43.144,77.277,3380,,,,,Supraglacial,N,Y,13_3,4,Kazakhstan,Almaty,Ily-Balkhash-Alakol,Unknown,Unknown,Unknown,,,250.0,,,,,,,,,,,,,,,,,,,,,,,,,"(Medeu et al. 2022; Narama, Severskiy and Yegorov, 2009)","Medeu, A.R., Popov, N.V., Blagovechshenskiy, V.P., Askarova, M.A., Medeu, A.A., Ranova, S.U., Kamalbekova, A., Bolch, T., 2022. Moraine-dammed glacial lakes and threat of glacial debris flows in South-East Kazakhstan. Earth-Science Reviews 103999. https://doi.org/10.1016/j.earscirev.2022.103999; Narama, C., Severskiy, I., Yegorov, A., 2009. Current State of Glacier Changes, Glacial Lakes, and Outburst Floods in the Ile Ala-Tau and Kungöy Ala-Too Ranges, Northern Tien Shan Mountains. ????????? 84, 22–32. https://doi.org/10.7886/hgs.84.22",,,1974.0,exact,1974-07-21,,False,,False,,False,,False,,,,False,,False,False,['Unknown'],1,['Unknown'],1
264,1974,1974,8.0,2.0,Lake number 6,Glacier No 182/Bezymyannyi/TEU-Severny,Ephemeral,,G077275E43137N,43.144,77.277,3380,,,,,Supraglacial,N,Y,13_3,4,Kazakhstan,Almaty,Ily-Balkhash-Alakol,Unknown,Unknown,Unknown,,,300.0,,,,,,,,,,,,,,,,,,,,,,,,,"(Medeu et al. 2022; Narama, Severskiy and Yegorov, 2009)","Medeu, A.R., Popov, N.V., Blagovechshenskiy, V.P., Askarova, M.A., Medeu, A.A., Ranova, S.U., Kamalbekova, A., Bolch, T., 2022. Moraine-dammed glacial lakes and threat of glacial debris flows in South-East Kazakhstan. Earth-Science Reviews 103999. https://doi.org/10.1016/j.earscirev.2022.103999; Narama, C., Severskiy, I., Yegorov, A., 2009. Current State of Glacier Changes, Glacial Lakes, and Outburst Floods in the Ile Ala-Tau and Kungöy Ala-Too Ranges, Northern Tien Shan Mountains. ????????? 84, 22–32. https://doi.org/10.7886/hgs.84.22",,,1974.0,exact,1974-08-02,,False,,False,,False,,False,,,,False,,False,False,['Unknown'],1,['Unknown'],1
265,1974,1974,8.0,8.0,Merzbacher,Southern Inylshek,GL079841E42200N,2,G080193E42063N,42.196,79.847,3271,,,,,Ice dammed,N,Y,13_3,3,Kyrgyzstan,Issyk-Kul,Inylchek,Unknown,Unknown,Subglacial tunnel,,,,,,,,,,,,,,,,,,,,,,,,,,,,"(Kingslake and Ng, 2013)","Kingslake, J., Ng, F., 2013. Quantifying the predictability of the timing of jökulhlaups from Merzbacher Lake, Kyrgyzstan. Journal of Glaciology 59, 805–818. https://doi.org/10.3189/2013JoG12J167",,,1974.0,exact,1974-08-08,,False,,False,,False,,False,,,,False,,False,False,['Unknown'],1,['Subglacial tunnel'],1
266,1975,1975,,,Unnamed,Aksay,Not mapped,,G074556E42520N,42.528,74.5405,3637,42.552627,74.483331,2255.0,Deposit,Moraine dammed,N,Y,13_3,4,Kyrgyzstan,Chuy,Ala Archa,Unknown,Unknown,Unknown,,,,,,,,,,,,,,,,,,,,,,,,,,,,"(Zaginaev et al., 2019)","Zaginaev, V., Petrakov, D., Erokhin, S., Meleshko, A., Stoffel, M., Ballesteros-Cánovas, J.A., 2019. Geomorphic control on regional glacier lake outburst flood and debris flow activity over northern Tien Shan. Global and Planetary Change 176, 50–59. https://doi.org/10.1016/j.gloplacha.2019.03.003",,,1975.0,exact,,,False,,False,,False,,False,,,,False,,True,False,['Unknown'],1,['Unknown'],1
267,1975,1975,,,Unknown,Salyk,Ephemeral,,G074719E42495N,42.518,74.717,3390,42.561,74.663,2005.0,Deposit,Moraine dammed,N,Y,13_3,4,Kyrgyzstan,Chuy,Ysyk-Ata,Unknown,Unknown,Unknown,,,,,,,,,,,,,,,,,,,,,,,,,,,,"(Zaginaev et al., 2019)","Zaginaev, V., Petrakov, D., Erokhin, S., Meleshko, A., Stoffel, M., Ballesteros-Cánovas, J.A., 2019. Geomorphic control on regional glacier lake outburst flood and debris flow activity over northern Tien Shan. Global and Planetary Change 176, 50–59. https://doi.org/10.1016/j.gloplacha.2019.03.003",,,1975.0,exact,,,False,,False,,False,,False,,,,False,,True,False,['Unknown'],1,['Unknown'],1
268,1975,1975,,,Unknown,Balt Bare,Ephemeral,,G074935E36339N,36.338551,74.931346,4244,36.363605,74.859477,2410.0,Observation,Landslide dammed,N,Y,14_2,9,Pakistan,Gilgit - Baltistan,Hunza,Surging glacier,Unknown,Unknown,,,,,,1.0,,,,,,,,,,,,,1.0,,,,,,,,,"(Ali, 1977; Kreutzmann, 1994)","Ali 1987. Far eastern economic review; Kreutzmann, H., 1994. Habitat conditions and settlement processes in the Hindukush Karakoram. Petermanns Geographische Mitteilungen 138, 337–356",,,1975.0,exact,,,False,,False,,False,,False,,,,False,,True,False,['Unknown'],1,['Unknown'],1
269,1975,1975,6.0,17.0,Angy Say,No glacier,Not mapped,,G077155E41973N,41.997,77.152,3500,42.032215,77.05377,2340.0,Observation,Moraine dammed,N,Y,13_3,4,Kyrgyzstan,Issyk-Kul,Tong,Unknown,Unknown,Unknown,,,,,,,,,,,,,,,,,,,,,,,,,,,,"(Narama et al., 2010)","Narama, C., Duishonakunov, M., Kääb, A., Daiyrov, M., Abdrakhmatov, K., 2010. The 24 July 2008 outburst flood at the western Zyndan glacier lake and recent regional changes in glacier lakes of the Teskey Ala-Too range, Tien Shan, Kyrgyzstan. Natural Hazards and Earth System Sciences 10, 647–659. https://doi.org/10.5194/nhess-10-647-2010",,,1975.0,exact,1975-06-17,,False,,False,,False,,False,,,,False,,False,False,['Unknown'],1,['Unknown'],1
270,1975,1975,6.0,18.0,Unknown,North Terong,Ephemeral,,G077336E35311N,35.254,77.308,4400,,,,,Ice dammed,Y,Y,14_2,9,India,Jammu and Kashmir,Nubra,Glacier advance,Unknown,Unknown,,2280000.0,,,,,,,,,,,,,,,,,,,,,,,,,,"(Bazai et al., 2021)","Bazai, N.A., Cui, P., Carling, P.A., Wang, H., Hassan, J., Liu, D., Zhang, G., Jin, W., 2021. Increasing glacial lake outburst flood hazard in response to surge glaciers in the Karakoram. Earth-Science Reviews 212, 103432. https://doi.org/10.1016/j.earscirev.2020.103432",,,1975.0,exact,1975-06-18,,False,,False,,False,,False,,,,False,,True,False,['Unknown'],1,['Unknown'],1
271,1975,1975,8.0,18.0,Ozernaya,Sovetov,GL077043E43039N,"2, 4",G077044E43032N,43.039,77.044,3460,43.084,76.976,1939.0,Deposit,Moraine dammed,N,Y,13_3,4,Kazakhstan,Almaty,Ily-Balkhash-Alakol,Unknown,Unknown,Ice core thawing,,,,,,,,,,,,,,,,,,,,,,,,,,,,"(Narama, Severskiy and Yegorov, 2009; Medeu et al., 2016)","Narama, C., Severskiy, I., and Yegorov, A. 2009. Current state of glacier changes, glacial lakes, and outburst floods in the Ile Ala-Tau and Kungoy Ala-Too ranges, northern Tien Shan Mountains, Ann. Hokkaido Geogr., 84, 22–32, https://doi.org/10.7886/hgs.84.35; Medeu, A.R., Baimoldaev, T.A. and Kirenskaya, T.L., 2016. Debris Flow Phenomena of Southeastern Kazakhstan: Anthology of Debris Flow Phenomena and Their Investigations. Almaty: Gylym.",,,1975.0,exact,1975-08-18,,False,,False,,False,,False,,,,False,,False,False,['Unknown'],1,['Ice core thawing'],1
272,1975,1975,9.0,12.0,Merzbacher,Southern Inylshek,GL079841E42200N,2,G080193E42063N,42.196,79.847,3271,,,,,Ice dammed,N,Y,13_3,3,Kyrgyzstan,Issyk-Kul,Inylchek,Unknown,Unknown,Subglacial tunnel,,,,,,,,,,,,,,,,,,,,,,,,,,,,"(Kingslake and Ng, 2013)","Kingslake, J., Ng, F., 2013. Quantifying the predictability of the timing of jökulhlaups from Merzbacher Lake, Kyrgyzstan. Journal of Glaciology 59, 805–818. https://doi.org/10.3189/2013JoG12J168",,,1975.0,exact,1975-09-12,,False,,False,,False,,False,,,,False,,False,False,['Unknown'],1,['Subglacial tunnel'],1
273,1976,1976,6.0,18.0,Kyagar,Kyagar,GL077181E35675N,"2, 3, 4",G077158E35562N,35.677371,77.190788,4880,37.982034,76.877846,1450.0,Observation,Ice dammed,N,Y,14_2,9,China,Xinjiang,Yarkant,Surging glacier,Unknown,Unknown,,4210000.0,,,,,,,,,,,,,,,,,,,,,,,,,,"(Bazai et al., 2021)","Bazai, N.A., Cui, P., Carling, P.A., Wang, H., Hassan, J., Liu, D., Zhang, G., Jin, W., 2021. Increasing glacial lake outburst flood hazard in response to surge glaciers in the Karakoram. Earth-Science Reviews 212, 103432. https://doi.org/10.1016/j.earscirev.2020.103432",,,1976.0,exact,1976-06-18,,False,,False,,False,,False,,,,False,,False,False,['Unknown'],1,['Unknown'],1
274,1976,1976,6.0,24.0,Sol Talgar,Unnamed,GL077114E43031N,"2, 3, 4",G077100E43026N,43.031261,77.113936,3590,,,,Deposit,Moraine dammed,N,Y,13_3,4,Kazakhstan,Almaty,Ily-Balkhash-Alakol,Unknown,Unknown,Unknown,,,,,,,,,,,,,,,,,,,,,,,,,,,,"(Shahgedanova et al., 2024)","Shahgedanova, M., Saidaliyeva, Z., Mussina, A. et al. Debris flows in the northern Tien Shan, Central Asia: regional database, meteorological triggers, and trends. npj Nat. Hazards 1, 49 (2024). https://doi.org/10.1038/s44304-024-00050-7",,,1976.0,exact,1976-06-24,,False,,False,,False,,False,,,,False,,False,True,['Unknown'],1,['Unknown'],1
275,1976,1976,7.0,10.0,Lake 5,Kalesnika,Not mapped,,G077211E43032N,43.046308,77.190846,3328,,,,Deposit,Moraine dammed,N,Y,13_3,4,Kazakhstan,Almaty,Ily-Balkhash-Alakol,Unknown,Unknown,Unknown,,,,,,,,,,,,,,,,,,,,,,,,,,,,"(Shahgedanova et al., 2024)","Shahgedanova, M., Saidaliyeva, Z., Mussina, A. et al. Debris flows in the northern Tien Shan, Central Asia: regional database, meteorological triggers, and trends. npj Nat. Hazards 1, 49 (2024). https://doi.org/10.1038/s44304-024-00050-7",,,1976.0,exact,1976-07-10,,False,,False,,False,,False,,,,False,,False,False,['Unknown'],1,['Unknown'],1
276,1976,1976,8.0,24.0,Merzbacher,Southern Inylshek,GL079841E42200N,2,G080193E42063N,42.196,79.847,3271,,,,,Ice dammed,N,Y,13_3,3,Kyrgyzstan,Issyk-Kul,Inylchek,Unknown,Unknown,Subglacial tunnel,,131000000.0,,,,,,,,,,,,,,,,,,,,,,,,,,"(Kingslake and Ng, 2013)","Kingslake, J., Ng, F., 2013. Quantifying the predictability of the timing of jökulhlaups from Merzbacher Lake, Kyrgyzstan. Journal of Glaciology 59, 805–818. https://doi.org/10.3189/2013JoG12J169",,,1976.0,exact,1976-08-24,,False,,False,,False,,False,,,,False,,False,False,['Unknown'],1,['Subglacial tunnel'],1
277,1976,1976,8.0,30.0,Unnamed,Hailuogou,Not mapped,,G101916E29584N,29.566,101.985,3100,,,,,Moraine dammed,N,Y,15_3,20,China,Sichuan,Yangtze,Unknown,Unknown,Unknown,,,,,,,,,,,,,,,,,,,,,,,,,,,,"(Ding and Jingshi, 1992)","Ding, Y., Liu, J., 1992. Glacier lake outburst flood disasters in China. Annals of Glaciology, 16.",,,1976.0,exact,1976-08-30,,False,,False,,False,,False,,,,False,,True,False,['Unknown'],1,['Unknown'],1
278,1976,1976,9.0,15.0,Unnamed,Central Rimo,GL077605E35421N,"2, 3",G077428E35296N,35.418,77.606,5100,,,,,Ice dammed,Y,Y,14_2,9,India,Jammu and Kashmir,Shyok,Surging glacier,Unknown,Unknown,,90900000.0,,,,,,,,,,,,,,,,,,,,,,,,,,"(Bazai et al., 2021)","Bazai, N.A., Cui, P., Carling, P.A., Wang, H., Hassan, J., Liu, D., Zhang, G., Jin, W., 2021. Increasing glacial lake outburst flood hazard in response to surge glaciers in the Karakoram. Earth-Science Reviews 212, 103432. https://doi.org/10.1016/j.earscirev.2020.103432",,Self-damping lake filled and drained without any major destruction downstream with a maximum volume before flood 90.9x106 m3 with a lake area 1.172 km2,1976.0,exact,1976-09-15,,False,,False,,False,,False,,,,False,,True,False,['Unknown'],1,['Unknown'],1
279,1977,1977,6.0,10.0,Chateboi,Chateboi,Ephemeral,,G073888E36780N,36.84573,73.89904,3680,,,,,Ice dammed,N,Y,14_2,9,Pakistan,Gilgit - Baltistan,Gilgit,Glacier advance,Unknown,Unknown,,13700000.0,,,,,,,,,,,,,,,,,,,,,,,,,,"(Iturrizaga, 2005a; Bazai et al., 2021)","Iturrizaga, L., 2005a. Historical glacier-dammed lakes and outburst floods in the Karambar valley (Hindukush-Karakoram). GeoJournal 63, 1–47. https://doi.org/10.1007/s10708-005-2395-x; Bazai, N.A., Cui, P., Carling, P.A., Wang, H., Hassan, J., Liu, D., Zhang, G., Jin, W., 2021. Increasing glacial lake outburst flood hazard in response to surge glaciers in the Karakoram. Earth-Science Reviews 212, 103432. https://doi.org/10.1016/j.earscirev.2020.103432",,"The largest lake developed in December and expanded until May 23, 1977. Peak lake volume before flood 13.70x106 m3 with a lake area 0.37km2. The outburst took place between June 1st and June 10 1977",1977.0,exact,1977-06-10,,False,,False,,False,,False,,,,False,,False,False,['Unknown'],1,['Unknown'],1
280,1977,1977,7.0,12.0,Lake number 17,Zharsai,Not mapped,,G077398E43136N,43.152,77.408,3470,,,,Deposit,Moraine dammed,N,Y,13_3,4,Kazakhstan,Almaty,Ily-Balkhash-Alakol,Unknown,Unknown,Unknown,,,,,,,,,,,,,,,,,,,,,,,,,,,,"(Shahgedanova et al., 2024)","Shahgedanova, M., Saidaliyeva, Z., Mussina, A. et al. Debris flows in the northern Tien Shan, Central Asia: regional database, meteorological triggers, and trends. npj Nat. Hazards 1, 49 (2024). https://doi.org/10.1038/s44304-024-00050-7",,,1977.0,exact,1977-07-12,,False,,False,,False,,False,,,,False,,False,False,['Unknown'],1,['Unknown'],1
281,1977,1977,,,Unnamed,Aksay,Not mapped,,G074556E42520N,42.528,74.5405,3637,42.552627,74.483331,2255.0,Deposit,Moraine dammed,N,Y,13_3,4,Kyrgyzstan,Chuy,Ala Archa,Unknown,Unknown,Unknown,,,,,,,,,,,,,,,,,,,,,,,,,,,,"(Zaginaev et al., 2019)","Zaginaev, V., Petrakov, D., Erokhin, S., Meleshko, A., Stoffel, M., Ballesteros-Cánovas, J.A., 2019. Geomorphic control on regional glacier lake outburst flood and debris flow activity over northern Tien Shan. Global and Planetary Change 176, 50–59. https://doi.org/10.1016/j.gloplacha.2019.03.003",,,1977.0,exact,,,False,,False,,False,,False,,,,False,,True,False,['Unknown'],1,['Unknown'],1
282,1977,1977,,,Unknown,Balt Bare,Ephemeral,,G074935E36339N,36.338551,74.931346,4244,,,,,Landslide dammed,N,Y,14_2,9,Pakistan,Gilgit - Baltistan,Hunza,Surging glacier,Unknown,Unknown,,,,,,,,,,,,,,,,,,,,,,,"Bridge, several kiometers of road destroyed",,,,,"(Francis, Miller and Dong, 1981; Roohi et al., 2008; Bazai et al., 2021; Gao et al., 2021)","Francis, M.R., Miller, K.J., Dong, Z.-B., 1984. Impulse Radar Ice-depth Sounding of the Ghulkin Glacier, in: The International Karakoram Project. Cambridge University Press, pp. 111–123; Roohi, R., Ashraf, A., Mustafa, N., Mustafa, T., 2008. Preparatory Assessment Report on Community Based Survey for Assessment of Glacial Lake Outburst Flood Hazards (GLOFs) in Hunza River Basin. Pakistan: WRRI-NARC and UNDP; Bazai, N.A., Cui, P., Carling, P.A., Wang, H., Hassan, J., Liu, D., Zhang, G., Jin, W., 2021. Increasing glacial lake outburst flood hazard in response to surge glaciers in the Karakoram. Earth-Science Reviews 212, 103432. https://doi.org/10.1016/j.earscirev.2020.103432; Gao, Y., Liu, S., Qi, M., Xie, F., Wu, K., Zhu, Y., 2021. Glacier-Related Hazards Along the International Karakoram Highway: Status and Future Perspectives. Front. Earth Sci. 0. https://doi.org/10.3389/feart.2021.611501",,,1977.0,exact,,,False,,False,+,True,,False,,,,False,,True,False,['Unknown'],1,['Unknown'],1
283,1977,1977,6.0,25.0,Lake number 17,Zharsai,Not mapped,,G077398E43136N,43.152,77.408,3380,,,,,Supraglacial,N,Y,13_3,4,Kazakhstan,Almaty,Ily-Balkhash-Alakol,Glacier melt,Unknown,Unknown,,460000.0,500.0,,,,,,,,,,,,,,,,,,,,,,,,,(Medeu et al. 2022),"Medeu, A.R., Popov, N.V., Blagovechshenskiy, V.P., Askarova, M.A., Medeu, A.A., Ranova, S.U., Kamalbekova, A., Bolch, T., 2022. Moraine-dammed glacial lakes and threat of glacial debris flows in South-East Kazakhstan. Earth-Science Reviews 103999. https://doi.org/10.1016/j.earscirev.2022.103999",,,1977.0,exact,1977-06-25,,False,,False,,False,,False,,,,False,,False,False,['Unknown'],1,['Unknown'],1
284,1977,1977,7.0,3.0,Lake number 17,Zharsai,Not mapped,,G077398E43136N,43.152,77.408,3380,43.234,77.462,1820.0,Deposit,Moraine dammed,N,Y,13_3,4,Kazakhstan,Almaty,Ily-Balkhash-Alakol,Unknown,Unknown,Subglacial tunnel,,40000.0,630.0,,,,,,,,,,,,,,,,,,,,,,,,,"(Narama, Severskiy and Yegorov, 2009)","Narama, C., Severskiy, I., and Yegorov, A. 2009. Current state of glacier changes, glacial lakes, and outburst floods in the Ile Ala-Tau and Kungoy Ala-Too ranges, northern Tien Shan Mountains, Ann. Hokkaido Geogr., 84, 22–32, https://doi.org/10.7886/hgs.84.33",,,1977.0,exact,1977-07-03,,False,,False,,False,,False,,,,False,,False,False,['Unknown'],1,['Subglacial tunnel'],1
285,1977,1977,7.0,,Tegermach North,Unnamed,GL072322E39848N,"2, 3, 4",G072323E39841N,39.84813641,72.3223686,4070,,,,,Moraine dammed,N,N,13_3,4,Kyrgyzstan,Batken,Kadamjai,Unknown,Unknown,Unknown,,,,,,,,,,,,,,,,,,,,,,,,,,,,(This study),,https://www.debrisflow.ru/en/selevye-yavleniya-yugo-vostochnogo-kazakhstana/,,1977.0,exact,,,False,,False,,False,,False,,,,False,,False,True,['Unknown'],1,['Unknown'],1
286,1977,1977,8.0,1.0,Kyagar,Kyagar,GL077181E35675N,"2, 3, 4",G077158E35562N,35.677371,77.190788,4880,,,,,Ice dammed,N,Y,14_2,9,China,Xinjiang,Yarkant,Surging glacier,Unknown,Unknown,,32730000.0,,,,,,,,,,,,,,,,,,,,,,,,,,"(Feng, 1991; Carrivick and Tweed, 2016; Bazai et al., 2021)","Feng, Q., 1991. Characteristics of glacier outburst flood in the Yarkant river, Karakoram; Carrivick, J.L., Tweed, F.S., 2016. A global assessment of the societal impacts of glacier outburst floods. Global and Planetary Change 144, 1–16. https://doi.org/10.1016/j.gloplacha.2016.07.001; Bazai, N.A., Cui, P., Carling, P.A., Wang, H., Hassan, J., Liu, D., Zhang, G., Jin, W., 2021. Increasing glacial lake outburst flood hazard in response to surge glaciers in the Karakoram. Earth-Science Reviews 212, 103432. https://doi.org/10.1016/j.earscirev.2020.103432",,Lake area decreased between 07/14/1977 and 08/01/1977. The peak volume before flood 32.73x106 m3 with a lake area 1.181km2; Slightly different estimated Dates between Carrivick and Tweed (2016) and Bazai et al. (2021),1977.0,exact,1977-08-01,,False,,False,,False,,False,,,,False,,False,False,['Unknown'],1,['Unknown'],1
287,1977,1977,8.0,31.0,Kumbelsu,Sovetov,GL077043E43039N,"2, 4",G077044E43032N,43.039,77.044,3460,43.084,76.976,1939.0,Deposit,Moraine dammed,N,Y,13_3,4,Kazakhstan,Almaty,Ily-Balkhash-Alakol,Unknown,Unknown,Ice core thawing,,3200000.0,10000.0,,,,,,,,,,,,,,,,,,,,,,,,,"(Narama, Severskiy and Yegorov, 2009; Medeu et al., 2016)","Narama, C., Severskiy, I., and Yegorov, A. 2009. Current state of glacier changes, glacial lakes, and outburst floods in the Ile Ala-Tau and Kungoy Ala-Too ranges, northern Tien Shan Mountains, Ann. Hokkaido Geogr., 84, 22–32, https://doi.org/10.7886/hgs.84.35; Medeu, A.R., Baimoldaev, T.A. and Kirenskaya, T.L., 2016. Debris Flow Phenomena of Southeastern Kazakhstan: Anthology of Debris Flow Phenomena and Their Investigations. Almaty: Gylym.",,,1977.0,exact,1977-08-31,+,True,,False,,False,,False,,,,False,,False,False,['Unknown'],1,['Ice core thawing'],1
288,1977,1977,9.0,3.0,Nare,Nare,Ephemeral,,G086873E27834N,27.828,86.839,4765,27.855,86.794,3905.0,Observation,Supraglacial,Y,N,15_2,11,Nepal,Koshi,Dudh Koshi,Unknown,Unknown,Moraine collapse,,,,,,,,,,,,,,,,,,,,,,,"Roads, bridges, field, damaged mini hydroplant",,,,,"(Yamada and Sharma, 1993; Mool, Bajracharya and Joshi, 2001; Ives, Shrestha and Mool, 2010; ICIMOD, 2011)","Yamada, T., Sharma, C., 1993. Glacier lakes and outburst floods in the Nepal Himalaya. IAHS Pub., 218, 319–330; Cui, P., Dang, C., Cheng, Z., Scott, K.M., 2010. Debris Flows Resulting From Glacial-Lake Outburst Floods in Tibet, China. Physical Geography 31, 508–527. https://doi.org/10.2747/0272-3646.31.6.508; Mool, P.K., Bajracharya, S.R., Joshi, S.P., 2001. Inventory of Glaciers, Glacial Lakes and Glacial Lake Outburst Floods. ICIMOD, Kathmandu, Nepal; Ives, J.D., Shrestha, R.B., Mool, P.K., 2010. Formation of Glacial Lakes in the Hindu Kush-Himalayas and GLOF Risk Assessment. ICIMOD, Kathmandu, Nepal; ICIMOD, 2011. Glacial Lakes and Glacial Lake Outburst Floods in Nepal. ICIMOD",,,1977.0,exact,1977-09-03,,False,,False,,False,,False,,,,False,,False,False,['Unknown'],1,['Moraine collapse'],1
289,1978,1978,5.0,21.0,Warghut,Unnamed,Ephemeral,,G073973E36737N,36.746817,74.002922,3409,,,,,Ice dammed,N,Y,14_2,9,Pakistan,Gilgit - Baltistan,Gilgit,Unknown,Unknown,Unknown,,,,,,,,,,,,,,,,,,,,,,,,,,,,"(Bazai et al., 2021)","Bazai, N.A., Cui, P., Carling, P.A., Wang, H., Hassan, J., Liu, D., Zhang, G., Jin, W., 2021. Increasing glacial lake outburst flood hazard in response to surge glaciers in the Karakoram. Earth-Science Reviews 212, 103432. https://doi.org/10.1016/j.earscirev.2020.103432",,,1978.0,exact,1978-05-21,,False,,False,,False,,False,,,,False,,False,True,['Unknown'],1,['Unknown'],1
290,1978,1978,5.0,24.0,Merzbacher,Southern Inylshek,GL079841E42200N,2,G080193E42063N,42.196,79.847,3271,,,,,Ice dammed,N,Y,13_3,3,Kyrgyzstan,Issyk-Kul,Inylchek,Unknown,Unknown,Subglacial tunnel,,251000000.0,,,,,,,,,,,,,,,,,,,,,,,,,,"(Kingslake and Ng, 2013)","Kingslake, J., Ng, F., 2013. Quantifying the predictability of the timing of jökulhlaups from Merzbacher Lake, Kyrgyzstan. Journal of Glaciology 59, 805–818. https://doi.org/10.3189/2013JoG12J170",,,1978.0,exact,1978-05-24,,False,,False,,False,,False,,,,False,,False,False,['Unknown'],1,['Subglacial tunnel'],1
291,1978,1978,7.0,16.0,Unnamed,Central Rimo,GL077605E35421N,"2, 3",G077428E35296N,35.418,77.606,5100,,,,,Ice dammed,Y,Y,14_2,9,India,Jammu and Kashmir,Shyok,Surging glacier,Unknown,Unknown,,45900000.0,,,,,,,,,,,,,,,,,,,,,,,,,,"(Bazai et al., 2021)","Bazai, N.A., Cui, P., Carling, P.A., Wang, H., Hassan, J., Liu, D., Zhang, G., Jin, W., 2021. Increasing glacial lake outburst flood hazard in response to surge glaciers in the Karakoram. Earth-Science Reviews 212, 103432. https://doi.org/10.1016/j.earscirev.2020.103432",,Self-dumping lake filled and drained without any major destruction downstream with a maximum volume before flood 45.9x106 m3 with a lake area 0.94km2,1978.0,exact,1978-07-16,,False,,False,,False,,False,,,,False,,True,False,['Unknown'],1,['Unknown'],1
292,1978,1978,8.0,8.0,Merzbacher,Southern Inylshek,GL079841E42200N,2,G080193E42063N,42.196,79.847,3271,,,,,Ice dammed,N,Y,13_3,3,Kyrgyzstan,Issyk-Kul,Inylchek,Unknown,Unknown,Subglacial tunnel,,,,,,,,,,,,,,,,,,,,,,,,,,,,"(Kingslake and Ng, 2013)","Kingslake, J., Ng, F., 2013. Quantifying the predictability of the timing of jökulhlaups from Merzbacher Lake, Kyrgyzstan. Journal of Glaciology 59, 805–818. https://doi.org/10.3189/2013JoG12J171",,,1978.0,exact,1978-08-08,,False,,False,,False,,False,,,,False,,False,False,['Unknown'],1,['Subglacial tunnel'],1
293,1978,1978,8.0,,Teketor,Unnamed,GL075034E42517N,"2, 3",G075036E42514N,42.51790276,75.03494293,3520,,,,,Moraine dammed,N,Y,13_3,4,Kyrgyzstan,Chuy,Ysyk-Ata,Unknown,Unknown,Unknown,,,30.0,,,,,,,,,,,,,,,,,,,,,,,,,(This study),,https://www.debrisflow.ru/en/selevye-yavleniya-yugo-vostochnogo-kazakhstana/,,1978.0,exact,,,False,,False,,False,,False,,,,False,,False,True,['Unknown'],1,['Unknown'],1
294,1978,1978,9.0,,Darkot,Darkot/Barados,Ephemeral,,G073374E36755N,36.769863,73.356628,4055,36.813,73.276,3330.0,Observation,Unknown,Y,N,14_1,8,Pakistan,Khyber Pakhtunkhwa,Chitral,Unknown,Unknown,Unknown,,,,,,,,,,,,,,,,,,,40.0,,,,,,,,,"(Hughes, 1981; Roohi et al., 2008)","Hughes, R.E., 1981. Yasin Valley: The analysis of geomorphology and building types, in: The International Karakoram Project. Cambridge University Press, pp. 253–288; Roohi, R., Ashraf, A., Mustafa, N., Mustafa, T., 2008. Preparatory Assessment Report on Community Based Survey for Assessment of Glacial Lake Outburst Flood Hazards (GLOFs) in Hunza River Basin. Pakistan: WRRI-NARC and UNDP",,Potentially drainage terminal lakes on either left or right adjacent glacier,1978.0,exact,,,False,,False,,False,,False,,,,False,,False,False,['Unknown'],1,['Unknown'],1
295,1978,1978,,,Unnamed,Hinarchi,Not mapped,,G074582E36116N,36.042964,74.570562,2637,36.013842,74.543607,2281.0,Observation,Supraglacial,N,Y,14_2,9,Pakistan,Gilgit - Baltistan,Gilgit,Unknown,Unknown,Unknown,,,,,,,,,,,,,,,,,,,,,,,,,,,,"(This study; Ashraf et al., 2015)","Ashraf, A., Naz, R., Mustafa, N., Iqbal, M.B., Ahmad, B., Jawad, A., Ahmad. I., 2015. Updating GLOF Lake Inventory of Northern Pakistan and Establishment of Community Based Early Warning System in Bagrot and Bondo Gol Valleys. Technical Report. Islamabad, Pakistan: Pakistan Agricultural Research Council (PARC).",,On 11th December 2012 a community exchange documented this event. Hinarchi Glacier burst resulting complete damage occurred to natural forest and agricultural land of villages Bulchi and Chira.,1978.0,exact,,,False,,False,,False,,False,,,+,True,,True,False,['Unknown'],1,['Unknown'],1
296,1978,1978,,,Khurdopin,Khurdopin,Ephemeral,,G075438E36192N,36.344239,75.474953,3482,36.463012,74.901382,2450.0,Observation,Ice dammed,N,Y,14_2,9,Pakistan,Gilgit - Baltistan,Hunza,Surging glacier,Unknown,Subglacial tunnel,,,,,,,,,,,,,,,,,,,,,,,Damage to terrace at Pasu,,,,,"(Goudie, 1984; Kreutzmann, 1994; Iturrizaga, 2005b)","Goudie, A., 1984. The geomorphology of the Hunza Valley, Karakoram mountains, Pakistan, in: Miller, K.J. (Ed.), The International Karakoram Project. Cambridge University Press, pp. 359–410; Kreutzmann, H., 1994. Habitat conditions and settlement processes in the Hindukush Karakoram. Petermanns Geographische Mitteilungen 138, 337–356; Iturrizaga, L., 2005b. New observations on present and prehistorical glacier-dammed lakes in the Shimshal valley (Karakoram Mountains). Journal of Asian Earth Sciences 25, 545–555. https://doi.org/10.1016/j.jseaes.2004.04.011",,,1978.0,exact,,,False,,False,,False,,False,,,,False,,False,False,['Unknown'],1,['Subglacial tunnel'],1
297,1978,1978,9.0,6.0,Kyagar,Kyagar,GL077181E35675N,"2, 3, 4",G077158E35562N,35.677371,77.190788,4880,,,,,Ice dammed,N,Y,14_2,9,China,Xinjiang,Yarkant,Surging glacier,Unknown,Unknown,,80120000.0,,,,,,,,,,,,,,,,,,,,,,,,,,"(Feng, 1991; Carrivick and Tweed, 2016; Bazai et al., 2021)","Feng, Q., 1991. Characteristics of glacier outburst flood in the Yarkant river, Karakoram; Carrivick, J.L., Tweed, F.S., 2016. A global assessment of the societal impacts of glacier outburst floods. Global and Planetary Change 144, 1–16. https://doi.org/10.1016/j.gloplacha.2016.07.001; Bazai, N.A., Cui, P., Carling, P.A., Wang, H., Hassan, J., Liu, D., Zhang, G., Jin, W., 2021. Increasing glacial lake outburst flood hazard in response to surge glaciers in the Karakoram. Earth-Science Reviews 212, 103432. https://doi.org/10.1016/j.earscirev.2020.103432",,"The lake reformed in the winter after the major outburst of 1977. Outburst occurred in summer, 07/18/1978. The peak volume before flood 80.12x106 m3 with a lake area 2.17km2. Slightly different estimated Dates between Carrivick and Tweed (2016) and Bazai et al. (2021)",1978.0,exact,1978-09-06,,False,,False,,False,,False,,,,False,,False,False,['Unknown'],1,['Unknown'],1
298,1978,1978,9.0,,Merzbacher,Southern Inylshek,GL079841E42200N,2,G080193E42063N,42.196,79.847,3271,,,,,Ice dammed,N,Y,13_3,3,Kyrgyzstan,Issyk-Kul,Inylchek,Unknown,Unknown,Subglacial tunnel,,,,,,,,,,,,,,,,,,,,,,,,,,,,"(Glazirin, 2010)","Glazirin, G., 2010. A century of investigations on outbursts of the ice-dammed lake merzbacher (Central Tien Shan). Austrian Journal of Earth Sciences 103, 171–179.",,,1978.0,exact,,,False,,False,,False,,False,,,,False,,False,False,['Unknown'],1,['Subglacial tunnel'],1
299,1978,1978,9.0,27.0,Choktal-1,Unnamed,GL076713E42750N,"2, 3, 4",G076720E42766N,42.749488,76.714061,3700,,,,,Moraine dammed,N,N,13_3,4,Kyrgyzstan,Issyk-Kul,Issyk-Kul,Unknown,Unknown,Unknown,,,,,,,,,,,,,,,,,,,,,,,,,,,,(This study),,https://www.debrisflow.ru/en/selevye-yavleniya-yugo-vostochnogo-kazakhstana/,,1978.0,exact,1978-09-27,,False,,False,,False,,False,,,,False,,False,True,['Unknown'],1,['Unknown'],1
300,1979,1979,6.0,21.0,Lake number 7,Sportivny,Ephemeral,,G077345E43142N,43.163,77.324,3230,,,,,Supraglacial,N,N,13_3,4,Kazakhstan,Almaty,Ily-Balkhash-Alakol,Unknown,Unknown,Subglacial tunnel,,82000.0,340.0,,,,,,,,,,,,,,,,,,,,,,,,,(Medeu et al. 2022),"Medeu, A.R., Popov, N.V., Blagovechshenskiy, V.P., Askarova, M.A., Medeu, A.A., Ranova, S.U., Kamalbekova, A., Bolch, T., 2022. Moraine-dammed glacial lakes and threat of glacial debris flows in South-East Kazakhstan. Earth-Science Reviews 103999. https://doi.org/10.1016/j.earscirev.2022.103999",,Significant damage downstream,1979.0,exact,1979-06-21,,False,,False,,False,,False,,,,False,,False,False,['Unknown'],1,['Subglacial tunnel'],1
301,1980,1980,5.0,15.0,Merzbacher,Southern Inylshek,GL079841E42200N,2,G080193E42063N,42.196,79.847,3271,,,,,Ice dammed,N,Y,13_3,3,Kyrgyzstan,Issyk-Kul,Inylchek,Unknown,Unknown,Subglacial tunnel,,236000000.0,,,,,,,,,,,,,,,,,,,,,,,,,,"(Glazirin, 2010; Kingslake and Ng, 2013)","Glazirin, G., 2010. A century of investigations on outbursts of the ice-dammed lake merzbacher (Central Tien Shan). Austrian Journal of Earth Sciences 103, 171–179; Kingslake, J., Ng, F., 2013. Quantifying the predictability of the timing of jökulhlaups from Merzbacher Lake, Kyrgyzstan. Journal of Glaciology 59, 805–818. https://doi.org/10.3189/2013JoG12J174.",,,1980.0,exact,1980-05-15,,False,,False,,False,,False,,,,False,,False,False,['Unknown'],1,['Subglacial tunnel'],1
302,1980,1980,6.0,6.0,Lake number 17,Zharsai,Not mapped,,G077398E43136N,43.152,77.408,3470,,,,Deposit,Moraine dammed,N,Y,13_3,4,Kazakhstan,Almaty,Ily-Balkhash-Alakol,Unknown,Unknown,Unknown,,,,,,,,,,,,,,,,,,,,,,,,,,,,"(Shahgedanova et al., 2024)","Shahgedanova, M., Saidaliyeva, Z., Mussina, A. et al. Debris flows in the northern Tien Shan, Central Asia: regional database, meteorological triggers, and trends. npj Nat. Hazards 1, 49 (2024). https://doi.org/10.1038/s44304-024-00050-7",,,1980.0,exact,1980-06-06,,False,,False,,False,,False,,,,False,,False,False,['Unknown'],1,['Unknown'],1
303,1980,1980,6.0,6.0,Kokbulak (Lake 20),Unnamed,Not mapped,,G077394E43119N,43.11,77.44,3470,,,,Deposit,Moraine dammed,N,Y,13_3,4,Kazakhstan,Almaty,Ily-Balkhash-Alakol,Unknown,Unknown,Unknown,,,,,,,,,,,,,,,,,,,,,,,,,,,,"(Shahgedanova et al., 2024)","Shahgedanova, M., Saidaliyeva, Z., Mussina, A. et al. Debris flows in the northern Tien Shan, Central Asia: regional database, meteorological triggers, and trends. npj Nat. Hazards 1, 49 (2024). https://doi.org/10.1038/s44304-024-00050-7",,,1980.0,exact,1980-06-06,,False,,False,,False,,False,,,,False,,False,True,['Unknown'],1,['Unknown'],1
304,1980,1980,6.0,23.0,Nagma Pokhari (Phuchan),Unnamed,GL087866E27869N,"2, 3, 4",G087880E27894N,27.869,87.867,4916,27.37613,87.62701,670.0,Observation,Moraine dammed,Y,N,15_2,11,Nepal,Koshi,Tamor,Unknown,Unknown,Moraine collapse,,,,,Destroyed villages 71 km downstream from the source,,,,,,,,,,,,,,,,,,"Damaging forest, river bed, etc",,,,,"(Yamada and Sharma, 1993; Ives, Shrestha and Mool, 2010; ICIMOD, 2011)","Yamada, T., Sharma, C., 1993. Glacier lakes and outburst floods in the Nepal Himalaya. IAHS Pub., 218, 319–330; Cui, P., Dang, C., Cheng, Z., Scott, K.M., 2010. Debris Flows Resulting From Glacial-Lake Outburst Floods in Tibet, China. Physical Geography 31, 508–527. https://doi.org/10.2747/0272-3646.31.6.508; Ives, J.D., Shrestha, R.B., Mool, P.K., 2010. Formation of Glacial Lakes in the Hindu Kush-Himalayas and GLOF Risk Assessment. ICIMOD, Kathmandu, Nepal; ICIMOD, 2011. Glacial Lakes and Glacial Lake Outburst Floods in Nepal. ICIMOD",,Water level rose 20 m,1980.0,exact,1980-06-23,,False,,False,,False,,False,,,,False,,False,True,['Unknown'],1,['Moraine collapse'],1
305,1980,1980,6.0,25.0,Angy Say,No glacier,Not mapped,,G077155E41973N,41.997,77.152,3500,42.032215,77.05377,2340.0,Observation,Moraine dammed,N,Y,13_3,4,Kyrgyzstan,Issyk-Kul,Tong,Unknown,Unknown,Unknown,,,,,,,,,,,,,,,,,,,,,,,,,,,,"(Narama et al., 2010)","Narama, C., Duishonakunov, M., Kääb, A., Daiyrov, M., Abdrakhmatov, K., 2010. The 24 July 2008 outburst flood at the western Zyndan glacier lake and recent regional changes in glacier lakes of the Teskey Ala-Too range, Tien Shan, Kyrgyzstan. Natural Hazards and Earth System Sciences 10, 647–659. https://doi.org/10.5194/nhess-10-647-2010",,,1980.0,exact,1980-06-25,,False,,False,,False,,False,,,,False,,False,False,['Unknown'],1,['Unknown'],1
306,1980,1980,6.0,28.0,Khurdopin,Khurdopin,Ephemeral,,G075438E36192N,36.344239,75.474953,3482,,,,,Ice dammed,N,Y,14_2,9,Pakistan,Gilgit - Baltistan,Hunza,Surging glacier,Unknown,Subglacial tunnel,,,,,,,,,,,,,,,,,,,,,,,,,,,,"(Iturrizaga, 2005b; Carrivick and Tweed, 2016)","Iturrizaga, L., 2005b. New observations on present and prehistorical glacier-dammed lakes in the Shimshal valley (Karakoram Mountains). Journal of Asian Earth Sciences 25, 545–555. https://doi.org/10.1016/j.jseaes.2004.04.011; Carrivick, J.L., Tweed, F.S., 2016. A global assessment of the societal impacts of glacier outburst floods. Global and Planetary Change 144, 1–16. https://doi.org/10.1016/j.gloplacha.2016.07.001",,,1980.0,exact,1980-06-28,,False,,False,,False,,False,,,,False,,False,False,['Unknown'],1,['Subglacial tunnel'],1
307,1980,1980,7.0,14.0,Angy Say,No glacier,Not mapped,,G077155E41973N,41.997,77.152,3500,42.032215,77.05377,2340.0,Observation,Moraine dammed,N,Y,13_3,4,Kyrgyzstan,Issyk-Kul,Tong,Unknown,Unknown,Unknown,,,,,,,,,,,,,,,,,,,,,,,,,,,,"(Narama et al., 2010)","Narama, C., Duishonakunov, M., Kääb, A., Daiyrov, M., Abdrakhmatov, K., 2010. The 24 July 2008 outburst flood at the western Zyndan glacier lake and recent regional changes in glacier lakes of the Teskey Ala-Too range, Tien Shan, Kyrgyzstan. Natural Hazards and Earth System Sciences 10, 647–659. https://doi.org/10.5194/nhess-10-647-2010",,,1980.0,exact,1980-07-14,,False,,False,,False,,False,,,,False,,False,False,['Unknown'],1,['Unknown'],1
308,1980,1980,7.0,18.0,Unnamed,Aksay,Not mapped,,G074556E42520N,42.528,74.5405,3637,42.552627,74.483331,2255.0,Deposit,Moraine dammed,N,Y,13_3,4,Kyrgyzstan,Chuy,Ala Archa,Unknown,Unknown,Unknown,,,3.3,,,,,,,,,,,,,,,,,,,,,,,,,"(Zaginaev et al., 2016)","Zaginaev, V., Ballesteros-Cánovas, J.A., Erokhin, S., Matov, E., Petrakov, D., Stoffel, M., 2016. Reconstruction of glacial lake outburst floods in northern Tien Shan: Implications for hazard assessment. Geomorphology 269, 75–84. https://doi.org/10.1016/j.geomorph.2016.06.028",,,1980.0,exact,1980-07-18,,False,,False,,False,,False,,,,False,,True,False,['Unknown'],1,['Unknown'],1
309,1980,1980,7.0,23.0,Unnamed,Glacier No 25,GL076601E42922N,"2, 4",G076604E42918N,42.923,76.602,3425,42.966514,76.61054,2430.0,Deposit,Supraglacial,N,Y,13_3,4,Kazakhstan,Almaty,Ily-Balkhash-Alakol,Unknown,High temperatures; intense rainfall,Unknown,,240000.0,23.0,500.0,,,,,,,,,,,,,,,,,,,,,,,,"(Narama, Severskiy and Yegorov, 2009; Bolch et al., 2012; Medeu et al., 2022)","Narama, C., Severskiy, I., and Yegorov, A. 2009. Current state of glacier changes, glacial lakes, and outburst floods in the Ile Ala-Tau and Kungoy Ala-Too ranges, northern Tien Shan Mountains, Ann. Hokkaido Geogr., 84, 22–32, https://doi.org/10.7886/hgs.84.35; Bolch T., Kulkarni A., Kääb A., Huggel C., Paul F., Cogley J.G., et al. 2012. The state and fate of Himalayan glaciers. Science, 336 (6079), 310-314; Medeu, A.R., Popov, N.V., Blagovechshenskiy, V.P., Askarova, M.A., Medeu, A.A., Ranova, S.U., Kamalbekova, A., Bolch, T., 2022. Moraine-dammed glacial lakes and threat of glacial debris flows in South-East Kazakhstan. Earth-Science Reviews 103999. https://doi.org/10.1016/j.earscirev.2022.103999",,,1980.0,exact,1980-07-23,,False,,False,,False,,False,,,,False,,True,False,"['High temperatures', 'Intense rainfall']",2,['Unknown'],1
310,1980,1980,7.0,27.0,Unnamed,Unnamed,GL073423E36117N,"2, 3, 4",G073429E36108N,36.119902,73.422475,4450,36.23,73.457,2132.0,Observation,Moraine dammed,N,N,14_1,8,Pakistan,Gilgit - Baltistan,Gilgit,Unknown,Unknown,Unknown,,,,,,,,,,,,,,500.0,,,,,,,,,,,,,,"(Nash et al., 1985)","Nash, D.F.T., Brunsden, D.K., Hughes, R.E., Jones, D.K.C., Halley, B.F.W., 1985. A catastrophic debris flow near Gupis, Northern areas, Pakistan. International Society for Soil Mechanics and Geotechnical Engineering 1163–1166",,500 people made homeless after a lake formed,1980.0,exact,1980-07-27,,False,,False,,False,,False,,,,False,,True,True,['Unknown'],1,['Unknown'],1
311,1980,1980,7.0,,Keidy Kuchkach,Unnamed,Not mapped,,G074294E42468N,42.474141,74.298736,3576,,,,,Moraine dammed,N,N,13_3,4,Kyrgyzstan,Chuy,Sokuluk,Unknown,Unknown,Unknown,,,,,,,,,,,,,,,,,,,,,,,,,,,,(This study),,https://www.debrisflow.ru/en/selevye-yavleniya-yugo-vostochnogo-kazakhstana/,,1980.0,exact,,,False,,False,,False,,False,,,,False,,False,True,['Unknown'],1,['Unknown'],1
312,1980,1980,,,Unnamed,Teztor,Not mapped,,G074417E42535N,42.5366,74.4273,3606,42.58,74.481,2015.0,Deposit,Moraine dammed,N,Y,13_3,4,Kyrgyzstan,Chuy,Sokuluk,Unknown,Unknown,Unknown,,,,,,,,,,,,,,,,,,,,,,,,,,,,"(Zaginaev et al., 2019)","Zaginaev, V., Petrakov, D., Erokhin, S., Meleshko, A., Stoffel, M., Ballesteros-Cánovas, J.A., 2019. Geomorphic control on regional glacier lake outburst flood and debris flow activity over northern Tien Shan. Global and Planetary Change 176, 50–59. https://doi.org/10.1016/j.gloplacha.2019.03.003",,,1980.0,exact,,,False,,False,,False,,False,,,,False,,True,False,['Unknown'],1,['Unknown'],1
313,1980,1980,8.0,3.0,Unnamed,Aksay,Not mapped,,G074556E42520N,42.528,74.5405,3637,42.552627,74.483331,2255.0,Deposit,Moraine dammed,N,Y,13_3,4,Kyrgyzstan,Chuy,Ala Archa,Unknown,Unknown,Unknown,,,3.6,40.0,,,,,,,,,,,,,,,,,,,,,,,,"(Zaginaev et al., 2016)","Zaginaev, V., Ballesteros-Cánovas, J.A., Erokhin, S., Matov, E., Petrakov, D., Stoffel, M., 2016. Reconstruction of glacial lake outburst floods in northern Tien Shan: Implications for hazard assessment. Geomorphology 269, 75–84. https://doi.org/10.1016/j.geomorph.2016.06.028",,,1980.0,exact,1980-08-03,,False,,False,,False,,False,,,,False,,True,False,['Unknown'],1,['Unknown'],1
314,1980,1980,,,Unknown,Kuturgansuu,Ephemeral,,G074608E42515N,42.522,74.609,3470,42.535,74.658,2170.0,Deposit,Moraine dammed,N,Y,13_3,4,Kyrgyzstan,Chuy,Alamedin,Unknown,Unknown,Unknown,,,,,,,,,,,,,,,,,,,,,,,,,,,,"(Zaginaev et al., 2019)","Zaginaev, V., Petrakov, D., Erokhin, S., Meleshko, A., Stoffel, M., Ballesteros-Cánovas, J.A., 2019. Geomorphic control on regional glacier lake outburst flood and debris flow activity over northern Tien Shan. Global and Planetary Change 176, 50–59. https://doi.org/10.1016/j.gloplacha.2019.03.003",,,1980.0,exact,,,False,,False,,False,,False,,,,False,,True,False,['Unknown'],1,['Unknown'],1
315,1980,1980,,,Unknown,Salyk,Ephemeral,,G074719E42495N,42.518,74.717,3390,42.561,74.663,2005.0,Deposit,Moraine dammed,N,Y,13_3,4,Kyrgyzstan,Chuy,Ysyk-Ata,Unknown,Unknown,Unknown,,,,,,,,,,,,,,,,,,,,,,,,,,,,"(Zaginaev et al., 2019)","Zaginaev, V., Petrakov, D., Erokhin, S., Meleshko, A., Stoffel, M., Ballesteros-Cánovas, J.A., 2019. Geomorphic control on regional glacier lake outburst flood and debris flow activity over northern Tien Shan. Global and Planetary Change 176, 50–59. https://doi.org/10.1016/j.gloplacha.2019.03.003",,,1980.0,exact,,,False,,False,,False,,False,,,,False,,True,False,['Unknown'],1,['Unknown'],1
316,1980,1980,,,Ghulkin,Ghulkin,Ephemeral,,G074783E36426N,36.420236,74.879432,2692,,,,,Supraglacial,N,Y,14_2,9,Pakistan,Gilgit - Baltistan,Hunza,Unknown,Unknown,Unknown,,,,,,,,,,,,,,,,,,,,,,,Burried 400 m of road,,,,,"(Goudie, 1981; Kreutzmann, 1994)","Goudie, A., 1981. Fearful Landscape of the Karakoram. The Geographical Magazine 53(5), 306–312; Kreutzmann, H., 1994. Habitat conditions and settlement processes in the Hindukush Karakoram. Petermanns Geographische Mitteilungen 138, 337–356",,,1980.0,exact,,,False,,False,,False,,False,,,,False,,False,False,['Unknown'],1,['Unknown'],1
317,1980,1980,9.0,2.0,Merzbacher,Southern Inylshek,GL079841E42200N,2,G080193E42063N,42.196,79.847,3271,,,,,Ice dammed,N,Y,13_3,3,Kyrgyzstan,Issyk-Kul,Inylchek,Unknown,Unknown,Subglacial tunnel,,151000000.0,,,,,,,,,,,,,,,,,,,,,,,,,,"(Glazirin, 2010; Kingslake and Ng, 2013)","Glazirin, G., 2010. A century of investigations on outbursts of the ice-dammed lake merzbacher (Central Tien Shan). Austrian Journal of Earth Sciences 103, 171–179; Kingslake, J., Ng, F., 2013. Quantifying the predictability of the timing of jökulhlaups from Merzbacher Lake, Kyrgyzstan. Journal of Glaciology 59, 805–818. https://doi.org/10.3189/2013JoG12J174.",,,1980.0,exact,1980-09-02,,False,,False,,False,,False,,,,False,,False,False,['Unknown'],1,['Subglacial tunnel'],1
318,1980,1980,10.0,21.0,Kyagar,Kyagar,GL077181E35675N,"2, 3, 4",G077158E35562N,35.677371,77.190788,4880,37.982034,76.877846,1450.0,Observation,Ice dammed,N,Y,14_2,9,China,Xinjiang,Yarkant,Surging glacier,Unknown,Unknown,,,802.0,,,,,,,,,,,,,,,,,,,,,,,,,"(Zhang et al., 1990; Zhang, 1992; Hewitt and Liu, 2010; Carrivick and Tweed, 2016; Bazai et al., 2021)","Zhang, X., Li, N., You, X., Wang, W., 1990. The Researches of Glacier Lake Outburst Floods of the Yarkant River in Xinjiang. Science in China Series B-Chemistry, Life Sciences & Earth Sciences 33 (8), 1014–1024; Zhang, X., 1992. Investigation of glacier bursts of the Yarkant River in Xinjiang, China. Annals of Glaciology 16, 135–139. https://doi.org/10.3189/1992AoG16-1-135-139; Hewitt, K., Liu, J., 2010. Ice-Dammed Lakes and Outburst Floods, Karakoram Himalaya: Historical Perspectives on Emerging Threats. Physical Geography 31, 528–551. https://doi.org/10.2747/0272-3646.31.6.528; Carrivick, J.L., Tweed, F.S., 2016. A global assessment of the societal impacts of glacier outburst floods. Global and Planetary Change 144, 1–16. https://doi.org/10.1016/j.gloplacha.2016.07.001; Bazai, N.A., Cui, P., Carling, P.A., Wang, H., Hassan, J., Liu, D., Zhang, G., Jin, W., 2021. Increasing glacial lake outburst flood hazard in response to surge glaciers in the Karakoram. Earth-Science Reviews 212, 103432. https://doi.org/10.1016/j.earscirev.2020.103432",,,1980.0,exact,1980-10-21,,False,,False,,False,,False,,,,False,,False,False,['Unknown'],1,['Unknown'],1
319,1981,1981,6.0,22.0,Lake number 2,Central Tuyuksu,GL077075E43064N,"2,3",G077081E43044N,43.065,77.076,3374,,,,Deposit,Moraine dammed,N,Y,13_3,4,Kazakhstan,Almaty,Ily-Balkhash-Alakol,Unknown,Unknown,Unknown,,,,,,,,,,,,,,,,,,,,,,,,,,,,"(Shahgedanova et al., 2024)","Shahgedanova, M., Saidaliyeva, Z., Mussina, A. et al. Debris flows in the northern Tien Shan, Central Asia: regional database, meteorological triggers, and trends. npj Nat. Hazards 1, 49 (2024). https://doi.org/10.1038/s44304-024-00050-7",,,1981.0,exact,1981-06-22,,False,,False,,False,,False,,,,False,,False,False,['Unknown'],1,['Unknown'],1
320,1981,1981,,,Unknown,Shaune Garang,Ephemeral,,G078349E31292N,31.295,78.332,4578,,,,,Water pocket,N,Y,14_3,10,India,Himachal Pradesh,Sutluj,Unknown,Unknown,Unknown,,,,,,,,,,,,,,,,,,,,,,,,,,,,"(Sangewar, Srivastava and Singh, 1999)","Sangewar, C.V., Srivastava, D., Singh, R.K., 1999. Reservoir within the Shaune Garang glacier, district Kinnaur, Himachal Pradesh, in: In Proceedings of the Symposium on Snow, Ice and Glaciers: A Himalayan Perspecti. Geological Survey of India.",,,1981.0,exact,,,False,,False,,False,,False,,,,False,,True,False,['Unknown'],1,['Unknown'],1
321,1981,1981,6.0,24.0,Zari Co,Unnamed,GL092311E28908N,"2, 3, 4",G090627E28257N,28.2995,90.6072,5350,28.37,90.638,4290.0,Deposit,Moraine dammed,Y,N,15_2,12,China,TAR,Kuri Chhu,Unknown,Ice avalanche,Unknown,,,,,,,,,,,,,,,,,,,,,,,,,,,,"(Ives, Shrestha and Mool, 2010; Liu et al., 2014; Veh et al., 2019; Zheng et al., 2021)","Ives, J.D., Shrestha, R.B., Mool, P.K., 2010. Formation of Glacial Lakes in the Hindu Kush-Himalayas and GLOF Risk Assessment. ICIMOD, Kathmandu, Nepal; Liu, J.J., Cheng, Z.L., Li, Y., 2014. The 1988 glacial lake outburst flood in Guangxieco Lake, Tibet, China, Nat. Hazards Earth Syst. Sci., 14, 3065–3075, https://doi.org/10.5194/nhess-14-3065-2014; Veh, G., Korup, O., von Specht, S., Roessner, S., Walz, A., 2019. Unchanged frequency of moraine-dammed glacial lake outburst floods in the Himalaya. Nature Climate Change 9, 379–383. https://doi.org/10.1038/s41558-019-0437-5; Zheng, G., Bao, A., Allen, S., Ballesteros-Canovas, J.A., Yuan, Y., Jiapaer, G., 2021. Numerous Unreported Glacial Lake Outburst Floods in the Third Pole Revealed by High-Resolution Satellite Data and Geomorphological Evidence. Science Bulletin. https://doi.org/10.1016/j.scib.2021.01.014.",,,1981.0,exact,1981-06-24,,False,,False,,False,,False,,,,False,,False,True,['Ice avalanche'],1,['Unknown'],1
322,1981,1981,7.0,8.0,Merzbacher,Southern Inylshek,GL079841E42200N,2,G080193E42063N,42.196,79.847,3271,,,,,Ice dammed,N,Y,13_3,3,Kyrgyzstan,Issyk-Kul,Inylchek,Unknown,Unknown,Subglacial tunnel,,,,,,,,,,,,,,,,,,,,,,,,,,,,"(Glazirin, 2010)","Glazirin, G., 2010. A century of investigations on outbursts of the ice-dammed lake merzbacher (Central Tien Shan). Austrian Journal of Earth Sciences 103, 171–179.",,,1981.0,exact,1981-07-08,,False,,False,,False,,False,,,,False,,False,False,['Unknown'],1,['Subglacial tunnel'],1
323,1981,1981,7.0,11.0,Cirenma Co,Zhangzangbo,GL086065E28067N,"2, 3, 4",G086086E28064N,28.067,86.065,4644,27.973413,85.964012,1770.0,Observation,Moraine dammed,Y,Y,15_2,11,China,TAR,Poiqu,Unknown,Ice avalanche,Unknown,,19000000.0,16000.0,,dammed Poiqu River destroying Quxiang Village,200.0,,,,,,,,,,,,,,,,,"Damaged Arniko Highway, Friendship Bridge( Sino-Nepal highway),Sun Koshi hydropower plant",,10.0,3000000.0,,"(Mool, Bajracharya and Joshi, 2001; Ives, Shrestha and Mool, 2010; Cui et al. 2010; ICIMOD, 2011; Khanal, Hu and Mool, 2015; Carrivick and Tweed, 2016; Veh et al., 2019)","Mool, P.K., Bajracharya, S.R., Joshi, S.P., 2001. Inventory of Glaciers, Glacial Lakes and Glacial Lake Outburst Floods. ICIMOD, Kathmandu, Nepal; Ives, J.D., Shrestha, R.B., Mool, P.K., 2010. Formation of Glacial Lakes in the Hindu Kush-Himalayas and GLOF Risk Assessment. ICIMOD, Kathmandu, Nepal; Cui, P., Dang, C., Cheng, Z., Scott, K.M., 2010. Debris Flows Resulting From Glacial-Lake Outburst Floods in Tibet, China. Physical Geography 31, 508–527. https://doi.org/10.2747/0272-3646.31.6.508; ICIMOD, 2011. Glacial Lakes and Glacial Lake Outburst Floods in Nepal. ICIMOD; Khanal, N.R., Hu, J.-M., Mool, P., 2015. Glacial Lake Outburst Flood Risk in the Poiqu/Bhote Koshi/Sun Koshi River Basin in the Central Himalayas. MRD 35, 351–364. https://doi.org/10.1659/MRD-JOURNAL-D-15-00009; Carrivick, J.L., Tweed, F.S., 2016. A global assessment of the societal impacts of glacier outburst floods. Global and Planetary Change 144, 1–16. https://doi.org/10.1016/j.gloplacha.2016.07.001; Veh, G., Korup, O., von Specht, S., Roessner, S., Walz, A., 2019. Unchanged frequency of moraine-dammed glacial lake outburst floods in the Himalaya. Nature Climate Change 9, 379–383. https://doi.org/10.1038/s41558-019-0437-5",,Erosion and sedimentation can be seen along the valley and about 4 million m3 of debris mixed materials joined the flow process,1981.0,exact,1981-07-11,,False,,False,+,True,+,True,,,,False,,False,False,['Ice avalanche'],1,['Unknown'],1
324,1981,1981,8.0,8.0,Merzbacher,Southern Inylshek,GL079841E42200N,2,G080193E42063N,42.196,79.847,3271,,,,,Ice dammed,N,Y,13_3,3,Kyrgyzstan,Issyk-Kul,Inylchek,Unknown,Unknown,Subglacial tunnel,,,,,,,,,,,,,,,,,,,,,,,,,,,,"(Glazirin, 2010)","Glazirin, G., 2010. A century of investigations on outbursts of the ice-dammed lake merzbacher (Central Tien Shan). Austrian Journal of Earth Sciences 103, 171–179.",,,1981.0,exact,1981-08-08,,False,,False,,False,,False,,,,False,,False,False,['Unknown'],1,['Subglacial tunnel'],1
325,1982,1982,7.0,27.0,Unknown,No 385,Not mapped,,G072458E38488N,38.5,72.5,3840,,,,,Unknown,Y,N,13_2,6,Tajikistan,Gorno-Badakhshan,Tanymas,Unknown,Unknown,Unknown,,,,,,,,,,,,,,,,,,,,,,,,,,,,"(Veh et al., 2022)","Veh, G., Lützow, N., Kharlamova, V., Petrakov, D., Hugonnet, R., & Korup, O., 2022. Trends, breaks, and biases in the frequency of reported glacier lake outburst floods. Earth's Future, 10, e2021EF002426. https://doi.org/10.1029/2021EF002426",,,1982.0,exact,1982-07-27,,False,,False,,False,,False,,,,False,,True,False,['Unknown'],1,['Unknown'],1
326,1982,1982,,,Unnamed,Teztor,Not mapped,,G074417E42535N,42.5366,74.4273,3606,42.58,74.481,2015.0,Deposit,Moraine dammed,N,Y,13_3,4,Kyrgyzstan,Chuy,Sokuluk,Unknown,Unknown,Unknown,,,,,,,,,,,,,,,,,,,,,,,,,,,,"(Zaginaev et al., 2019)","Zaginaev, V., Petrakov, D., Erokhin, S., Meleshko, A., Stoffel, M., Ballesteros-Cánovas, J.A., 2019. Geomorphic control on regional glacier lake outburst flood and debris flow activity over northern Tien Shan. Global and Planetary Change 176, 50–59. https://doi.org/10.1016/j.gloplacha.2019.03.003",,,1982.0,exact,,,False,,False,,False,,False,,,,False,,True,False,['Unknown'],1,['Unknown'],1
327,1982,1982,,,Unknown,Kuturgansuu,Ephemeral,,G074608E42515N,42.522,74.609,3470,42.535,74.658,2170.0,Deposit,Moraine dammed,N,Y,13_3,4,Kyrgyzstan,Chuy,Alamedin,Unknown,Unknown,Unknown,,,,,,,,,,,,,,,,,,,,,,,,,,,,"(Zaginaev et al., 2019)","Zaginaev, V., Petrakov, D., Erokhin, S., Meleshko, A., Stoffel, M., Ballesteros-Cánovas, J.A., 2019. Geomorphic control on regional glacier lake outburst flood and debris flow activity over northern Tien Shan. Global and Planetary Change 176, 50–59. https://doi.org/10.1016/j.gloplacha.2019.03.003",,,1982.0,exact,,,False,,False,,False,,False,,,,False,,True,False,['Unknown'],1,['Unknown'],1
328,1982,1982,,,Unknown,Unna,Not mapped,,G074654E36075N,36.039,74.633,3312,36.012126,74.541862,2276.0,Observation,Unknown,N,Y,14_2,9,Pakistan,Gilgit - Baltistan,Gilgit,Unknown,Unknown,Unknown,,,,,,,,,,,,,,,,,,,,,,,,,,,,"(This study; Ashraf et al., 2015)","Ashraf, A., Naz, R., Mustafa, N., Iqbal, M.B., Ahmad, B., Jawad, A., Ahmad. I., 2015. Updating GLOF Lake Inventory of Northern Pakistan and Establishment of Community Based Early Warning System in Bagrot and Bondo Gol Valleys. Technical Report. Islamabad, Pakistan: Pakistan Agricultural Research Council (PARC).",,"On 11th December 2012 a community exchange documented this event. Unna Glacial lake burst causing heavy flood in Boipher caused damage to natural forest and the settlements of Sat, Dar, Ghosonar, Chira and Bulchi villages.",1982.0,exact,,,False,,False,+,True,,False,,,+,True,,True,False,['Unknown'],1,['Unknown'],1
329,1982,1982,8.0,14.0,Merzbacher,Southern Inylshek,GL079841E42200N,2,G080193E42063N,42.196,79.847,3271,,,,,Ice dammed,N,Y,13_3,3,Kyrgyzstan,Issyk-Kul,Inylchek,Unknown,Unknown,Subglacial tunnel,,174000000.0,,,,,,,,,,,,,,,,,,,,,,,,,,"(Glazirin, 2010; Kinglsake and Ng, 2013)","Glazirin, G., 2010. A century of investigations on outbursts of the ice-dammed lake merzbacher (Central Tien Shan). Austrian Journal of Earth Sciences 103, 171–179; Kingslake, J., Ng, F., 2013. Quantifying the predictability of the timing of jökulhlaups from Merzbacher Lake, Kyrgyzstan. Journal of Glaciology 59, 805–818. https://doi.org/10.3189/2013JoG12J174.",,,1982.0,exact,1982-08-14,,False,,False,,False,,False,,,,False,,False,False,['Unknown'],1,['Subglacial tunnel'],1
330,1982,1982,8.0,27.0,Jin Co/Yindapu Co,Unnamed,GL087909E27951N,"2, 3, 4",G087888E27924N,27.951,87.908,5172,27.988,87.951,4886.0,Deposit,Moraine dammed,Y,Y,15_2,11,China,TAR,Pumqu,Unknown,Ice avalanche,Dam piping,512000.0,4270000.0,,,,,,,,,,,,,,,,1600.0,,,,,"Roads, bridges",280000.0,,,,"(Yamada and Sharma, 1993; Cui et al., 2010; Ives, Shrestha and Mool, 2010; ICIMOD, 2011; Veh et al., 2019)","Yamada, T., Sharma, C., 1993. Glacier lakes and outburst floods in the Nepal Himalaya. IAHS Pub., 218, 319–330; Cui, P., Dang, C., Cheng, Z., Scott, K.M., 2010. Debris Flows Resulting From Glacial-Lake Outburst Floods in Tibet, China. Physical Geography 31, 508–527. https://doi.org/10.2747/0272-3646.31.6.508; Ives, J.D., Shrestha, R.B., Mool, P.K., 2010. Formation of Glacial Lakes in the Hindu Kush-Himalayas and GLOF Risk Assessment. ICIMOD, Kathmandu, Nepal; ICIMOD, 2011. Glacial Lakes and Glacial Lake Outburst Floods in Nepal. ICIMOD; Veh, G., Korup, O., von Specht, S., Roessner, S., Walz, A., 2019. Unchanged frequency of moraine-dammed glacial lake outburst floods in the Himalaya. Nature Climate Change 9, 379–383. https://doi.org/10.1038/s41558-019-0437-5",,,1982.0,exact,1982-08-27,,False,,False,Damage in 8 villages,False,,False,,,,False,,False,True,['Ice avalanche'],1,['Dam piping'],1
331,1982,1982,9.0,8.0,Lake number 93,Tushinskogo,GL079932E45078N,"2, 3, 4",G079919E45073N,45.07896,79.932532,3260,45.201,80.029,1490.0,Observation,Moraine dammed,N,N,13_4,17,Kazakhstan,Almaty,Ily-Balkhash-Alakol,Unknown,Unknown,Unknown,,,,,"The water intake structure of the city water pipeline, power lines and communications, the head structure of the hydroelectric power station, 6 road bridges, about 30 km of roads and sidewalks, 6 irrigation water intake facilities, 20 km of irrigation canals, about 100 residential buildings were destroyed",,,,,,,,,,,,,,100.0,,,,,,,,,"(Veh et al., 2022)","Veh, G., Lützow, N., Kharlamova, V., Petrakov, D., Hugonnet, R., & Korup, O., 2022. Trends, breaks, and biases in the frequency of reported glacier lake outburst floods. Earth's Future, 10, e2021EF002426. https://doi.org/10.1029/2021EF002426",,,1982.0,exact,1982-09-08,,False,,False,,False,,False,,,,False,,False,False,['Unknown'],1,['Unknown'],1
332,1982,1982,11.0,16.0,Kyagar,Kyagar,GL077181E35675N,"2, 3, 4",G077158E35562N,35.677371,77.190788,4880,37.982034,76.877846,1450.0,Observation,Ice dammed,N,Y,14_2,9,China,Xinjiang,Yarkant,Surging glacier,Unknown,Unknown,,,856.0,,,,,,,,,,,,,,,,,,,,,,,,,"(Zhang et al., 1990; Zhang, 1992; Hewitt and Liu, 2010; Carrivick and Tweed, 2016; Bazai et al., 2021)","Zhang, X., Li, N., You, X., Wang, W., 1990. The Researches of Glacier Lake Outburst Floods of the Yarkant River in Xinjiang. Science in China Series B-Chemistry, Life Sciences & Earth Sciences 33 (8), 1014–1024; Zhang, X., 1992. Investigation of glacier bursts of the Yarkant River in Xinjiang, China. Annals of Glaciology 16, 135–139. https://doi.org/10.3189/1992AoG16-1-135-139; Hewitt, K., Liu, J., 2010. Ice-Dammed Lakes and Outburst Floods, Karakoram Himalaya: Historical Perspectives on Emerging Threats. Physical Geography 31, 528–551. https://doi.org/10.2747/0272-3646.31.6.528; Carrivick, J.L., Tweed, F.S., 2016. A global assessment of the societal impacts of glacier outburst floods. Global and Planetary Change 144, 1–16. https://doi.org/10.1016/j.gloplacha.2016.07.001; Bazai, N.A., Cui, P., Carling, P.A., Wang, H., Hassan, J., Liu, D., Zhang, G., Jin, W., 2021. Increasing glacial lake outburst flood hazard in response to surge glaciers in the Karakoram. Earth-Science Reviews 212, 103432. https://doi.org/10.1016/j.earscirev.2020.103432",,,1982.0,exact,1982-11-16,,False,,False,,False,,False,,,,False,,False,False,['Unknown'],1,['Unknown'],1
333,1983,1983,,,Cirenma Co,Zhangzangbo,GL086065E28067N,"2, 3, 4",G086086E28064N,28.067,86.065,4644,,,,,Moraine dammed,Y,Y,15_2,11,China,TAR,Poiqu,Unknown,Unknown,Unknown,,,,,,,,,,,,,,,,,,,,,,,,,,,,"(Allen et al., 2019; Zhang et al., 2021)","Allen, S.K., Zhang, G., Wang, W., Yao, T., Bolch, T., 2019. Potentially dangerous glacial lakes across the Tibetan Plateau revealed using a large-scale automated assessment approach. Science Bulletin, SPECIAL TOPIC:The Second Tibetan Plateau Scientific Expedition; Zhang, T., Wang, W., Gao, T., An, B., 2021. Simulation and Assessment of Future Glacial Lake Outburst Floods in the Poiqu River Basin, Central Himalayas. Water 13(10), 1376. https://doi.org/10.3390/w13101376 and Research (I) 64, 435–445. https://doi.org/10.1016/j.scib.2019.03.011",,,1983.0,exact,,,False,,False,,False,,False,,,,False,,False,False,['Unknown'],1,['Unknown'],1
334,1983,1983,8.0,5.0,Turgen (Lake 18),Belaya,GL077564E43198N,"2, 3, 4",G077559E43196N,43.198368,77.564577,3600,,,,Deposit,Moraine dammed,N,N,13_3,4,Kazakhstan,Almaty,Ily-Balkhash-Alakol,Unknown,Unknown,Unknown,,,,,,,,,,,,,,,,,,,,,,,,,,,,"(Shahgedanova et al., 2024)","Shahgedanova, M., Saidaliyeva, Z., Mussina, A. et al. Debris flows in the northern Tien Shan, Central Asia: regional database, meteorological triggers, and trends. npj Nat. Hazards 1, 49 (2024). https://doi.org/10.1038/s44304-024-00050-7",,,1983.0,exact,1983-08-05,,False,,False,,False,,False,,,,False,,False,False,['Unknown'],1,['Unknown'],1
335,1983,1983,8.0,12.0,Keidy Kuchkach,Unnamed,Not mapped,,G074294E42468N,42.474141,74.298736,3576,,,,,Moraine dammed,N,N,13_3,4,Kyrgyzstan,Chuy,Sokuluk,Unknown,Unknown,Unknown,,,,,,,,,,,,,,,,,,,,,,,,,,,,(This study),,https://www.debrisflow.ru/en/selevye-yavleniya-yugo-vostochnogo-kazakhstana/,,1983.0,exact,1983-08-12,,False,,False,,False,,False,,,,False,,False,True,['Unknown'],1,['Unknown'],1
336,1983,1983,8.0,22.0,Merzbacher,Southern Inylshek,GL079841E42200N,2,G080193E42063N,42.196,79.847,3271,,,,,Ice dammed,N,Y,13_3,3,Kyrgyzstan,Issyk-Kul,Inylchek,Unknown,Unknown,Subglacial tunnel,,,,,,,,,,,,,,,,,,,,,,,,,,,,"(Kingslake and Ng, 2013)","Kingslake, J., Ng, F., 2013. Quantifying the predictability of the timing of jökulhlaups from Merzbacher Lake, Kyrgyzstan. Journal of Glaciology 59, 805–818. https://doi.org/10.3189/2013JoG12J172",,,1983.0,exact,1983-08-22,,False,,False,,False,,False,,,,False,,False,False,['Unknown'],1,['Subglacial tunnel'],1
337,1983,1983,10.0,28.0,Kyagar,Kyagar,GL077181E35675N,"2, 3, 4",G077158E35562N,35.677371,77.190788,4880,37.982034,76.877846,1450.0,Observation,Ice dammed,N,Y,14_2,9,China,Xinjiang,Yarkant,Surging glacier,Unknown,Unknown,,,854.0,,,,,,,,,,,,,,,,,,,,,,,,,"(Zhang et al., 1990; Zhang, 1992; Hewitt and Liu, 2010; Carrivick and Tweed, 2016; Bazai et al., 2021)","Zhang, X., Li, N., You, X., Wang, W., 1990. The Researches of Glacier Lake Outburst Floods of the Yarkant River in Xinjiang. Science in China Series B-Chemistry, Life Sciences & Earth Sciences 33 (8), 1014–1024; Zhang, X., 1992. Investigation of glacier bursts of the Yarkant River in Xinjiang, China. Annals of Glaciology 16, 135–139. https://doi.org/10.3189/1992AoG16-1-135-139; Hewitt, K., Liu, J., 2010. Ice-Dammed Lakes and Outburst Floods, Karakoram Himalaya: Historical Perspectives on Emerging Threats. Physical Geography 31, 528–551. https://doi.org/10.2747/0272-3646.31.6.528; Carrivick, J.L., Tweed, F.S., 2016. A global assessment of the societal impacts of glacier outburst floods. Global and Planetary Change 144, 1–16. https://doi.org/10.1016/j.gloplacha.2016.07.001; Bazai, N.A., Cui, P., Carling, P.A., Wang, H., Hassan, J., Liu, D., Zhang, G., Jin, W., 2021. Increasing glacial lake outburst flood hazard in response to surge glaciers in the Karakoram. Earth-Science Reviews 212, 103432. https://doi.org/10.1016/j.earscirev.2020.103432",,,1983.0,exact,1983-10-28,,False,,False,,False,,False,,,,False,,False,False,['Unknown'],1,['Unknown'],1
338,1984,1984,6.0,16.0,Lake 5,Kalesnika,Not mapped,,G077211E43032N,43.046308,77.190846,3328,,,,Deposit,Moraine dammed,N,Y,13_3,4,Kazakhstan,Almaty,Ily-Balkhash-Alakol,Unknown,Unknown,Unknown,,,,,,,,,,,,,,,,,,,,,,,,,,,,"(Shahgedanova et al., 2024)","Shahgedanova, M., Saidaliyeva, Z., Mussina, A. et al. Debris flows in the northern Tien Shan, Central Asia: regional database, meteorological triggers, and trends. npj Nat. Hazards 1, 49 (2024). https://doi.org/10.1038/s44304-024-00050-7",,,1984.0,exact,1984-06-16,,False,,False,,False,,False,,,,False,,False,False,['Unknown'],1,['Unknown'],1
339,1984,1984,,,Unknown,Kuturgansuu,Ephemeral,,G074608E42515N,42.522,74.609,3470,42.535,74.658,2170.0,Deposit,Moraine dammed,N,Y,13_3,4,Kyrgyzstan,Chuy,Alamedin,Unknown,Unknown,Unknown,,,,,,,,,,,,,,,,,,,,,,,,,,,,"(Zaginaev et al., 2019)","Zaginaev, V., Petrakov, D., Erokhin, S., Meleshko, A., Stoffel, M., Ballesteros-Cánovas, J.A., 2019. Geomorphic control on regional glacier lake outburst flood and debris flow activity over northern Tien Shan. Global and Planetary Change 176, 50–59. https://doi.org/10.1016/j.gloplacha.2019.03.003",,,1984.0,exact,,,False,,False,,False,,False,,,,False,,True,False,['Unknown'],1,['Unknown'],1
340,1984,1984,8.0,20.0,Merzbacher,Southern Inylshek,GL079841E42200N,2,G080193E42063N,42.196,79.847,3271,,,,,Ice dammed,N,Y,13_3,3,Kyrgyzstan,Issyk-Kul,Inylchek,Unknown,Unknown,Subglacial tunnel,,,,,,,,,,,,,,,,,,,,,,,,,,,,"(Glazirin, 2010)","Glazirin, G., 2010. A century of investigations on outbursts of the ice-dammed lake merzbacher (Central Tien Shan). Austrian Journal of Earth Sciences 103, 171–179.",,,1984.0,exact,1984-08-20,,False,,False,,False,,False,,,,False,,False,False,['Unknown'],1,['Subglacial tunnel'],1
341,1984,1984,8.0,30.0,Kyagar,Kyagar,GL077181E35675N,"2, 3, 4",G077158E35562N,35.677371,77.190788,4880,37.982034,76.877846,1450.0,Observation,Ice dammed,N,Y,14_2,9,China,Xinjiang,Yarkant,Surging glacier,Unknown,Unknown,,,4570.0,,,,,,,,,,,,,,,,,,,,,,,,,"(Zhang et al., 1990; Zhang, 1992; Hewitt and Liu, 2010; Carrivick and Tweed, 2016; Bazai et al., 2021)","Zhang, X., Li, N., You, X., Wang, W., 1990. The Researches of Glacier Lake Outburst Floods of the Yarkant River in Xinjiang. Science in China Series B-Chemistry, Life Sciences & Earth Sciences 33 (8), 1014–1024; Zhang, X., 1992. Investigation of glacier bursts of the Yarkant River in Xinjiang, China. Annals of Glaciology 16, 135–139. https://doi.org/10.3189/1992AoG16-1-135-139; Hewitt, K., Liu, J., 2010. Ice-Dammed Lakes and Outburst Floods, Karakoram Himalaya: Historical Perspectives on Emerging Threats. Physical Geography 31, 528–551. https://doi.org/10.2747/0272-3646.31.6.528; Carrivick, J.L., Tweed, F.S., 2016. A global assessment of the societal impacts of glacier outburst floods. Global and Planetary Change 144, 1–16. https://doi.org/10.1016/j.gloplacha.2016.07.001; Bazai, N.A., Cui, P., Carling, P.A., Wang, H., Hassan, J., Liu, D., Zhang, G., Jin, W., 2021. Increasing glacial lake outburst flood hazard in response to surge glaciers in the Karakoram. Earth-Science Reviews 212, 103432. https://doi.org/10.1016/j.earscirev.2020.103432",,,1984.0,exact,1984-08-30,,False,,False,,False,,False,,,,False,,False,False,['Unknown'],1,['Unknown'],1
342,1985,1985,7.0,8.0,Unnamed,Fedchenko,Not mapped,,G072234E38780N,39.074,72.312,3030,,,,,Moraine dammed,Y,Y,13_2,6,Tajikistan,Gorno-Badakhshan,Murghob,Unknown,Unknown,Unknown,,,,,,,,,,,,,,,,,,,,,,,,,,,,"(Veh et al., 2022)","Veh, G., Lützow, N., Kharlamova, V., Petrakov, D., Hugonnet, R., & Korup, O., 2022. Trends, breaks, and biases in the frequency of reported glacier lake outburst floods. Earth's Future, 10, e2021EF002426. https://doi.org/10.1029/2021EF002426",,,1985.0,exact,1985-07-08,,False,,False,,False,,False,,,,False,,True,False,['Unknown'],1,['Unknown'],1
343,1985,1985,,,Unknown,Unna,Not mapped,,G074654E36075N,36.039,74.633,3312,36.012126,74.541862,2276.0,Observation,Unknown,N,Y,14_2,9,Pakistan,Gilgit - Baltistan,Gilgit,Unknown,Unknown,Unknown,,,,,,,,,,,,,,,,,,,,,,,,,,,,"(This study; Ashraf et al., 2015)","Ashraf, A., Naz, R., Mustafa, N., Iqbal, M.B., Ahmad, B., Jawad, A., Ahmad. I., 2015. Updating GLOF Lake Inventory of Northern Pakistan and Establishment of Community Based Early Warning System in Bagrot and Bondo Gol Valleys. Technical Report. Islamabad, Pakistan: Pakistan Agricultural Research Council (PARC).",,"On 11th December 2012 a community exchange documented this event. Unna Glacial lake burst causing heavy flood in Boipher caused damage to natural forest and the settlements of Sat, Dar, Ghosonar, Chira and Bulchi villages.",1985.0,exact,,,False,,False,+,True,,False,,,+,True,,True,False,['Unknown'],1,['Unknown'],1
344,1985,1985,,,Suuk Tor,Unnamed,Ephemeral,,G076806E41950N,41.9512,76.8538,3570,41.951,76.891,3240.0,Deposit,Unknown,N,N,13_3,4,Kyrgyzstan,Issyk-Kul,Tong,Unknown,Unknown,Unknown,,,,,,,,,,,,,,,,,,,,,,,,,,,,"(Narama et al., 2010)","Narama, C., Duishonakunov, M., Kääb, A., Daiyrov, M., Abdrakhmatov, K., 2010. The 24 July 2008 outburst flood at the western Zyndan glacier lake and recent regional changes in glacier lakes of the Teskey Ala-Too range, Tien Shan, Kyrgyzstan. Natural Hazards and Earth System Sciences 10, 647–659. https://doi.org/10.5194/nhess-10-647-2010",,,1985.0,exact,,,False,,False,,False,,False,,,,False,,False,True,['Unknown'],1,['Unknown'],1
345,1985,1985,7.0,23.0,Bogatyr,Bogatyr,GL077325E43020N,"2, 3, 4",G077248E43020N,43.02071957,77.32564979,3447,43.002055,77.421605,2855.0,Deposit,Moraine dammed,N,N,13_3,4,Kazakhstan,Almaty,Ily-Balkhash-Alakol,Surging glacier,Unknown,Unknown,,9300000.0,100.0,,,,,,,,,,,,,,,,,,,,,,,,,(Medeu et al. 2022),"Medeu, A.R., Popov, N.V., Blagovechshenskiy, V.P., Askarova, M.A., Medeu, A.A., Ranova, S.U., Kamalbekova, A., Bolch, T., 2022. Moraine-dammed glacial lakes and threat of glacial debris flows in South-East Kazakhstan. Earth-Science Reviews 103999. https://doi.org/10.1016/j.earscirev.2022.103999",,,1985.0,exact,1985-07-23,,False,,False,,False,,False,,,,False,,False,False,['Unknown'],1,['Unknown'],1
346,1985,1985,8.0,9.0,Merzbacher,Southern Inylshek,GL079841E42200N,2,G080193E42063N,42.196,79.847,3271,,,,,Ice dammed,N,Y,13_3,3,Kyrgyzstan,Issyk-Kul,Inylchek,Unknown,Unknown,Subglacial tunnel,,,,,,,,,,,,,,,,,,,,,,,,,,,,"(Glazirin, 2010)","Glazirin, G., 2010. A century of investigations on outbursts of the ice-dammed lake merzbacher (Central Tien Shan). Austrian Journal of Earth Sciences 103, 171–179.",,,1985.0,exact,1985-08-09,,False,,False,,False,,False,,,,False,,False,False,['Unknown'],1,['Subglacial tunnel'],1
347,1985,1985,,,Unknown,Unnamed,Not mapped,,G083867E29307N,29.307,83.867,5982,29.297,83.949,4490.0,Observation,Water pocket,Y,N,15_1,11,Nepal,Gandaki,Kali Gandaki,Unknown,Intense rainfall,Unknown,18000.0,,,,,,,,,,,,,,,,,,,,,,,,,,,(This study),,"Personal communication from Giovanni Kappenberger, documentation by local villagers",,1985.0,exact,,,False,,False,,False,,False,,,,False,,True,True,['Intense rainfall'],1,['Unknown'],1
348,1985,1985,8.0,4.0,Dig Tsho,Langmoche,GL086586E27874N,2,G086569E27865N,27.874,86.594,4387,27.826144,86.664192,3534.0,Observation,Moraine dammed,Y,Y,15_2,11,Nepal,Koshi,Dudh Koshi,Unknown,Ice avalanche,Unknown,,,1600.0,,60 km,5.0,,,,,,,,,,,,,,2.0,30.0,,"14 bridges, nearly completed Namche Small hydro Project",,0.6,1500000.0,,"(Vuichard and Zimmermann, 1986, 1987; Ives, Shrestha and Mool, 2010; ICIMOD, 2011)","Vuichard, D., Zimmermann, M., 1986. The Langmoche Flash-Flood, Khumbu Himal, Nepal. Mountain Research and Development 6, 90–94. https://doi.org/10.2307/3673345; Vuichard, D., Zimmermann, M., 1987. The 1985 Catastrophic Drainage of a Moraine-Dammed Lake, Khumbu Himal, Nepal: Cause and Consequences. Mountain Research and Development 7, 91–110. https://doi.org/10.2307/3673305; Ives, J.D., Shrestha, R.B., Mool, P.K., 2010. Formation of Glacial Lakes in the Hindu Kush-Himalayas and GLOF Risk Assessment. ICIMOD, Kathmandu, Nepal; ICIMOD, 2011. Glacial Lakes and Glacial Lake Outburst Floods in Nepal. ICIMOD.",,,1985.0,exact,1985-08-04,,False,,False,,False,,False,,,,False,,False,False,['Ice avalanche'],1,['Unknown'],1
349,1986,1986,,,Ghulkin,Ghulkin,Ephemeral,,G074783E36426N,36.420236,74.879432,2692,,,,,Supraglacial,N,Y,14_2,9,Pakistan,Gilgit - Baltistan,Hunza,Unknown,Unknown,Unknown,,,,,,,,,,,,,,,,,,,,,,,,,,,,"(Kreutzmann, 1994)","Kreutzmann, H., 1994. Habitat conditions and settlement processes in the Hindukush Karakoram. Petermanns Geographische Mitteilungen 138, 337–356",,,1986.0,exact,,,False,,False,,False,,False,,,,False,,False,False,['Unknown'],1,['Unknown'],1
350,1986,1986,7.0,5.0,Lake 16,Kaskelen,Not mapped,,G076604E42918N,42.922371,76.601281,3420,,,,Observation,Moraine dammed,N,N,13_3,4,Kazakhstan,Almaty,Ily-Balkhash-Alakol,Unknown,Unknown,Unknown,,,,,,,,,,,,,,,,,,,,,,,,,,,,"(Shahgedanova et al., 2024)","Shahgedanova, M., Saidaliyeva, Z., Mussina, A. et al. Debris flows in the northern Tien Shan, Central Asia: regional database, meteorological triggers, and trends. npj Nat. Hazards 1, 49 (2024). https://doi.org/10.1038/s44304-024-00050-7",,,1986.0,exact,1986-07-05,,False,,False,,False,,False,,,,False,,False,False,['Unknown'],1,['Unknown'],1
351,1986,1986,7.0,23.0,Unnamed,Glacier No 25,GL076601E42922N,"2, 4",G076604E42918N,42.923,76.602,3425,,,,,Supraglacial,N,Y,13_3,4,Kazakhstan,Almaty,Ily-Balkhash-Alakol,Unknown,Unknown,Unknown,,90000.0,16.0,100.0,,,,,,,,,,,,,,,,,,,,,,,,(Medeu et al. 2022),"Medeu, A.R., Popov, N.V., Blagovechshenskiy, V.P., Askarova, M.A., Medeu, A.A., Ranova, S.U., Kamalbekova, A., Bolch, T., 2022. Moraine-dammed glacial lakes and threat of glacial debris flows in South-East Kazakhstan. Earth-Science Reviews 103999. https://doi.org/10.1016/j.earscirev.2022.103999",,,1986.0,exact,1986-07-23,,False,,False,,False,,False,,,,False,,True,False,['Unknown'],1,['Unknown'],1
352,1986,1986,8.0,14.0,Kyagar,Kyagar,GL077181E35675N,"2, 3, 4",G077158E35562N,35.677371,77.190788,4880,37.982034,76.877846,1450.0,Observation,Ice dammed,N,Y,14_2,9,China,Xinjiang,Yarkant,Surging glacier,Unknown,Unknown,,,1980.0,,,,,,,,,,,,,,,,,,,,,,,,,"(Zhang et al., 1990; Zhang, 1992; Hewitt and Liu, 2010; Carrivick and Tweed, 2016; Bazai et al., 2021)","Zhang, X., Li, N., You, X., Wang, W., 1990. The Researches of Glacier Lake Outburst Floods of the Yarkant River in Xinjiang. Science in China Series B-Chemistry, Life Sciences & Earth Sciences 33 (8), 1014–1024; Zhang, X., 1992. Investigation of glacier bursts of the Yarkant River in Xinjiang, China. Annals of Glaciology 16, 135–139. https://doi.org/10.3189/1992AoG16-1-135-139; Hewitt, K., Liu, J., 2010. Ice-Dammed Lakes and Outburst Floods, Karakoram Himalaya: Historical Perspectives on Emerging Threats. Physical Geography 31, 528–551. https://doi.org/10.2747/0272-3646.31.6.528; Carrivick, J.L., Tweed, F.S., 2016. A global assessment of the societal impacts of glacier outburst floods. Global and Planetary Change 144, 1–16. https://doi.org/10.1016/j.gloplacha.2016.07.001; Bazai, N.A., Cui, P., Carling, P.A., Wang, H., Hassan, J., Liu, D., Zhang, G., Jin, W., 2021. Increasing glacial lake outburst flood hazard in response to surge glaciers in the Karakoram. Earth-Science Reviews 212, 103432. https://doi.org/10.1016/j.earscirev.2020.103432",,,1986.0,exact,1986-08-14,,False,,False,,False,,False,,,,False,,False,False,['Unknown'],1,['Unknown'],1
353,1986,1986,8.0,26.0,Merzbacher,Southern Inylshek,GL079841E42200N,2,G080193E42063N,42.196,79.847,3271,,,,,Ice dammed,N,Y,13_3,3,Kyrgyzstan,Issyk-Kul,Inylchek,Unknown,Unknown,Subglacial tunnel,,,,,,,,,,,,,,,,,,,,,,,,,,,,"(Glazirin, 2010)","Glazirin, G., 2010. A century of investigations on outbursts of the ice-dammed lake merzbacher (Central Tien Shan). Austrian Journal of Earth Sciences 103, 171–179.",,,1986.0,exact,1986-08-26,,False,,False,,False,,False,,,,False,,False,False,['Unknown'],1,['Subglacial tunnel'],1
354,1986,1986,,,Shimbuwa,Yalung,Ephemeral,,G088069E27624N,27.585963,88.02714,4435,,,,,Supraglacial,Y,N,15_2,11,Nepal,Koshi,Tamor,Unknown,Unknown,Unknown,,,,,,,,,,,,,,,,,,,,,,,,,,,,"(Byers et al., 2020)","Byers, A.C., Chand, M.B., Lala, J., Shrestha, M., Byers, E.A., Watanabe, T., 2020. Reconstructing the History of Glacial Lake Outburst Floods (GLOF) in the Kanchenjunga Conservation Area, East Nepal: An Interdisciplinary Approach. Sustainability 12, 5407. https://doi.org/10.3390/su12135407",,,1986.0,exact,,,False,,False,,False,,False,,,,False,,False,False,['Unknown'],1,['Unknown'],1
355,1987,1987,7.0,,Buzulgansuu,Unnamed,GL075229E42421N,"2, 3",G075231E42417N,42.421222,75.22963,3870,,,,,Ice dammed,N,Y,13_3,4,Kyrgyzstan,Chuy,Naryn,Unknown,Unknown,Unknown,,,,,,,,,,,,,,,,,,,,,,,,,,,,(This study),,https://www.debrisflow.ru/en/selevye-yavleniya-yugo-vostochnogo-kazakhstana/,,1987.0,exact,,,False,,False,,False,,False,,,,False,,False,True,['Unknown'],1,['Unknown'],1
356,1987,1987,8.0,14.0,Merzbacher,Southern Inylshek,GL079841E42200N,2,G080193E42063N,42.196,79.847,3271,,,,,Ice dammed,N,Y,13_3,3,Kyrgyzstan,Issyk-Kul,Inylchek,Unknown,Unknown,Subglacial tunnel,,,,,,,,,,,,,,,,,,,,,,,,,,,,"(Glazirin, 2010)","Glazirin, G., 2010. A century of investigations on outbursts of the ice-dammed lake merzbacher (Central Tien Shan). Austrian Journal of Earth Sciences 103, 171–179.",,,1987.0,exact,1987-08-14,,False,,False,,False,,False,,,,False,,False,False,['Unknown'],1,['Subglacial tunnel'],1
357,1988,1988,,,Abdukagor,Medvezhiy,Not mapped,,G072229E38652N,38.631723,72.146101,3020,,,,,Ice dammed,Y,Y,13_2,6,Tajikistan,Gorno-Badakhshan,Vanch,Unknown,Unknown,Subglacial tunnel,,8500000.0,,,,,,,,,,,,,,,,,,,,,,,,,,"(Veh et al., 2022)","Veh, G., Lützow, N., Kharlamova, V., Petrakov, D., Hugonnet, R., & Korup, O., 2022. Trends, breaks, and biases in the frequency of reported glacier lake outburst floods. Earth's Future, 10, e2021EF002426. https://doi.org/10.1029/2021EF002426",,,1988.0,exact,,,False,,False,,False,,False,,,,False,,False,False,['Unknown'],1,['Subglacial tunnel'],1
358,1988,1988,6.0,,Unnamed,Teztor,Not mapped,,G074417E42535N,42.5366,74.4273,3606,42.58,74.481,2015.0,Deposit,Moraine dammed,N,Y,13_3,4,Kyrgyzstan,Chuy,Sokuluk,Unknown,Unknown,Unknown,,,,,,,,,,,,,,,,,,,,,,,,,,,,"(Zaginaev et al., 2019)","Zaginaev, V., Petrakov, D., Erokhin, S., Meleshko, A., Stoffel, M., Ballesteros-Cánovas, J.A., 2019. Geomorphic control on regional glacier lake outburst flood and debris flow activity over northern Tien Shan. Global and Planetary Change 176, 50–59. https://doi.org/10.1016/j.gloplacha.2019.03.003",,,1988.0,exact,,,False,,False,,False,,False,,,,False,,True,False,['Unknown'],1,['Unknown'],1
359,1988,1988,,,Unnamed,Topkaragay,GL074519E42490N,3,G074547E42486N,42.488,74.523,3680,42.58,74.481,2015.0,Deposit,Moraine dammed,N,Y,13_3,4,Kyrgyzstan,Chuy,Ala Archa,Unknown,Unknown,Unknown,,,,,,,,,,,,,,,,,,,,,,,,,,,,"(Zaginaev et al., 2019)","Zaginaev, V., Petrakov, D., Erokhin, S., Meleshko, A., Stoffel, M., Ballesteros-Cánovas, J.A., 2019. Geomorphic control on regional glacier lake outburst flood and debris flow activity over northern Tien Shan. Global and Planetary Change 176, 50–59. https://doi.org/10.1016/j.gloplacha.2019.03.003",,,1988.0,exact,,,False,,False,,False,,False,,,,False,,True,False,['Unknown'],1,['Unknown'],1
360,1988,1988,,,Unknown,Kuturgansuu,Ephemeral,,G074608E42515N,42.522,74.609,3470,42.535,74.658,2170.0,Deposit,Moraine dammed,N,Y,13_3,4,Kyrgyzstan,Chuy,Alamedin,Unknown,Unknown,Unknown,,,,,,,,,,,,,,,,,,,,,,,,,,,,"(Zaginaev et al., 2019)","Zaginaev, V., Petrakov, D., Erokhin, S., Meleshko, A., Stoffel, M., Ballesteros-Cánovas, J.A., 2019. Geomorphic control on regional glacier lake outburst flood and debris flow activity over northern Tien Shan. Global and Planetary Change 176, 50–59. https://doi.org/10.1016/j.gloplacha.2019.03.003",,,1988.0,exact,,,False,,False,,False,,False,,,,False,,True,False,['Unknown'],1,['Unknown'],1
361,1988,1988,6.0,24.0,Unnamed,Glacier No 25,GL076601E42922N,"2, 4",G076604E42918N,42.923,76.602,3425,,,,,Supraglacial,N,Y,13_3,4,Kazakhstan,Almaty,Ily-Balkhash-Alakol,Unknown,Unknown,Unknown,,70000.0,,25.0,,,,,,,,,,,,,,,,,,,,,,,,(Medeu et al. 2022),"Medeu, A.R., Popov, N.V., Blagovechshenskiy, V.P., Askarova, M.A., Medeu, A.A., Ranova, S.U., Kamalbekova, A., Bolch, T., 2022. Moraine-dammed glacial lakes and threat of glacial debris flows in South-East Kazakhstan. Earth-Science Reviews 103999. https://doi.org/10.1016/j.earscirev.2022.103999",,,1988.0,exact,1988-06-24,,False,,False,,False,,False,,,,False,,True,False,['Unknown'],1,['Unknown'],1
362,1988,1988,,,Unknown,Shaune Garang,Ephemeral,,G078349E31292N,31.295,78.332,4578,,,,,Water pocket,N,Y,14_3,10,India,Himachal Pradesh,Sutluj,Unknown,Unknown,Unknown,,,,,,,,,,,,,,,,,,,,,,,,,,,,"(Sangewar, Srivastava and Singh, 1999)","Sangewar, C.V., Srivastava, D., Singh, R.K., 1999. Reservoir within the Shaune Garang glacier, district Kinnaur, Himachal Pradesh, in: In Proceedings of the Symposium on Snow, Ice and Glaciers: A Himalayan Perspecti. Geological Survey of India.",,,1988.0,exact,,,False,,False,,False,,False,,,,False,,True,False,['Unknown'],1,['Unknown'],1
363,1988,1988,,,Unnamed,Unnamed,Not mapped,,G083822E29291N,29.28812,83.86815,5365,29.231,83.974,3895.0,Observation,Moraine dammed,N,N,15_1,11,Nepal,Gandaki,Kali Gandaki,Unknown,Unknown,Unknown,,,,,,,,,,,,,,,,,,,,,,,,,,,,"(Fort, 2015)","Fort, M., 2015. Natural hazards versus climate change and their potential impacts in the dry, northern Himalayas: focus on the upper Kali Gandaki (Mustang District, Nepal). Environ Earth Sci 73, 801–814. https://doi.org/10.1007/s12665-014-3087-y",,,1988.0,exact,,+,True,+,True,,False,,False,,,,False,,True,True,['Unknown'],1,['Unknown'],1
364,1988,1988,7.0,15.0,Guangxie Co,Unnamed,GL096500E29469N,"2, 3, 4",G096516E29420N,29.47,96.5,3816,29.488447,96.493776,3744.0,Observation,Moraine dammed,N,N,15_3,18,China,TAR,Yigong Zangbo,Unknown,Ice avalanche,Dam piping,523000.0,3310000.0,1270.0,,,5.0,,,,,,,,,,,,50.0,51.0,,,,Destroyed 18 bridges,67000.0,,12000000.0,,"(Cui et al., 2010; Gurung et al., 2017; Liu et al., 2014)","Cui, P., Dang, C., Cheng, Z., Scott, K.M., 2010. Debris Flows Resulting From Glacial-Lake Outburst Floods in Tibet, China. Physical Geography 31, 508–527. https://doi.org/10.2747/0272-3646.31.6.508; Gurung, D.R., Khanal, N.R., Bajracharya, S.R., Tsering, K., Joshi, S., Tshering, P., Chhetri, L.K., Lotay, Y., Penjor, T., 2017. Lemthang Tsho glacial Lake outburst flood (GLOF) in Bhutan: cause and impact. Geoenvironmental Disasters 4, 17. https://doi.org/10.1186/s40677-017-0080-2; Liu, J.-J., Cheng, Z.-L., Li, Y., 2014. The 1988 glacial lake outburst flood in Guangxieco Lake, Tibet, China. Natural Hazards and Earth System Sciences 14, 3065–3075",,,1988.0,exact,1988-07-15,,False,,False,,False,,False,,,,False,,False,True,['Ice avalanche'],1,['Dam piping'],1
365,1988,1988,12.0,12.0,Merzbacher,Southern Inylshek,GL079841E42200N,2,G080193E42063N,42.196,79.847,3271,,,,,Ice dammed,N,Y,13_3,3,Kyrgyzstan,Issyk-Kul,Inylchek,Unknown,Unknown,Subglacial tunnel,,210000000.0,,,,,,,,,,,,,,,,,,,,,,,,,,"(Kingslake and Ng, 2013)","Kingslake, J., Ng, F., 2013. Quantifying the predictability of the timing of jökulhlaups from Merzbacher Lake, Kyrgyzstan. Journal of Glaciology 59, 805–818. https://doi.org/10.3189/2013JoG12J173",,,1988.0,exact,1988-12-12,,False,,False,,False,,False,,,,False,,False,False,['Unknown'],1,['Subglacial tunnel'],1
366,1989,1989,8.0,31.0,Merzbacher,Southern Inylshek,GL079841E42200N,2,G080193E42063N,42.196,79.847,3271,,,,,Ice dammed,N,Y,13_3,3,Kyrgyzstan,Issyk-Kul,Inylchek,Unknown,Unknown,Subglacial tunnel,,128000000.0,,,,,,,,,,,,,,,,,,,,,,,,,,"(Kingslake and Ng, 2013)","Kingslake, J., Ng, F., 2013. Quantifying the predictability of the timing of jökulhlaups from Merzbacher Lake, Kyrgyzstan. Journal of Glaciology 59, 805–818. https://doi.org/10.3189/2013JoG12J174",,,1989.0,exact,1989-08-31,,False,,False,,False,,False,,,,False,,False,False,['Unknown'],1,['Subglacial tunnel'],1
367,1989,1989,10.0,10.0,Merzbacher,Southern Inylshek,GL079841E42200N,2,G080193E42063N,42.196,79.847,3271,,,,,Ice dammed,N,Y,13_3,3,Kyrgyzstan,Issyk-Kul,Inylchek,Unknown,Unknown,Subglacial tunnel,,,,,,,,,,,,,,,,,,,,,,,,,,,,"(Glazirin, 2010)","Glazirin, G., 2010. A century of investigations on outbursts of the ice-dammed lake merzbacher (Central Tien Shan). Austrian Journal of Earth Sciences 103, 171–179.",,,1989.0,exact,1989-10-10,,False,,False,,False,,False,,,,False,,False,False,['Unknown'],1,['Subglacial tunnel'],1
368,1990,1990,,,Warghut,Unnamed,Ephemeral,,G073973E36737N,36.746817,74.002922,3409,,,,,Ice dammed,N,Y,14_2,9,Pakistan,Gilgit - Baltistan,Gilgit,Unknown,Unknown,Unknown,,,,,,,,,,,,,,,,,,,,,,,,,,,,"(Iturrizaga, 2004, 2005a)","Iturrizaga, L., 2004. Ice-dammed lakes in the Hindukush-Karakoram Mountains (Pakistan): Geomorphological impacts of outbursts floods in the Karambar valley. Himalayan Journal of Sciences 2, 160–161. https://doi.org/10.3126/hjs.v2i4.851; Iturrizaga, L., 2005a. Historical glacier-dammed lakes and outburst floods in the Karambar valley (Hindukush-Karakoram). GeoJournal 63, 1–47. https://doi.org/10.1007/s10708-005-2395-x",,,1990.0,exact,,,False,,False,,False,,False,,,,False,,False,True,['Unknown'],1,['Unknown'],1
369,1990,1990,,,Unknown,Lokpar/Aling,Ephemeral,,G076211E35548N,35.497,76.271,3720,,,,,Moraine dammed,N,Y,14_2,9,Pakistan,Gilgit - Baltistan,Hushe,Unknown,Rockfall,Unknown,,,,,,,,,,,,,,,,,,,,,,,"Destroyed a summer village, forest and pastureland",,,,,"(Hewitt, 2009)","Hewitt, K., 2009. Rock avalanches that travel onto glaciers and related developments, Karakoram Himalaya, Inner Asia. Geomorphology 103, 66–79",,,1990.0,exact,,,False,,False,,False,,False,,,,False,,True,False,['Rockfall'],1,['Unknown'],1
370,1990,1990,6.0,6.0,Unknown,North Terong,Ephemeral,,G077336E35311N,35.254,77.308,4400,,,,,Ice dammed,Y,Y,14_2,9,India,Jammu and Kashmir,Nubra,Glacier advance,Unknown,Unknown,,17000000.0,,,,,,,,,,,,,,,,,,,,,,,,,,"(Bazai et al., 2021)","Bazai, N.A., Cui, P., Carling, P.A., Wang, H., Hassan, J., Liu, D., Zhang, G., Jin, W., 2021. Increasing glacial lake outburst flood hazard in response to surge glaciers in the Karakoram. Earth-Science Reviews 212, 103432. https://doi.org/10.1016/j.earscirev.2020.103432",,,1990.0,exact,1990-06-06,,False,,False,,False,,False,,,,False,,True,False,['Unknown'],1,['Unknown'],1
371,1990,1990,7.0,7.0,Orta Talgar,Bogdanovicha,Not mapped,,G077110E43086N,43.1,77.11,3375,,,,Deposit,Moraine dammed,N,Y,13_3,4,Kazakhstan,Almaty,Ily-Balkhash-Alakol,Unknown,Unknown,Unknown,,,,,,,,,,,,,,,,,,,,,,,,,,,,"(Shahgedanova et al., 2024)","Shahgedanova, M., Saidaliyeva, Z., Mussina, A. et al. Debris flows in the northern Tien Shan, Central Asia: regional database, meteorological triggers, and trends. npj Nat. Hazards 1, 49 (2024). https://doi.org/10.1038/s44304-024-00050-7",,,1990.0,exact,1990-07-07,,False,,False,,False,,False,,,,False,,False,False,['Unknown'],1,['Unknown'],1
372,1990,1990,8.0,5.0,Merzbacher,Southern Inylshek,GL079841E42200N,2,G080193E42063N,42.196,79.847,3271,,,,,Ice dammed,N,Y,13_3,3,Kyrgyzstan,Issyk-Kul,Inylchek,Unknown,Unknown,Subglacial tunnel,,,,,,,,,,,,,,,,,,,,,,,,,,,,"(Glazirin, 2010)","Glazirin, G., 2010. A century of investigations on outbursts of the ice-dammed lake merzbacher (Central Tien Shan). Austrian Journal of Earth Sciences 103, 171–179.",,,1990.0,exact,1990-08-05,,False,,False,,False,,False,,,,False,,False,False,['Unknown'],1,['Subglacial tunnel'],1
373,1991,1991,6.0,12.0,Gebumaco,Unknown,Ephemeral,,No glacier,30.476389,96.556111,5030,,,,,Moraine dammed,N,N,15_3,20,China,TAR,Nujiang,Unknown,Upstream flood,Unknown,,,,,,10.0,,,,,,,,,,,,144.0,11.0,,,,"Washed away 18 wooden bridges, destroying 1 barrage of the power station, and washing away 200 m of water diversion canals.",550000.0,,,,"(Liu et al., 2019)","Liu, J., Zhang, J., Bo, G., 2019. An overview of glacial lake outburst floods in Tibet, China. Journal of Glaciology and Geocryology 41. http://www.bcdt.ac.cn/EN/10.7522/j.issn.1000-0240.2019.0073",,,1991.0,exact,1991-06-12,,False,,False,,False,,False,,,,False,,False,True,['Upstream flood'],1,['Unknown'],1
374,1991,1991,7.0,12.0,Chubung,"Chubung, Ripimo Shar",Ephemeral,,G086502E27917N,27.887,86.467,4660,27.877,86.449,4265.0,Deposit,Supraglacial,Y,N,15_2,11,Nepal,Bagmati,Tama Koshi,Unknown,Unknown,Moraine collapse,,,,,,,,,,,,,,,,,,,,,6.0,,Cultivation field,,,,,"(Mool, 1995; Mool, Bajracharya and Joshi, 2001; Ives, Shrestha and Mool, 2010; ICIMOD, 2011; Wang et al., 2012; Veh et al., 2019)","Mool, P.K., 1995. Glacier Lake Outburst Floods in Nepal | Journal of Nepal Geological Society. Journal of Nepal Geological Society 11; Mool, P.K., Bajracharya, S.R., Joshi, S.P., 2001. Inventory of Glaciers, Glacial Lakes and Glacial Lake Outburst Floods. ICIMOD, Kathmandu, Nepal; Ives, J.D., Shrestha, R.B., Mool, P.K., 2010. Formation of Glacial Lakes in the Hindu Kush-Himalayas and GLOF Risk Assessment. ICIMOD, Kathmandu, Nepal; ICIMOD, 2011. Glacial Lakes and Glacial Lake Outburst Floods in Nepal. ICIMOD; Wang, X., Liu, S., Ding, Y., Guo, W., Jiang, Z., Lin, J., Han, Y., 2012. An approach for estimating the breach probabilities of moraine-dammed lakes in the Chinese Himalayas using remote-sensing data. Natural Hazards and Earth System Sciences 12, 3109–3122. https://doi.org/10.5194/nhess-12-3109-2012; Veh, G., Korup, O., von Specht, S., Roessner, S., Walz, A., 2019. Unchanged frequency of moraine-dammed glacial lake outburst floods in the Himalaya. Nature Climate Change 9, 379–383. https://doi.org/10.1038/s41558-019-0437-5",,,1991.0,exact,1991-07-12,,False,,False,,False,,False,,,,False,,False,False,['Unknown'],1,['Moraine collapse'],1
375,1991,1991,7.0,24.0,Merzbacher,Southern Inylshek,GL079841E42200N,2,G080193E42063N,42.196,79.847,3271,,,,,Ice dammed,N,Y,13_3,3,Kyrgyzstan,Issyk-Kul,Inylchek,Unknown,Unknown,Subglacial tunnel,,,,,,,,,,,,,,,,,,,,,,,,,,,,"(Kingslake and Ng, 2013)","Kingslake, J., Ng, F., 2013. Quantifying the predictability of the timing of jökulhlaups from Merzbacher Lake, Kyrgyzstan. Journal of Glaciology 59, 805–818. https://doi.org/10.3189/2013JoG12J156",,,1991.0,exact,1991-07-24,,False,,False,,False,,False,,,,False,,False,False,['Unknown'],1,['Subglacial tunnel'],1
376,1992,1992,,,Unnamed,Hinarchi,Not mapped,,G074582E36116N,36.042964,74.570562,2637,36.013842,74.543607,2281.0,Observation,Supraglacial,N,Y,14_2,9,Pakistan,Gilgit - Baltistan,Gilgit,Unknown,Unknown,Unknown,,,,,,,,,,,,,,,,,,,,,,,,,,,,"(This study; Ashraf et al., 2015)","Ashraf, A., Naz, R., Mustafa, N., Iqbal, M.B., Ahmad, B., Jawad, A., Ahmad. I., 2015. Updating GLOF Lake Inventory of Northern Pakistan and Establishment of Community Based Early Warning System in Bagrot and Bondo Gol Valleys. Technical Report. Islamabad, Pakistan: Pakistan Agricultural Research Council (PARC).",,"On 11th December 2012 a community exchange documented this event. Hinarchi Glacier burst resulting complete damage village Khama, natural forest and agricultural land of villages Bulchi and Chira.",1992.0,exact,,,False,,False,+,True,,False,,,+,True,,True,False,['Unknown'],1,['Unknown'],1
377,1992,1992,,,Unnamed,Dubani,Not mapped,,G074629E35951N,35.93,74.609,4121,,,,,Supraglacial,N,Y,14_2,9,Pakistan,Gilgit - Baltistan,Gilgit,Unknown,Unknown,Unknown,,,,,,1.0,,,,,,,,,,,,60.0,,,,,,,,,,"(This study; Ashraf et al., 2015)","Ashraf, A., Naz, R., Mustafa, N., Iqbal, M.B., Ahmad, B., Jawad, A., Ahmad. I., 2015. Updating GLOF Lake Inventory of Northern Pakistan and Establishment of Community Based Early Warning System in Bagrot and Bondo Gol Valleys. Technical Report. Islamabad, Pakistan: Pakistan Agricultural Research Council (PARC).",,On 11th December 2012 a community exchange documented this event. A huge damage occurred to natural forest as well as the settlements of villages Taisote and Massingot. Death of person with 60 goats was reported.,1992.0,exact,,,False,,False,+,True,,False,,,+,True,,True,False,['Unknown'],1,['Unknown'],1
378,1992,1992,6.0,4.0,Takyrtor,Unnamed,Ephemeral,,G074815E42567N,42.574941,74.819452,3620,,,,,Supraglacial,N,Y,13_3,4,Kyrgyzstan,Chuy,Ysyk-Ata,Unknown,Unknown,Unknown,,,,,,,,,,,,,,,,,,,,,,,,,,,,(This study),,https://www.debrisflow.ru/en/selevye-yavleniya-yugo-vostochnogo-kazakhstana/,,1992.0,exact,1992-06-04,,False,,False,,False,,False,,,,False,,False,True,['Unknown'],1,['Unknown'],1
379,1992,1992,7.0,10.0,Lake 16,Kaskelen,Not mapped,,G076604E42918N,42.922371,76.601281,3420,,,,Observation,Moraine dammed,N,N,13_3,4,Kazakhstan,Almaty,Ily-Balkhash-Alakol,Unknown,Unknown,Unknown,,,,,,,,,,,,,,,,,,,,,,,,,,,,"(Shahgedanova et al., 2024)","Shahgedanova, M., Saidaliyeva, Z., Mussina, A. et al. Debris flows in the northern Tien Shan, Central Asia: regional database, meteorological triggers, and trends. npj Nat. Hazards 1, 49 (2024). https://doi.org/10.1038/s44304-024-00050-7",,,1992.0,exact,1992-07-10,,False,,False,,False,,False,,,,False,,False,False,['Unknown'],1,['Unknown'],1
380,1992,1992,8.0,4.0,Merzbacher,Southern Inylshek,GL079841E42200N,2,G080193E42063N,42.196,79.847,3271,,,,,Ice dammed,N,Y,13_3,3,Kyrgyzstan,Issyk-Kul,Inylchek,Unknown,Unknown,Subglacial tunnel,,,,,,,,,,,,,,,,,,,,,,,,,,,,"(Kingslake and Ng, 2013)","Kingslake, J., Ng, F., 2013. Quantifying the predictability of the timing of jökulhlaups from Merzbacher Lake, Kyrgyzstan. Journal of Glaciology 59, 805–818. https://doi.org/10.3189/2013JoG12J156",,,1992.0,exact,1992-08-04,,False,,False,,False,,False,,,,False,,False,False,['Unknown'],1,['Subglacial tunnel'],1
381,1992,1992,,,Upper Langbu Co,Langbu Tsho,GL086446E27929N,"2, 3, 4",G086449E27922N,27.929,86.447,5201,28.04068,86.32168,3290.0,Deposit,Moraine dammed,Y,N,15_2,11,China,TAR,Rongxia,Unknown,Ice avalanche,Unknown,,,,,,,,,,,,,,,,,,,,,,,,,,,,"(Nie et al., 2018)","Nie, Y., Liu, Q., Wang, J., Zhang, Y., Sheng, Y., Liu, S., 2018. An inventory of historical glacial lake outburst floods in the Himalayas based on remote sensing observations and geomorphological analysis. Geomorphology 308, 91–106. https://doi.org/10.1016/j.geomorph.2018.02.002",,"GLOF occurred between 22 Sept to 17 Nov, 1992 as compared on the satellite image",1992.0,exact,,,False,,False,,False,,False,,,,False,,False,False,['Ice avalanche'],1,['Unknown'],1
382,1992,1992,,,Rejie Co,Unnamed,GL088894E27966N,"2, 3, 4",G088860E27945N,27.965,88.893,5435,27.972,88.961,5005.0,Deposit,Moraine dammed,N,N,15_2,12,China,TAR,Nian Chu,Unknown,Ice avalanche,Unknown,,,,,,,,,,,,,,,,,,,,,,,,,,,,"(Zhang et al., 2021; Liu et al., 2019)","Zhang, T., Wang, W., Gao, T., An, B., 2021. Simulation and Assessment of Future Glacial Lake Outburst Floods in the Poiqu River Basin, Central Himalayas. Water 13(10), 1376. https://doi.org/10.3390/w13101376; Liu, J., Zhang, J., Bo, G., 2019. An overview of glacial lake outburst floods in Tibet, China. Journal of Glaciology and Geocryology 41. http://www.bcdt.ac.cn/EN/10.7522/j.issn.1000-0240.2019.0073",,,1992.0,exact,,,False,,False,,False,,False,,,,False,,False,True,['Ice avalanche'],1,['Unknown'],1
383,1993,1993,,,Unnamed,Unknown,GL073193E36038N,"2, 3, 4",No glacier,36.0372,73.1932,4487,36.163,73.141,2458.0,Observation,Moraine dammed,N,N,14_1,8,Pakistan,Gilgit - Baltistan,Gilgit,Unknown,Unknown,Unknown,,60000.0,,,16.6 km,,,,,,,,,,,,,,,,,,,,,,,"(Veh et al., 2019)","Veh, G., Korup, O., von Specht, S., Roessner, S., Walz, A., 2019. Unchanged frequency of moraine-dammed glacial lake outburst floods in the Himalaya. Nature Climate Change 9, 379–383. https://doi.org/10.1038/s41558-019-0437-5",,,1993.0,exact,,,False,,False,,False,,False,,,,False,,True,True,['Unknown'],1,['Unknown'],1
384,1993,1993,,,Unnamed,Teztor,Not mapped,,G074417E42535N,42.5366,74.4273,3606,42.58,74.481,2015.0,Deposit,Moraine dammed,N,Y,13_3,4,Kyrgyzstan,Chuy,Sokuluk,Unknown,Unknown,Unknown,,,,,,,,,,,,,,,,,,,,,,,,,,,,"(Zaginaev et al., 2019)","Zaginaev, V., Petrakov, D., Erokhin, S., Meleshko, A., Stoffel, M., Ballesteros-Cánovas, J.A., 2019. Geomorphic control on regional glacier lake outburst flood and debris flow activity over northern Tien Shan. Global and Planetary Change 176, 50–59. https://doi.org/10.1016/j.gloplacha.2019.03.003",,,1993.0,exact,,,False,,False,,False,,False,,,,False,,True,False,['Unknown'],1,['Unknown'],1
385,1993,1993,,,Unnamed,Topkaragay,GL074519E42490N,3,G074547E42486N,42.488,74.523,3680,42.58,74.481,2015.0,Deposit,Moraine dammed,N,Y,13_3,4,Kyrgyzstan,Chuy,Ala Archa,Unknown,Unknown,Unknown,,,,,,,,,,,,,,,,,,,,,,,,,,,,"(Zaginaev et al., 2019)","Zaginaev, V., Petrakov, D., Erokhin, S., Meleshko, A., Stoffel, M., Ballesteros-Cánovas, J.A., 2019. Geomorphic control on regional glacier lake outburst flood and debris flow activity over northern Tien Shan. Global and Planetary Change 176, 50–59. https://doi.org/10.1016/j.gloplacha.2019.03.003",,,1993.0,exact,,,False,,False,,False,,False,,,,False,,True,False,['Unknown'],1,['Unknown'],1
386,1993,1993,,,Unnamed,Aksay,Not mapped,,G074556E42520N,42.528,74.5405,3637,42.552627,74.483331,2255.0,Deposit,Moraine dammed,N,Y,13_3,4,Kyrgyzstan,Chuy,Ala Archa,Unknown,Unknown,Unknown,,,,,,,,,,,,,,,,,,,,,,,,,,,,"(Zaginaev et al., 2019)","Zaginaev, V., Petrakov, D., Erokhin, S., Meleshko, A., Stoffel, M., Ballesteros-Cánovas, J.A., 2019. Geomorphic control on regional glacier lake outburst flood and debris flow activity over northern Tien Shan. Global and Planetary Change 176, 50–59. https://doi.org/10.1016/j.gloplacha.2019.03.003",,,1993.0,exact,,,False,,False,,False,,False,,,,False,,True,False,['Unknown'],1,['Unknown'],1
387,1993,1993,,,Unknown,Kuturgansuu,Ephemeral,,G074608E42515N,42.522,74.609,3470,42.535,74.658,2170.0,Deposit,Moraine dammed,N,Y,13_3,4,Kyrgyzstan,Chuy,Alamedin,Unknown,Unknown,Unknown,,,,,,,,,,,,,,,,,,,,,,,,,,,,"(Zaginaev et al., 2019)","Zaginaev, V., Petrakov, D., Erokhin, S., Meleshko, A., Stoffel, M., Ballesteros-Cánovas, J.A., 2019. Geomorphic control on regional glacier lake outburst flood and debris flow activity over northern Tien Shan. Global and Planetary Change 176, 50–59. https://doi.org/10.1016/j.gloplacha.2019.03.003",,,1993.0,exact,,,False,,False,,False,,False,,,,False,,True,False,['Unknown'],1,['Unknown'],1
388,1993,1993,,,Unknown,Lokpar/Aling,Ephemeral,,G076211E35548N,35.497,76.271,3720,,,,,Moraine dammed,N,Y,14_2,9,Pakistan,Gilgit - Baltistan,Hushe,Unknown,Unknown,Unknown,,,,,,,,,,,,,,,,,,,,,,,,,,,,"(Hewitt and Liu, 2010)","Hewitt, K., Liu, J., 2010. Ice-Dammed Lakes and Outburst Floods, Karakoram Himalaya: Historical Perspectives on Emerging Threats. Physical Geography 31, 528–551. https://doi.org/10.2747/0272-3646.31.6.528",,,1993.0,exact,,,False,,False,,False,,False,,,,False,,True,False,['Unknown'],1,['Unknown'],1
389,1993,1993,5.0,4.0,Unknown,North Terong,Ephemeral,,G077336E35311N,35.254,77.308,4400,,,,,Ice dammed,Y,Y,14_2,9,India,Jammu and Kashmir,Nubra,Glacier advance,Unknown,Unknown,,14400000.0,,,,,,,,,,,,,,,,,,,,,,,,,,"(Bazai et al., 2021)","Bazai, N.A., Cui, P., Carling, P.A., Wang, H., Hassan, J., Liu, D., Zhang, G., Jin, W., 2021. Increasing glacial lake outburst flood hazard in response to surge glaciers in the Karakoram. Earth-Science Reviews 212, 103432. https://doi.org/10.1016/j.earscirev.2020.103432",,,1993.0,exact,1993-05-04,,False,,False,,False,,False,,,,False,,True,False,['Unknown'],1,['Unknown'],1
390,1993,1993,7.0,6.0,Lake number 8,Unnamed,Ephemeral,,G077275E43137N,43.143,77.276,3385,43.237,77.259,1412.0,Deposit,Supraglacial,N,Y,13_3,4,Kazakhstan,Almaty,Ily-Balkhash-Alakol,Unknown,Unknown,Subglacial tunnel,,100000.0,15.0,1340.0,"destroyed bridges, road, houses, power lines",,,,,,,,,,,,,,,,,,,,,,,(Medeu et al. 2022),"Medeu, A.R., Popov, N.V., Blagovechshenskiy, V.P., Askarova, M.A., Medeu, A.A., Ranova, S.U., Kamalbekova, A., Bolch, T., 2022. Moraine-dammed glacial lakes and threat of glacial debris flows in South-East Kazakhstan. Earth-Science Reviews 103999. https://doi.org/10.1016/j.earscirev.2022.103999",,,1993.0,exact,1993-07-06,,False,,False,,False,,False,,,,False,,False,True,['Unknown'],1,['Subglacial tunnel'],1
391,1993,1993,8.0,22.0,Merzbacher,Southern Inylshek,GL079841E42200N,2,G080193E42063N,42.196,79.847,3271,,,,,Ice dammed,N,Y,13_3,3,Kyrgyzstan,Issyk-Kul,Inylchek,Unknown,Unknown,Subglacial tunnel,,,,,,,,,,,,,,,,,,,,,,,,,,,,"(Kingslake and Ng, 2013)","Kingslake, J., Ng, F., 2013. Quantifying the predictability of the timing of jökulhlaups from Merzbacher Lake, Kyrgyzstan. Journal of Glaciology 59, 805–818. https://doi.org/10.3189/2013JoG12J156",,,1993.0,exact,1993-08-22,,False,,False,,False,,False,,,,False,,False,False,['Unknown'],1,['Subglacial tunnel'],1
392,1994,1994,6.0,14.0,Chon Koisuu,Unnamed,GL076898E42780N,"2, 3",G076880E42783N,42.7805062,76.89870058,3665,,,,,Moraine dammed,N,N,13_3,4,Kyrgyzstan,Issyk-Kul,Issyk-Kul,Unknown,Unknown,Unknown,,,,,,,,,,,,,,,,,,,,,,,,,,,,(This study),,https://www.debrisflow.ru/en/selevye-yavleniya-yugo-vostochnogo-kazakhstana/,,1994.0,exact,1994-06-14,,False,,False,,False,,False,,,,False,,False,True,['Unknown'],1,['Unknown'],1
393,1994,1994,6.0,29.0,Sosot,Sosot,GL073196E36026N,"2, 3, 4",G073197E36026N,36.027,73.196,4485,36.163,73.134,2474.0,Observation,Moraine dammed,N,Y,14_1,8,Pakistan,Gilgit - Baltistan,Gilgit,Unknown,Unknown,Unknown,,,,,,5.0,,,,,,,,,,,,,65.0,,,,Damaged fruit bearing trees and multiple plots of crop land,,,,,"(Din et al., 2014; Rehman et al., 2014; Rehman, 2015)","Din, K., Tariq, S., Mahmood, A., Rasul, G., 2014. Temperature and Precipitation: GLOF Triggering Indicators in Gilgit-Baltistan, Pakistan. Pakistan Journal of Meteorology 10, 20; Rehman, G., Ahmad, S., Khan, S.D., Ali, F., Ali, T.H., Khan, S.F., 2014. Threat of glacial lake outburst flood to Tehsil Gupis from Khukush Lake, District Ghizer, Gilgit Baltistan, Pakistan. Nat Hazards 70, 1589–1602. https://doi.org/10.1007/s11069-013-0893-6; Rehman, G., 2015. GLOF Risk and Reduction Approaches in Pakistan, in: Rahman, A.-U.-, Khan, A.N., Shaw, R. (Eds.), Disaster Risk Reduction Approaches in Pakistan, Disaster Risk Reduction. Springer Japan, Tokyo, pp. 217–237. https://doi.org/10.1007/978-4-431-55369-4_12",,Mud and debris flow,1994.0,exact,1994-06-29,,False,,False,,False,,False,,,,False,,False,False,['Unknown'],1,['Unknown'],1
394,1994,1994,,,Karambar,Karambar,GL074079E36622N,"2, 4",G074224E36616N,36.6214,74.07906,2935,,,,,Ice dammed,N,Y,14_2,9,Pakistan,Gilgit - Baltistan,Gilgit,Unknown,Unknown,Unknown,,,,,,,,,,,,,,,,,,,,,,,,,,,,"(Hewitt and Liu, 2010)","Hewitt, K., Liu, J., 2010. Ice-Dammed Lakes and Outburst Floods, Karakoram Himalaya: Historical Perspectives on Emerging Threats. Physical Geography 31, 528–551. https://doi.org/10.2747/0272-3646.31.6.528",,,1994.0,exact,,,False,,False,,False,,False,,,,False,,False,False,['Unknown'],1,['Unknown'],1
395,1994,1994,7.0,24.0,Merzbacher,Southern Inylshek,GL079841E42200N,2,G080193E42063N,42.196,79.847,3271,,,,,Ice dammed,N,Y,13_3,3,Kyrgyzstan,Issyk-Kul,Inylchek,Unknown,Unknown,Subglacial tunnel,,,,,,,,,,,,,,,,,,,,,,,,,,,,"(Kingslake and Ng, 2013)","Kingslake, J., Ng, F., 2013. Quantifying the predictability of the timing of jökulhlaups from Merzbacher Lake, Kyrgyzstan. Journal of Glaciology 59, 805–818. https://doi.org/10.3189/2013JoG12J156",,,1994.0,exact,1994-07-24,,False,,False,,False,,False,,,,False,,False,False,['Unknown'],1,['Subglacial tunnel'],1
396,1994,1994,,,Zangla Co,Chemayungdung,GL082118E30355N,"3, 4",G082132E30326N,30.3556,82.1181,5302,30.404,82.14,5020.0,,Moraine dammed,N,N,13_8,11,China,TAR,Maquan,Unknown,Unknown,Moraine collapse,,,,,,,,,,,,,,,,,,,,,,,,,,,,"(Nie et al., 2018; Zhang et al., 2021)","Nie, Y., Liu, Q., Wang, J., Zhang, Y., Sheng, Y., Liu, S., 2018. An inventory of historical glacial lake outburst floods in the Himalayas based on remote sensing observations and geomorphological analysis. Geomorphology 308, 91–106. https://doi.org/10.1016/j.geomorph.2018.02.002; Zhang, T., Wang, W., Gao, T., An, B., 2021. Simulation and Assessment of Future Glacial Lake Outburst Floods in the Poiqu River Basin, Central Himalayas. Water 13(10), 1376. https://doi.org/10.3390/w13101376",,"The water inflow from the upstream lake likely caused the dam failure of the downstream lake and triggered its outburst flood. GLOF occurred between April to Oct, 1994 as compared on the satellite image",1994.0,exact,,,False,,False,,False,,False,,,,False,,False,False,['Unknown'],1,['Moraine collapse'],1
397,1994,1994,10.0,7.0,Luggye Tsho,Unnamed,GL090299E28093N,"2, 3, 4",G090326E28109N,28.092,90.299,4520,27.35,89.52,1220.0,Observation,Moraine dammed,Y,N,15_2,12,Bhutan,Punakha,Pho Chhu,Unknown,Landslide,Unknown,,18000000.0,2500.0,,damaged Punakha Dzong,20.0,,,,,,,,,,,,,,,12.0,,"5 water mills washed away, 4 bridges destroyed",3300000.0,,,,"(Ives, Shrestha and Mool, 2010; Komori et al., 2012; Gurung et al., 2017)","Ives, J.D., Shrestha, R.B., Mool, P.K., 2010. Formation of Glacial Lakes in the Hindu Kush-Himalayas and GLOF Risk Assessment. ICIMOD, Kathmandu, Nepal; Komori, J., Koike, T., Yamanokuchi, T., Tshering, P., 2012. Glacial Lake Outburst Events in the Bhutan Himalayas. Global Environmental Research 16, 59–70; Gurung, D.R., Khanal, N.R., Bajracharya, S.R., Tsering, K., Joshi, S., Tshering, P., Chhetri, L.K., Lotay, Y., Penjor, T., 2017. Lemthang Tsho glacial Lake outburst flood (GLOF) in Bhutan: cause and impact. Geoenvironmental Disasters 4, 17. https://doi.org/10.1186/s40677-017-0080-2",,,1994.0,exact,1994-10-07,,False,,False,,False,,False,,,,False,,False,True,['Landslide'],1,['Unknown'],1
398,1995,1995,6.0,6.0,Zana Co,Unnamed,GL085371E28662N,"2, 3, 4",G085413E28646N,28.662,85.371,5031,28.698,85.282,3880.0,Deposit,Supraglacial,Y,N,15_1,11,China,TAR,Gyirong,Unknown,Ice avalanche,Unknown,,,,,,,,,,,,,,,,,,,,,,,,,,,,"(Ives, Shrestha and Mool, 2010; ICIMOD, 2011; Liu et al., 2014; Yao et al., 2014; Carrivick and Tweed, 2016)","Ives, J.D., Shrestha, R.B., Mool, P.K., 2010. Formation of Glacial Lakes in the Hindu Kush-Himalayas and GLOF Risk Assessment. ICIMOD, Kathmandu, Nepal; ICIMOD, 2011. Glacial Lakes and Glacial Lake Outburst Floods in Nepal. ICIMOD; Liu, J.J., Cheng, Z.L., Li, Y., 2014. The 1988 glacial lake outburst flood in Guangxieco Lake, Tibet, China, Nat. Hazards Earth Syst. Sci., 14, 3065–3075, https://doi.org/10.5194/nhess-14-3065-2014; Yao, X.J., Liu, S.Y., Sun, M.P., Zhang, X.J., 2014. Study on the glacial lake outburst flood events in Tibet since the 20th century. Journal of Natural Resources 29(8), 1377–1390. http://www.jnr.ac.cn/EN/10.11849/zrzyxb.2014.08.010; Carrivick, J.L., Tweed, F.S., 2016. A global assessment of the societal impacts of glacier outburst floods. Global and Planetary Change 144, 1–16. https://doi.org/10.1016/j.gloplacha.2016.07.001",,,1995.0,exact,1995-06-06,,False,,False,,False,,False,,,,False,,False,True,['Ice avalanche'],1,['Unknown'],1
399,1995,1995,7.0,9.0,Tosor,Unnamed,GL077373E41962N,"2, 3, 4",G077375E41958N,41.961556,77.373452,3870,,,,,Moraine dammed,N,N,13_3,4,Kyrgyzstan,Issyk-Kul,Djety-Oguz,Unknown,Unknown,Unknown,,,60.0,,,,,,,,,,,,,,,,,,,,,,,,,(This study),,https://www.debrisflow.ru/en/selevye-yavleniya-yugo-vostochnogo-kazakhstana/,,1995.0,exact,1995-07-09,,False,,False,,False,,False,,,,False,,False,True,['Unknown'],1,['Unknown'],1
400,1995,1995,7.0,18.0,Merzbacher,Southern Inylshek,GL079841E42200N,2,G080193E42063N,42.196,79.847,3271,,,,,Ice dammed,N,Y,13_3,3,Kyrgyzstan,Issyk-Kul,Inylchek,Unknown,Unknown,Subglacial tunnel,,,,,,,,,,,,,,,,,,,,,,,,,,,,"(Kingslake and Ng, 2013)","Kingslake, J., Ng, F., 2013. Quantifying the predictability of the timing of jökulhlaups from Merzbacher Lake, Kyrgyzstan. Journal of Glaciology 59, 805–818. https://doi.org/10.3189/2013JoG12J156",,,1995.0,exact,1995-07-18,,False,,False,,False,,False,,,,False,,False,False,['Unknown'],1,['Subglacial tunnel'],1
401,1995,1995,,,Djery Kaindy,Unnamed,GL073598E42476N,"2, 3, 4",G073607E42468N,42.47601944,73.59895711,3590,,,,,Moraine dammed,N,N,13_3,4,Kyrgyzstan,Chuy,Panfilov,Unknown,Unknown,Unknown,,,,,,,,,,,,,,,,,,,,,,,,,,,,(This study),,https://www.debrisflow.ru/en/selevye-yavleniya-yugo-vostochnogo-kazakhstana/,,1995.0,exact,,,False,,False,,False,,False,,,,False,,False,True,['Unknown'],1,['Unknown'],1
402,1996,1996,,,Khurdopin,Khurdopin,Ephemeral,,G075206E36338N,36.344239,75.474953,3482,,,,,Ice dammed,N,Y,14_2,9,Pakistan,Gilgit - Baltistan,Hunza,Surging glacier,Unknown,Subglacial tunnel,,,,,,,,,,,,,,,,,,,,,,,,,,,,"(Bazai et al., 2021)","Bazai, N.A., Cui, P., Carling, P.A., Wang, H., Hassan, J., Liu, D., Zhang, G., Jin, W., 2021. Increasing glacial lake outburst flood hazard in response to surge glaciers in the Karakoram. Earth-Science Reviews 212, 103432. https://doi.org/10.1016/j.earscirev.2020.103432",,,1996.0,exact,,,False,,False,,False,,False,,,,False,,False,False,['Unknown'],1,['Subglacial tunnel'],1
403,1996,1996,12.0,5.0,Merzbacher,Southern Inylshek,GL079841E42200N,2,G080193E42063N,42.196,79.847,3271,,,,,Ice dammed,N,Y,13_3,3,Kyrgyzstan,Issyk-Kul,Inylchek,Unknown,Unknown,Subglacial tunnel,,284000000.0,,,,,,,,,,,,,,,,,,,,,,,,,,"(Kingslake and Ng, 2013)","Kingslake, J., Ng, F., 2013. Quantifying the predictability of the timing of jökulhlaups from Merzbacher Lake, Kyrgyzstan. Journal of Glaciology 59, 805–818. https://doi.org/10.3189/2013JoG12J156",,,1996.0,exact,1996-12-05,,False,,False,,False,,False,,,,False,,False,False,['Unknown'],1,['Subglacial tunnel'],1
404,1997,1997,7.0,15.0,Sol Talgar,Unnamed,Not mapped,,G077124E43091N,43.100453,77.136647,3304,,,,Deposit,Moraine dammed,N,Y,13_3,4,Kazakhstan,Almaty,Ily-Balkhash-Alakol,Unknown,Unknown,Unknown,,,,,,,,,,,,,,,,,,,,,,,,,,,,"(Shahgedanova et al., 2024)","Shahgedanova, M., Saidaliyeva, Z., Mussina, A. et al. Debris flows in the northern Tien Shan, Central Asia: regional database, meteorological triggers, and trends. npj Nat. Hazards 1, 49 (2024). https://doi.org/10.1038/s44304-024-00050-7",,,1997.0,exact,1997-07-15,,False,,False,,False,,False,,,,False,,False,True,['Unknown'],1,['Unknown'],1
405,1997,1997,7.0,31.0,Merzbacher,Southern Inylshek,GL079841E42200N,2,G080193E42063N,42.196,79.847,3271,,,,,Ice dammed,N,Y,13_3,3,Kyrgyzstan,Issyk-Kul,Inylchek,Unknown,Unknown,Subglacial tunnel,,,,,,,,,,,,,,,,,,,,,,,,,,,,"(Kingslake and Ng, 2013)","Kingslake, J., Ng, F., 2013. Quantifying the predictability of the timing of jökulhlaups from Merzbacher Lake, Kyrgyzstan. Journal of Glaciology 59, 805–818. https://doi.org/10.3189/2013JoG12J156",,,1997.0,exact,1997-07-31,,False,,False,,False,,False,,,,False,,False,False,['Unknown'],1,['Subglacial tunnel'],1
406,1997,1997,8.0,3.0,Kyagar,Kyagar,GL077181E35675N,"2, 3, 4",G077158E35562N,35.677371,77.190788,4880,37.982034,76.877846,1450.0,Observation,Ice dammed,N,Y,14_2,9,China,Xinjiang,Yarkant,Surging glacier,Unknown,Unknown,,,4040.0,,,,,,,,,,,,,,,,,,,,,,,12500000.0,,"(Feng, 1991; Hewitt and Liu, 2010; Carrivick and Tweed, 2016; Bazai et al., 2021)","Feng, Q., 1991. Characteristics of glacier outburst flood in the Yarkant river, Karakoram; Hewitt, K., Liu, J., 2010. Ice-Dammed Lakes and Outburst Floods, Karakoram Himalaya: Historical Perspectives on Emerging Threats. Physical Geography 31, 528–551. https://doi.org/10.2747/0272-3646.31.6.528; Carrivick, J.L., Tweed, F.S., 2016. A global assessment of the societal impacts of glacier outburst floods. Global and Planetary Change 144, 1–16. https://doi.org/10.1016/j.gloplacha.2016.07.001; Bazai, N.A., Cui, P., Carling, P.A., Wang, H., Hassan, J., Liu, D., Zhang, G., Jin, W., 2021. Increasing glacial lake outburst flood hazard in response to surge glaciers in the Karakoram. Earth-Science Reviews 212, 103432. https://doi.org/10.1016/j.earscirev.2020.103432",,,1997.0,exact,1997-08-03,,False,,False,,False,,False,,,,False,,False,False,['Unknown'],1,['Unknown'],1
407,1997,1997,,,Kongyangmi La Tsho,Unnamed,GL088782E27901N,"2, 3, 4",G088805E27917N,27.9,88.78,5113,27.909,88.717,4680.0,Observation,Moraine dammed,N,N,15_2,12,India,Sikkim,Changme,Unknown,Ice avalanche,Unknown,,8300000.0,,,7.5 km from the source,,,,,,,,,,,,,,,,,,,,,,,"(Yao et al., 2014; Nie et al., 2018)","Yao, X.J., Liu, S.Y., Sun, M.P., Zhang, X.J., 2014. Study on the glacial lake outburst flood events in Tibet since the 20th century. Journal of Natural Resources 29(8), 1377–1390. http://www.jnr.ac.cn/EN/10.11849/zrzyxb.2014.08.010; Nie, Y., Liu, Q., Wang, J., Zhang, Y., Sheng, Y., Liu, S., 2018. An inventory of historical glacial lake outburst floods in the Himalayas based on remote sensing observations and geomorphological analysis. Geomorphology 308, 91–106. https://doi.org/10.1016/j.geomorph.2018.02.002",,,1997.0,exact,,,False,,False,,False,,False,,,,False,,False,True,['Ice avalanche'],1,['Unknown'],1
408,1998,1998,7.0,8.0,Unnamed,Archa Bashi,Not mapped,,G071566E39723N,39.75,71.568,3828,39.9857,71.806644,1410.0,Observation,Supraglacial,N,N,13_1,5,Kyrgyzstan,Batken,Kadamjai,Glacier melt,High temperatures,Unknown,,,,,,100.0,,,,,,,,500.0,,,,,,,500.0,,,,,,,"(Narama, Severskiy and Yegorov, 2009)","Narama, C., Severskiy, I., and Yegorov, A. 2009. Current state of glacier changes, glacial lakes, and outburst floods in the Ile Ala-Tau and Kungoy Ala-Too ranges, northern Tien Shan Mountains, Ann. Hokkaido Geogr., 84, 22–32, https://doi.org/10.7886/hgs.84.22",,"An estimated 500–600 persons were reported missing (ICRC, 1998), some 14,000 people had to be evacuated, 500 lost their houses, mostly in Uzbekistan, and the homes of at least 5000 Kyrgyz citizen were severely damaged (Reuters, 1998).",1998.0,exact,1998-07-08,,False,,False,,False,,False,,,,False,,True,False,['High temperatures'],1,['Unknown'],1
409,1998,1998,7.0,27.0,Merzbacher,Southern Inylshek,GL079841E42200N,2,G080193E42063N,42.196,79.847,3271,,,,,Ice dammed,N,Y,13_3,3,Kyrgyzstan,Issyk-Kul,Inylchek,Unknown,Unknown,Subglacial tunnel,,,,,,,,,,,,,,,,,,,,,,,,,,,,"(Kingslake and Ng, 2013)","Kingslake, J., Ng, F., 2013. Quantifying the predictability of the timing of jökulhlaups from Merzbacher Lake, Kyrgyzstan. Journal of Glaciology 59, 805–818. https://doi.org/10.3189/2013JoG12J156",,,1998.0,exact,1998-07-27,,False,,False,,False,,False,,,,False,,False,False,['Unknown'],1,['Subglacial tunnel'],1
410,1998,1998,9.0,3.0,Sabai Tsho/ Tam Pokhari,Sabai,GL086845E27743N,"2, 3, 4",G086832E27760N,27.742,86.845,4381,26.55445,86.91352,80.0,Observation,Moraine dammed,Y,N,15_2,11,Nepal,Koshi,Dudh Koshi,Unknown,Ice avalanche,Unknown,,17000000.0,,,,2.0,,,,,,,,,,,,,,,,,Four suspension and two wooden bridges were damaged,,,2192000.0,,"(Dwiwedi, Acharya and Simard, 2000; Mool, Bajracharya and Joshi, 2001; ICIMOD, 2011)","Dwiwedi, S.K., Acharya, M.D., Simard, R., 2000. The Tam Pokhari Glacier Lake outburst flood of 3 September 1998. Journal of Nepal Geological Society 22, 539-546. https://doi.org/10.3126/jngs.v22i0.32429; Mool, P.K., Bajracharya, S.R., Joshi, S.P., 2001. Inventory of Glaciers, Glacial Lakes and Glacial Lake Outburst Floods. ICIMOD, Kathmandu, Nepal; ICIMOD, 2011. Glacial Lakes and Glacial Lake Outburst Floods in Nepal. ICIMOD.",,,1998.0,exact,1998-09-03,,False,,False,,False,,False,,,,False,,False,False,['Ice avalanche'],1,['Unknown'],1
411,1998,1998,11.0,5.0,Kyagar,Kyagar,GL077181E35675N,"2, 3, 4",G077158E35562N,35.677371,77.190788,4880,37.982034,76.877846,1450.0,Observation,Ice dammed,N,Y,14_2,9,China,Xinjiang,Yarkant,Surging glacier,Unknown,Unknown,,133500000.0,1850.0,,,,,,,,,,,,,,,,,,,,,,,,,"(Hewitt and Liu, 2010; Carrivick and Tweed, 2016; Bazai et al., 2021)","Hewitt, K., Liu, J., 2010. Ice-Dammed Lakes and Outburst Floods, Karakoram Himalaya: Historical Perspectives on Emerging Threats. Physical Geography 31, 528–551. https://doi.org/10.2747/0272-3646.31.6.528; Carrivick, J.L., Tweed, F.S., 2016. A global assessment of the societal impacts of glacier outburst floods. Global and Planetary Change 144, 1–16. https://doi.org/10.1016/j.gloplacha.2016.07.001; Bazai, N.A., Cui, P., Carling, P.A., Wang, H., Hassan, J., Liu, D., Zhang, G., Jin, W., 2021. Increasing glacial lake outburst flood hazard in response to surge glaciers in the Karakoram. Earth-Science Reviews 212, 103432. https://doi.org/10.1016/j.earscirev.2020.103432",,Lake area increased between 09/07/1998 and 10/09/1998. Most water discharged before 11/10/1998. By 10/09/1998 a peak volume before flood 133.5 x 106 m3 with a lake area 3.32km2. The only large lake outburst during winter,1998.0,exact,1998-11-05,,False,,False,,False,,False,,,,False,,False,False,['Unknown'],1,['Unknown'],1
412,1998,1998,,,Gangri Tsho III,Unnamed,GL090816E27896N,"2, 3, 4",G090800E27893N,27.897,90.813,4723,,,,,Moraine dammed,Y,N,15_2,12,Bhutan,Bumthang,Chamkhar Chhu,Unknown,Ice avalanche,Unknown,,,,,,,,,,,,,,,,,,,,,,,,,,,,"(Komori et al., 2012; Carrivick and Tweed, 2016)","Komori, J., Koike, T., Yamanokuchi, T., Tshering, P., 2012. Glacial Lake Outburst Events in the Bhutan Himalayas. Global Environmental Research 16, 59–70; Carrivick, J.L., Tweed, F.S., 2016. A global assessment of the societal impacts of glacier outburst floods. Global and Planetary Change 144, 1–16",,,1998.0,exact,,,False,,False,,False,,False,,,,False,,False,True,['Ice avalanche'],1,['Unknown'],1
413,1999,1999,6.0,,Unnamed,Aksay,Not mapped,,G074556E42520N,42.528,74.5405,3637,42.552627,74.483331,2255.0,Deposit,Moraine dammed,N,Y,13_3,4,Kyrgyzstan,Chuy,Ala Archa,Unknown,Unknown,Unknown,,,,,,,,,,,,,,,,,,,,,,,,,,,,"(Zaginaev et al., 2016)","Zaginaev, V., Ballesteros-Cánovas, J.A., Erokhin, S., Matov, E., Petrakov, D., Stoffel, M., 2016. Reconstruction of glacial lake outburst floods in northern Tien Shan: Implications for hazard assessment. Geomorphology 269, 75–84. https://doi.org/10.1016/j.geomorph.2016.06.028",,,1999.0,exact,,,False,,False,,False,,False,,,,False,,True,False,['Unknown'],1,['Unknown'],1
414,1999,1999,6.0,4.0,Takyrtor,Unnamed,Ephemeral,,G074815E42567N,42.574941,74.819452,3620,,,,,Supraglacial,N,Y,13_3,4,Kyrgyzstan,Chuy,Ysyk-Ata,Unknown,Unknown,Unknown,,,,,,,,,,,,,,,,,,,,,,,,,,,,(This study),,https://www.debrisflow.ru/en/selevye-yavleniya-yugo-vostochnogo-kazakhstana/,,1999.0,exact,1999-06-04,,False,,False,,False,,False,,,,False,,False,True,['Unknown'],1,['Unknown'],1
415,1999,1999,7.0,,Tegermach South,Unnamed,Not mapped,,G072346E39845N,39.854499,72.350336,4020,,,,,Moraine dammed,N,N,13_3,4,Kyrgyzstan,Batken,Kadamjai,Unknown,Unknown,Unknown,,,,,,,,,,,,,,,,,,,,,,,,,,,,(This study),,https://www.debrisflow.ru/en/selevye-yavleniya-yugo-vostochnogo-kazakhstana/,,1999.0,exact,,,False,,False,,False,,False,,,,False,,False,True,['Unknown'],1,['Unknown'],1
416,1999,1999,7.0,19.0,Merzbacher,Southern Inylshek,GL079841E42200N,2,G080193E42063N,42.196,79.847,3271,,,,,Ice dammed,N,Y,13_3,3,Kyrgyzstan,Issyk-Kul,Inylchek,Unknown,Unknown,Subglacial tunnel,,,,,,,,,,,,,,,,,,,,,,,,,,,,"(Shangguan et al., 2017; Kingslake and Ng, 2013)","Shangguan, D., Ding, Y., Liu, S., Xie, Z., Pieczonka, T., Xu, J., Moldobekov, B., 2017. Quick Release of Internal Water Storage in a Glacier Leads to Underestimation of the Hazard Potential of Glacial Lake Outburst Floods From Lake Merzbacher in Central Tian Shan Mountains. Geophysical Research Letters 44, 9786–9795. https://doi.org/10.1002/2017GL074443; Kingslake, J., Ng, F., 2013. Quantifying the predictability of the timing of jökulhlaups from Merzbacher Lake, Kyrgyzstan. Journal of Glaciology 59, 805–818. https://doi.org/10.3189/2013JoG12J156",,,1999.0,exact,1999-07-19,,False,,False,,False,,False,,,,False,,False,False,['Unknown'],1,['Subglacial tunnel'],1
417,1999,1999,8.0,6.0,Khalti,Unnamed,GL073359E36189N,"2, 3, 4",G073361E36179N,36.188,73.359,4414,36.247,73.375,2231.0,Observation,Moraine dammed,N,N,14_1,8,Pakistan,Gilgit - Baltistan,Gilgit,Unknown,Intense rainfall,Unknown,,,,,,,,,,,,,,,,,,,,,,,,,,,,"(Din et al., 2014; Amin et al., 2020)","Din, K., Tariq, S., Mahmood, A., Rasul, G., 2014. Temperature and Precipitation: GLOF Triggering Indicators in Gilgit-Baltistan, Pakistan. Pakistan Journal of Meteorology 10, 20; Amin, M., Bano, D., Hassan, S.S., Goheer, M.A., Khan, A.A., Khan, M.R., Hina, S.M., 2020. Mapping and monitoring of glacier lake outburst floods using geospatial modelling approach for Darkut valley, Pakistan. Meteorological Applications 27, e1877. https://doi.org/10.1002/met.1877",,,1999.0,exact,1999-08-06,,False,,False,,False,,False,,,,False,,False,True,['Intense rainfall'],1,['Unknown'],1
418,1999,1999,,,Unknown,Kuturgansuu,Ephemeral,,G074608E42515N,42.522,74.609,3470,42.535,74.658,2170.0,Deposit,Moraine dammed,N,Y,13_3,4,Kyrgyzstan,Chuy,Alamedin,Unknown,Unknown,Unknown,,,,,,,,,,,,,,,,,,,,,,,,,,,,"(Zaginaev et al., 2019)","Zaginaev, V., Petrakov, D., Erokhin, S., Meleshko, A., Stoffel, M., Ballesteros-Cánovas, J.A., 2019. Geomorphic control on regional glacier lake outburst flood and debris flow activity over northern Tien Shan. Global and Planetary Change 176, 50–59. https://doi.org/10.1016/j.gloplacha.2019.03.003",,,1999.0,exact,,,False,,False,,False,,False,,,,False,,True,False,['Unknown'],1,['Unknown'],1
419,1999,1999,,,Khurdopin,Khurdopin,Ephemeral,,G075206E36338N,36.344239,75.474953,3482,,,,,Ice dammed,N,Y,14_2,9,Pakistan,Gilgit - Baltistan,Hunza,Surging glacier,Unknown,Subglacial tunnel,,,,,,,,,,,,,,,,,,,,,,,,,,,,"(Hewitt and Liu, 2010)","Hewitt, K., Liu, J., 2010. Ice-Dammed Lakes and Outburst Floods, Karakoram Himalaya: Historical Perspectives on Emerging Threats. Physical Geography 31, 528–551. https://doi.org/10.2747/0272-3646.31.6.528",,,1999.0,exact,,,False,,False,,False,,False,,,,False,,False,False,['Unknown'],1,['Subglacial tunnel'],1
420,1999,1999,8.0,11.0,Kyagar,Kyagar,GL077181E35675N,"2, 3, 4",G077158E35562N,35.677371,77.190788,4880,37.982034,76.877846,1450.0,Observation,Ice dammed,N,Y,14_2,9,China,Xinjiang,Yarkant,Surging glacier,Unknown,Unknown,,45780000.0,6070.0,,,,,,,,,,,,,,,,,,,,,,,25000000.0,,"(Hewitt and Liu, 2010; Carrivick and Tweed, 2016; Bazai et al., 2021)","Hewitt, K., Liu, J., 2010. Ice-Dammed Lakes and Outburst Floods, Karakoram Himalaya: Historical Perspectives on Emerging Threats. Physical Geography 31, 528–551. https://doi.org/10.2747/0272-3646.31.6.528; Carrivick, J.L., Tweed, F.S., 2016. A global assessment of the societal impacts of glacier outburst floods. Global and Planetary Change 144, 1–16. https://doi.org/10.1016/j.gloplacha.2016.07.001; Bazai, N.A., Cui, P., Carling, P.A., Wang, H., Hassan, J., Liu, D., Zhang, G., Jin, W., 2021. Increasing glacial lake outburst flood hazard in response to surge glaciers in the Karakoram. Earth-Science Reviews 212, 103432. https://doi.org/10.1016/j.earscirev.2020.103432",,The lake reformed from December 1998 and outburst occurred between 07/16/1999 and 08/17/1999. Lake peak volume before flood 45.78x106 m3 with a lake area 1.71km2.,1999.0,exact,1999-08-11,,False,,False,,False,,False,,,,False,,False,False,['Unknown'],1,['Unknown'],1
421,1999,1999,9.0,,Choktal-2,Unnamed,Ephemeral,,G076659E42766N,42.760958,76.66597,3870,,,,,Moraine dammed,N,N,13_3,4,Kyrgyzstan,Issyk-Kul,Issyk-Kul,Unknown,Unknown,Unknown,,,,,,,,,,,,,,,,,,,,,,,,,,,,(This study),,https://www.debrisflow.ru/en/selevye-yavleniya-yugo-vostochnogo-kazakhstana/,,1999.0,exact,,,False,,False,,False,,False,,,,False,,False,True,['Unknown'],1,['Unknown'],1
422,2000,2000,4.0,21.0,Unknown,North Terong,Ephemeral,,G077336E35311N,35.254,77.308,4400,,,,,Ice dammed,Y,Y,14_2,9,India,Jammu and Kashmir,Nubra,Glacier advance,Unknown,Unknown,,27300000.0,,,,,,,,,,,,,,,,,,,,,,,,,,"(Bazai et al., 2021)","Bazai, N.A., Cui, P., Carling, P.A., Wang, H., Hassan, J., Liu, D., Zhang, G., Jin, W., 2021. Increasing glacial lake outburst flood hazard in response to surge glaciers in the Karakoram. Earth-Science Reviews 212, 103432. https://doi.org/10.1016/j.earscirev.2020.103432",,,2000.0,exact,2000-04-21,,False,,False,,False,,False,,,,False,,True,False,['Unknown'],1,['Unknown'],1
423,2000,2000,5.0,21.0,Chateboi,Chateboi,Ephemeral,,G073888E36780N,36.84573,73.89904,3680,,,,,Ice dammed,N,Y,14_2,9,Pakistan,Gilgit - Baltistan,Gilgit,Unknown,Unknown,Unknown,,37000000.0,,,,,,,,,,,,,,,,,,,,,,,,,,"(Bazai et al., 2021)","Bazai, N.A., Cui, P., Carling, P.A., Wang, H., Hassan, J., Liu, D., Zhang, G., Jin, W., 2021. Increasing glacial lake outburst flood hazard in response to surge glaciers in the Karakoram. Earth-Science Reviews 212, 103432. https://doi.org/10.1016/j.earscirev.2020.103432",,The lake develops in early year 2000 until 21 May 2000. The peak lake volume before flood 37.11x106 m3 with a lake area 0.27km2. Drained completely,2000.0,exact,2000-05-21,,False,,False,,False,,False,,,,False,,False,False,['Unknown'],1,['Unknown'],1
424,2000,2000,,,Unknown,Kuturgansuu,Ephemeral,,G074608E42515N,42.522,74.609,3470,42.535,74.658,2170.0,Deposit,Moraine dammed,N,Y,13_3,4,Kyrgyzstan,Chuy,Alamedin,Unknown,Unknown,Unknown,,,,,,,,,,,,,,,,,,,,,,,,,,,,"(Zaginaev et al., 2019)","Zaginaev, V., Petrakov, D., Erokhin, S., Meleshko, A., Stoffel, M., Ballesteros-Cánovas, J.A., 2019. Geomorphic control on regional glacier lake outburst flood and debris flow activity over northern Tien Shan. Global and Planetary Change 176, 50–59. https://doi.org/10.1016/j.gloplacha.2019.03.003",,,2000.0,exact,,,False,,False,,False,,False,,,,False,,True,False,['Unknown'],1,['Unknown'],1
425,2000,2000,6.0,11.0,Khurdopin,Khurdopin,Ephemeral,,G075438E36192N,36.344239,75.474953,3482,36.463012,74.901382,2450.0,Observation,Ice dammed,N,Y,14_2,9,Pakistan,Gilgit - Baltistan,Hunza,Surging glacier,Unknown,Subglacial tunnel,,186000000.0,,,,,,,,,,,,,,,,,,,,,Bridge destroyed,,,,,"(Hewitt and Liu, 2010; Bazai et al., 2021)","Hewitt, K., Liu, J., 2010. Ice-Dammed Lakes and Outburst Floods, Karakoram Himalaya: Historical Perspectives on Emerging Threats. Physical Geography 31, 528–551. https://doi.org/10.2747/0272-3646.31.6.528; Bazai, N.A., Cui, P., Carling, P.A., Wang, H., Hassan, J., Liu, D., Zhang, G., Jin, W., 2021. Increasing glacial lake outburst flood hazard in response to surge glaciers in the Karakoram. Earth-Science Reviews 212, 103432. https://doi.org/10.1016/j.earscirev.2020.103432",,"Erosion of agricultural land, bridges destroyed. and local damage in Shimshal valley and Pasu village. Peak lake volume before flood 186x106 m3 with a lake area 1.87km2 by May 30, 2000. Discharged entire volume before June 26, 2000",2000.0,exact,2000-06-11,,False,,False,,False,,False,,,,False,,False,False,['Unknown'],1,['Subglacial tunnel'],1
426,2000,2000,7.0,27.0,Unknown,Lokpar/Aling,Ephemeral,,G076211E35548N,35.497,76.271,3800,,,,,Moraine dammed,N,Y,14_2,9,Pakistan,Gilgit - Baltistan,Hushe,Unknown,Unknown,Unknown,,,,,,,,,,,,,,,,,,,,,,,,,,,,"(Din et al., 2014; Ahmad et al., 2016)","Din, K., Tariq, S., Mahmood, A., Rasul, G., 2014. Temperature and Precipitation: GLOF Triggering Indicators in Gilgit-Baltistan, Pakistan. Pakistan Journal of Meteorology 10, 20; Ahmad, B., Rana, A.S., Abuzar, K., Kiran, R., Mansoor, R., Kubra, S., 2016. Diagnostic Study of Heavy Downpour in 2015 Flash Floods over Chitral Area, Northern Pakistan. 12, 24.",,Very little information on this event. Previously a GLOF was reported here at Lokpar/Aling (1993) which may have the same likely cause,2000.0,exact,2000-07-27,,False,,False,,False,,False,,,,False,,True,False,['Unknown'],1,['Unknown'],1
427,2000,2000,7.0,27.0,Merzbacher,Southern Inylshek,GL079841E42200N,2,G080193E42063N,42.196,79.847,3271,,,,,Ice dammed,N,Y,13_3,3,Kyrgyzstan,Issyk-Kul,Inylchek,Unknown,Unknown,Subglacial tunnel,,,,,,,,,,,,,,,,,,,,,,,,,,,,"(Kingslake and Ng, 2013)","Kingslake, J., Ng, F., 2013. Quantifying the predictability of the timing of jökulhlaups from Merzbacher Lake, Kyrgyzstan. Journal of Glaciology 59, 805–818. https://doi.org/10.3189/2013JoG12J156",,,2000.0,exact,2000-07-27,,False,,False,,False,,False,,,,False,,False,False,['Unknown'],1,['Subglacial tunnel'],1
428,2000,2000,9.0,,Khurdopin,Khurdopin,Ephemeral,,G075206E36338N,36.344239,75.474953,3482,,,,,Ice dammed,N,Y,14_2,9,Pakistan,Gilgit - Baltistan,Hunza,Surging glacier,Unknown,Subglacial tunnel,,,,,,,,,,,,,,,,,,,,,,,,,,,,"(Bazai et al., 2021)","Bazai, N.A., Cui, P., Carling, P.A., Wang, H., Hassan, J., Liu, D., Zhang, G., Jin, W., 2021. Increasing glacial lake outburst flood hazard in response to surge glaciers in the Karakoram. Earth-Science Reviews 212, 103432. https://doi.org/10.1016/j.earscirev.2020.103432",,,2000.0,exact,,,False,,False,,False,,False,,,,False,,False,False,['Unknown'],1,['Subglacial tunnel'],1
429,2001,2001,5.0,,Khurdopin,Khurdopin,Ephemeral,,G075206E36338N,36.344239,75.474953,3482,,,,,Ice dammed,N,Y,14_2,9,Pakistan,Gilgit - Baltistan,Hunza,Surging glacier,Unknown,Subglacial tunnel,,10000000.0,,,,,,,,,,,,,,,,,,,,,,,,,,"(Bazai et al., 2021)","Bazai, N.A., Cui, P., Carling, P.A., Wang, H., Hassan, J., Liu, D., Zhang, G., Jin, W., 2021. Increasing glacial lake outburst flood hazard in response to surge glaciers in the Karakoram. Earth-Science Reviews 212, 103432. https://doi.org/10.1016/j.earscirev.2020.103432",,,2001.0,exact,,,False,,False,,False,,False,,,,False,,False,False,['Unknown'],1,['Subglacial tunnel'],1
430,2001,2001,7.0,28.0,Merzbacher,Southern Inylshek,GL079841E42200N,2,G080193E42063N,42.196,79.847,3271,,,,,Ice dammed,N,Y,13_3,3,Kyrgyzstan,Issyk-Kul,Inylchek,Unknown,Unknown,Subglacial tunnel,,,,,,,,,,,,,,,,,,,,,,,,,,,,"(Glazirin, 2010)","Glazirin, G., 2010. A century of investigations on outbursts of the ice-dammed lake merzbacher (Central Tien Shan). Austrian Journal of Earth Sciences 103, 171–179.",,,2001.0,exact,2001-07-28,,False,,False,,False,,False,,,,False,,False,False,['Unknown'],1,['Subglacial tunnel'],1
431,2001,2001,8.0,6.0,Chongbaxia Co/ Longjiu Co,Unnamed,GL089745E28211N,"2, 3, 4",G089757E28197N,28.211108,89.744989,4916,28.257,89.627,4576.0,Observation,Moraine dammed,N,N,13_8,12,China,TAR,Nian Chu,Unknown,Unknown,Unknown,,,,,15 km from the source,,,,,,,,,,,,,,,,,,,,,,,"(Yao et al., 2014; Zhang et al., 2021)","Yao, X.J., Liu, S.Y., Sun, M.P., Zhang, X.J., 2014. Study on the glacial lake outburst flood events in Tibet since the 20th century. Journal of Natural Resources 29(8), 1377–1390. http://www.jnr.ac.cn/EN/10.11849/zrzyxb.2014.08.010; Zhang, T., Wang, W., Gao, T., An, B., 2021. Simulation and Assessment of Future Glacial Lake Outburst Floods in the Poiqu River Basin, Central Himalayas. Water 13(10), 1376. https://doi.org/10.3390/w13101376",,,2001.0,exact,2001-08-06,,False,,False,,False,,False,,,,False,,False,True,['Unknown'],1,['Unknown'],1
432,2002,2002,,,Hassanabad,Hassanabad,Ephemeral,,G074619E36437N,36.390545,74.50831,3370,36.292162,74.609227,2030.0,Observation,Ice dammed,N,Y,14_2,9,Pakistan,Gilgit - Baltistan,Hunza,Surging glacier,Unknown,Unknown,,,,,,,,,,,,,,,,,,,,,,,,,,,,"(Bazai et al., 2021)","Bazai, N.A., Cui, P., Carling, P.A., Wang, H., Hassan, J., Liu, D., Zhang, G., Jin, W., 2021. Increasing glacial lake outburst flood hazard in response to surge glaciers in the Karakoram. Earth-Science Reviews 212, 103432. https://doi.org/10.1016/j.earscirev.2020.103432",,,2002.0,exact,,,False,,False,,False,,False,,,,False,,False,False,['Unknown'],1,['Unknown'],1
433,2002,2002,5.0,23.0,Jialong Co,Jialong,GL085849E28212N,"2, 3, 4",G085834E28193N,28.213134,85.850819,4369,28.19297,85.92412,4075.0,Deposit,Moraine dammed,Y,Y,15_2,11,China,TAR,Poiqu,Unknown,Ice avalanche,Unknown,21000.0,100000.0,1242.0,,,,,,,,,,,,,,,,,,,,,,,,,"(Cui et al. 2010; Liu et al., 2014; Carrivick and Tweed, 2016; Nie et al., 2018)","Cui, P., Dang, C., Cheng, Z., Scott, K.M., 2010. Debris Flows Resulting From Glacial-Lake Outburst Floods in Tibet, China. Physical Geography 31, 508–527. https://doi.org/10.2747/0272-3646.31.6.508; Liu, J.-J., Cheng, Z.-L., Li, Y., 2014. The 1988 glacial lake outburst flood in Guangxieco Lake, Tibet, China. Natural Hazards and Earth System Sciences 14, 3065–3075. https://doi.org/10.5194/nhess-14-3065-2014; Carrivick, J.L., Tweed, F.S., 2016. A global assessment of the societal impacts of glacier outburst floods. Global and Planetary Change 144, 1–16. https://doi.org/10.1016/j.gloplacha.2016.07.001; Nie, Y., Liu, Q., Wang, J., Zhang, Y., Sheng, Y., Liu, S., 2018. An inventory of historical glacial lake outburst floods in the Himalayas based on remote sensing observations and geomorphological analysis. Geomorphology 308, 91–106. https://doi.org/10.1016/j.geomorph.2018.02.002",,,2002.0,exact,2002-05-23,,False,,False,,False,,False,,,,False,,False,False,['Ice avalanche'],1,['Unknown'],1
434,2002,2002,6.0,6.0,Unknown,North Terong,Ephemeral,,G077336E35311N,35.254,77.308,4400,,,,,Ice dammed,Y,Y,14_2,9,India,Jammu and Kashmir,Nubra,Glacier advance,Unknown,Unknown,,31270000.0,,,,,,,,,,,,,,,,,,,,,,,,,,"(Bazai et al., 2021)","Bazai, N.A., Cui, P., Carling, P.A., Wang, H., Hassan, J., Liu, D., Zhang, G., Jin, W., 2021. Increasing glacial lake outburst flood hazard in response to surge glaciers in the Karakoram. Earth-Science Reviews 212, 103432. https://doi.org/10.1016/j.earscirev.2020.103432",,,2002.0,exact,2002-06-06,,False,,False,,False,,False,,,,False,,True,False,['Unknown'],1,['Unknown'],1
435,2002,2002,6.0,29.0,Jialong Co,Jialong,GL085849E28212N,"2, 3, 4",G085834E28193N,28.213134,85.850819,4369,28.19297,85.92412,4075.0,Deposit,Moraine dammed,Y,Y,15_2,11,China,TAR,Poiqu,Unknown,Unknown,Moraine collapse,,,,,,,,,,,,,,,,,,,,,,,,,,,,"(Liu et al., 2014; Carrivick and Tweed, 2016; Nie et al., 2018)","Liu, J.-J., Cheng, Z.-L., Li, Y., 2014. The 1988 glacial lake outburst flood in Guangxieco Lake, Tibet, China. Natural Hazards and Earth System Sciences 14, 3065–3075; Carrivick, J.L., Tweed, F.S., 2016. A global assessment of the societal impacts of glacier outburst floods. Global and Planetary Change 144, 1–16. https://doi.org/10.1016/j.gloplacha.2016.07.001; Nie, Y., Liu, Q., Wang, J., Zhang, Y., Sheng, Y., Liu, S., 2018. An inventory of historical glacial lake outburst floods in the Himalayas based on remote sensing observations and geomorphological analysis. Geomorphology 308, 91–106. https://doi.org/10.1016/j.geomorph.2018.02.002",,,2002.0,exact,2002-06-29,,False,,False,,False,,False,,,,False,,False,False,['Unknown'],1,['Moraine collapse'],1
436,2002,2002,7.0,15.0,Khurdopin,Khurdopin,Ephemeral,,G075206E36338N,36.344239,75.474953,3482,,,,,Ice dammed,N,Y,14_2,9,Pakistan,Gilgit - Baltistan,Hunza,Surging glacier,Unknown,Subglacial tunnel,,19000000.0,,,,,,,,,,,,,,,,,,,,,,,,,,"(Bazai et al., 2021)","Bazai, N.A., Cui, P., Carling, P.A., Wang, H., Hassan, J., Liu, D., Zhang, G., Jin, W., 2021. Increasing glacial lake outburst flood hazard in response to surge glaciers in the Karakoram. Earth-Science Reviews 212, 103432. https://doi.org/10.1016/j.earscirev.2020.103432",,,2002.0,exact,2002-07-15,,False,,False,,False,,False,,,,False,,False,False,['Unknown'],1,['Subglacial tunnel'],1
437,2002,2002,8.0,2.0,Merzbacher,Southern Inylshek,GL079841E42200N,2,G080193E42063N,42.196,79.847,3271,,,,,Ice dammed,N,Y,13_3,3,Kyrgyzstan,Issyk-Kul,Inylchek,Unknown,Unknown,Subglacial tunnel,,,,,,,,,,,,,,,,,,,,,,,,,,,,"(Glazirin, 2010)","Glazirin, G., 2010. A century of investigations on outbursts of the ice-dammed lake merzbacher (Central Tien Shan). Austrian Journal of Earth Sciences 103, 171–179.",,,2002.0,exact,2002-08-02,,False,,False,,False,,False,,,,False,,False,False,['Unknown'],1,['Subglacial tunnel'],1
438,2002,2002,8.0,7.0,Shahdara,Dasht,GL071728E37219N,"2, 3, 4",G071729E37220N,37.22,71.729,4346,37.3,71.783,2600.0,Observation,Moraine dammed,N,N,13_2,6,Tajikistan,Gorno-Badakhshan,Shakhdara,Unknown,Unknown,Unknown,,320000.0,,,,25.0,,,,,,,,,,,,,75.0,,,,,,,,,"(Mergili et al., 2012; Narama et al., 2018)","Mergili, M., Kopf, C., Müllebner, B., Schneider, J.F., 2012. Changes of the Cryosphere and related geohazards in the high-mountain areas of Tajikistan and Austria: A comparison. Geografiska Annaler. https://doi.org/10.1111/j.1468-0459.2011.00450.x; Narama, C., Daiyrov, M., Duishonakunov, M., Tadono, T., Sato, H., Kääb, A., Ukita, J., Abdrakhmatov, K., 2018. Large drainages from short-lived glacial lakes in the Teskey Range, Tien Shan Mountains, Central Asia. Natural Hazards and Earth System Sciences 18, 983–995. https://doi.org/10.5194/nhess-18-983-2018",,Village Dasht largely destroyed,2002.0,exact,2002-08-07,,False,,False,,False,,False,,,,False,,False,False,['Unknown'],1,['Unknown'],1
439,2002,2002,8.0,9.0,Kyagar,Kyagar,GL077181E35675N,"2, 3, 4",G077158E35562N,35.677371,77.190788,4880,37.982034,76.877846,1450.0,Observation,Ice dammed,N,Y,14_2,9,China,Xinjiang,Yarkant,Surging glacier,Unknown,Unknown,,115190000.0,4610.0,,,,,,,,,,,,,,,,,,,,,,,,,"(Hewitt and Liu, 2010; Carrivick and Tweed, 2016; Bazai et al., 2021)","Hewitt, K., Liu, J., 2010. Ice-Dammed Lakes and Outburst Floods, Karakoram Himalaya: Historical Perspectives on Emerging Threats. Physical Geography 31, 528–551. https://doi.org/10.2747/0272-3646.31.6.528; Carrivick, J.L., Tweed, F.S., 2016. A global assessment of the societal impacts of glacier outburst floods. Global and Planetary Change 144, 1–16. https://doi.org/10.1016/j.gloplacha.2016.07.001; Bazai, N.A., Cui, P., Carling, P.A., Wang, H., Hassan, J., Liu, D., Zhang, G., Jin, W., 2021. Increasing glacial lake outburst flood hazard in response to surge glaciers in the Karakoram. Earth-Science Reviews 212, 103432. https://doi.org/10.1016/j.earscirev.2020.103432",,Huge flood recorded with peak lake volume by 08/09/2002 before flood 115.19x106 m3 with a lake area 2.93km2.,2002.0,exact,2002-08-09,,False,,False,,False,,False,,,,False,,False,False,['Unknown'],1,['Unknown'],1
440,2002,2002,,,Unnamed,Unnamed,GL085919E28139N,"2, 3, 4",G085919E28127N,28.14,85.92,4870,28.154774,85.920192,4560.0,Deposit,Moraine dammed,Y,N,15_2,11,China,TAR,Poiqu,Unknown,Unknown,Unknown,,,,,,,,,,,,,,,,,,,,,,,,,,,,(This study),,"reporting by local villagers, documentation from satellite imagery",first Maxar imagery with evidence of GLOF from 2005,2002.0,exact,,,False,,False,,False,,False,,,,False,,True,True,['Unknown'],1,['Unknown'],1
441,2002,2002,9.0,18.0,Dega Co,Unnamed,GL090621E28453N,"2, 3, 4",G090608E28445N,28.453,90.621,5280,,,,,Moraine dammed,Y,N,15_2,12,China,TAR,Langkamu,Unknown,Ice avalanche,Unknown,61000.0,140000.0,,,,,,,,,,,,,,,,,,,,,,,,,,"(Cui et al., 2010)","Cui, P., Dang, C., Cheng, Z., Scott, K.M., 2010. Debris Flows Resulting From Glacial-Lake Outburst Floods in Tibet, China. Physical Geography 31, 508–527. https://doi.org/10.2747/0272-3646.31.6.508",,,2002.0,exact,2002-09-18,,False,,False,,False,,False,,,,False,,False,True,['Ice avalanche'],1,['Unknown'],1
442,May to August 2003,2003,,,Unnamed,Unnamed,Not mapped,,G073889E36609N,36.608,73.881,3706,,,,,Moraine dammed,N,N,14_2,9,Pakistan,Gilgit - Baltistan,Gilgit,Unknown,Unknown,Unknown,,,,,,,,,,,,,,,,,,,,,,,,,,,LE07_L2SP_150035_20030506_20200915_02_T1 and LE07_L2SP_150035_20030810_20200916_02_T1,(This study),,documentation from satellite imagery,,2003.0,exact,,,False,,False,,False,,False,,,,False,,True,True,['Unknown'],1,['Unknown'],1
443,2003,2003,,,Unknown,Kuturgansuu,Ephemeral,,G074608E42515N,42.522,74.609,3470,42.535,74.658,2170.0,Deposit,Moraine dammed,N,Y,13_3,4,Kyrgyzstan,Chuy,Alamedin,Unknown,Unknown,Unknown,,,,,,,,,,,,,,,,,,,,,,,,,,,,"(Zaginaev et al., 2019)","Zaginaev, V., Petrakov, D., Erokhin, S., Meleshko, A., Stoffel, M., Ballesteros-Cánovas, J.A., 2019. Geomorphic control on regional glacier lake outburst flood and debris flow activity over northern Tien Shan. Global and Planetary Change 176, 50–59. https://doi.org/10.1016/j.gloplacha.2019.03.003",,,2003.0,exact,,,False,,False,,False,,False,,,,False,,True,False,['Unknown'],1,['Unknown'],1
444,2003,2003,,,Unnamed,Gongpa-Rangchong,GL076963E34467N,"2, 4",G076961E34458N,34.467,76.963,5117,34.392738,76.758152,2928.0,Observation,Moraine dammed,Y,N,14_2,10,India,Jammu and Kashmir,Upper Indus,Unknown,Unknown,Unknown,,,,,,,,,,,,,,,,,,,,,,,Bridges damaged,,,,,"(Ikeda, Narama and Gyalson, 2016)","Ikeda, N., Narama, C., Gyalson, S., 2016. Knowledge Sharing for Disaster Risk Reduction: Insights from a Glacier Lake Workshop in the Ladakh Region, Indian Himalayas. mred 36, 31–40. https://doi.org/10.1659/MRD-JOURNAL-D-15-00035.1",,"Unclear which lake it exactly came from, traced back from deposits according to satellite imagery. Domkhar Village impacted",2003.0,exact,,,False,,False,,False,,False,,,,False,,True,False,['Unknown'],1,['Unknown'],1
445,2003,2003,7.0,23.0,Merzbacher,Southern Inylshek,GL079841E42200N,2,G080193E42063N,42.196,79.847,3271,,,,,Ice dammed,N,Y,13_3,3,Kyrgyzstan,Issyk-Kul,Inylchek,Unknown,Unknown,Subglacial tunnel,,,,,,,,,,,,,,,,,,,,,,,,,,,,"(Glazirin, 2010)","Glazirin, G., 2010. A century of investigations on outbursts of the ice-dammed lake merzbacher (Central Tien Shan). Austrian Journal of Earth Sciences 103, 171–179.",,,2003.0,exact,2003-07-23,,False,,False,,False,,False,,,,False,,False,False,['Unknown'],1,['Subglacial tunnel'],1
446,2004,2004,6.0,,Unknown,Halji,Ephemeral,,G081470E30264N,30.27,81.475,5347,30.219,81.514,3706.0,Observation,Supraglacial,Y,Y,15_1,11,Nepal,Karnali,Humla,Unknown,Unknown,Unknown,,,,,,,,,,,,,,,,,,,,,,,,,,,,"(Kropacek et al., 2015)","Kropácek, J., Neckel, N., Tyrna, B., Holzer, N., Hovden, A., Gourmelen, N., Schneider, C., Buchroithner, M., Hochschild, V., 2015. Repeated glacial lake outburst flood threatening the oldest Buddhist monastery in north-western Nepal. Natural Hazards and Earth System Sciences 15, 2425–2437. https://doi.org/10.5194/nhess-15-2425-2015",,,2004.0,exact,,,False,,False,,False,,False,,,,False,,True,False,['Unknown'],1,['Unknown'],1
447,2004,2004,8.0,7.0,Merzbacher,Southern Inylshek,GL079841E42200N,2,G080193E42063N,42.196,79.847,3271,,,,,Ice dammed,N,Y,13_3,3,Kyrgyzstan,Issyk-Kul,Inylchek,Unknown,Unknown,Subglacial tunnel,,,,,,,,,,,,,,,,,,,,,,,,,,,,"(Glazirin, 2010)","Glazirin, G., 2010. A century of investigations on outbursts of the ice-dammed lake merzbacher (Central Tien Shan). Austrian Journal of Earth Sciences 103, 171–179.",,,2004.0,exact,2004-08-07,,False,,False,,False,,False,,,,False,,False,False,['Unknown'],1,['Subglacial tunnel'],1
448,2005,2005,6.0,,Brep,Brep,Ephemeral,,G072717E36370N,36.384,72.706,4330,36.423,72.647,2440.0,Observation,Water pocket,Y,N,14_1,8,Pakistan,Khyber Pakhtunkhwa,Chitral,Unknown,Unknown,Unknown,,,,,,,,,,,,,,,,,,,73.0,2.0,15.0,,"Road, communication system, irrigation channels",,,,,"(Haq, 2007)","Haq, A., 2007. Community Response to Climatic Hazards in Northern Pakistan. Mountain Research and Development 27, 308–312. https://doi.org/10.1659/mrd.0947",https://reliefweb.int/report/pakistan/pakistan-floods-ocha-situation-report-no-5,100 families displaced in total with event in Sonoghur 2007,2005.0,exact,,,False,,False,,False,,False,,,,False,,False,False,['Unknown'],1,['Unknown'],1
449,2005,2005,7.0,4.0,Lake 16,Kaskelen,Not mapped,,G076604E42918N,42.922371,76.601281,3420,,,,Observation,Moraine dammed,N,N,13_3,4,Kazakhstan,Almaty,Ily-Balkhash-Alakol,Unknown,Unknown,Unknown,,,,,,,,,,,,,,,,,,,,,,,,,,,,"(Shahgedanova et al., 2024)","Shahgedanova, M., Saidaliyeva, Z., Mussina, A. et al. Debris flows in the northern Tien Shan, Central Asia: regional database, meteorological triggers, and trends. npj Nat. Hazards 1, 49 (2024). https://doi.org/10.1038/s44304-024-00050-7",,,2005.0,exact,2005-07-04,,False,,False,,False,,False,,,,False,,False,False,['Unknown'],1,['Unknown'],1
450,2005,2005,7.0,13.0,Merzbacher,Southern Inylshek,GL079841E42200N,2,G080193E42063N,42.196,79.847,3271,,,,,Ice dammed,N,Y,13_3,3,Kyrgyzstan,Issyk-Kul,Inylchek,Unknown,Unknown,Subglacial tunnel,,,,,,,,,,,,,,,,,,,,,,,,,,,,"(Shangguan et al., 2017; Kingslake and Ng, 2013)","Shangguan, D., Ding, Y., Liu, S., Xie, Z., Pieczonka, T., Xu, J., Moldobekov, B., 2017. Quick Release of Internal Water Storage in a Glacier Leads to Underestimation of the Hazard Potential of Glacial Lake Outburst Floods From Lake Merzbacher in Central Tian Shan Mountains. Geophysical Research Letters 44, 9786–9795. https://doi.org/10.1002/2017GL074443; Kingslake, J., Ng, F., 2013. Quantifying the predictability of the timing of jökulhlaups from Merzbacher Lake, Kyrgyzstan. Journal of Glaciology 59, 805–818. https://doi.org/10.3189/2013JoG12J156; Glazirin, G., 2010. A century of investigations on outbursts of the ice-dammed lake merzbacher (Central Tien Shan). Austrian Journal of Earth Sciences 103, 171–179.",https://www.researchgate.net/profile/Wilfried-Hagg/publication/259121312_The_2005_Lake_Merzbacher_GLOF_event_and_status_of_future_planned_activities_in_the_Tien_Shan_region/links/0deec52a04b5497cb8000000/The-2005-Lake-Merzbacher-GLOF-event-and-status-of-future-planned-activities-in-the-Tien-Shan-region.pdf,,2005.0,exact,2005-07-13,,False,,False,,False,,False,,,,False,,False,False,['Unknown'],1,['Subglacial tunnel'],1
451,2005,2005,7.0,25.0,Sosot,Sosot,GL073196E36026N,"2, 3, 4",G073197E36026N,36.027,73.196,4485,36.163,73.134,2474.0,Observation,Moraine dammed,N,Y,14_1,8,Pakistan,Gilgit - Baltistan,Gilgit,Unknown,Unknown,Unknown,,,,,,,,,,,,,,,,,,,,,,,"Bridge damage, Considerable property of a small village of tehsil Gupis",,,,,"(Haq, 2007)","Haq, A., 2007. Community Response to Climatic Hazards in Northern Pakistan. Mountain Research and Development 27, 308–312. https://doi.org/10.1659/mrd.0947",,,2005.0,exact,2005-07-25,,False,,False,,False,,False,,,,False,,False,False,['Unknown'],1,['Unknown'],1
452,2005,2005,7.0,,Unnamed,Teztor,Not mapped,,G074417E42535N,42.5366,74.4273,3606,42.58,74.481,2015.0,Deposit,Moraine dammed,N,Y,13_3,4,Kyrgyzstan,Chuy,Sokuluk,Unknown,High temperatures,Unknown,,,,,,,,,,,,,,,,,,,,,,,,,,,,"(Erokhin et al., 2018)","Erokhin, S.A., Zaginaev, V.V., Meleshko, A.A., Ruiz-Villanueva, V., Petrakov, D.A., Chernomorets, S.S., Viskhadzhieva, K.S., Tutubalina, O.V., Stoffel, M., 2018. Debris flows triggered from non-stationary glacier lake outbursts: the case of the Teztor Lake complex (Northern Tian Shan, Kyrgyzstan). Landslides 15, 83–98. https://doi.org/10.1007/s10346-017-0862-3",,,2005.0,exact,,,False,,False,,False,,False,,,,False,,True,False,['High temperatures'],1,['Unknown'],1
453,2005,2005,9.0,1.0,Dalonggongba,Unnamed,GL096466E29753N,"2, 3, 4",G096470E29743N,29.752955,96.465935,5059,29.766,96.426,4335.0,Deposit,Moraine dammed,N,N,15_3,18,China,TAR,Yigong Zangbo,Glacier melt,Unknown,Unknown,,,,,,,,,,,,,,,,,,,,,,,,,,,,"(Veh et al., 2019; Liu et al., 2019)","Veh, G., Korup, O., von Specht, S., Roessner, S., Walz, A., 2019. Unchanged frequency of moraine-dammed glacial lake outburst floods in the Himalaya. Nature Climate Change 9, 379–383. https://doi.org/10.1038/s41558-019-0437-5; Liu, J., Zhang, J., Bo, G., 2019. An overview of glacial lake outburst floods in Tibet, China. Journal of Glaciology and Geocryology 41. http://www.bcdt.ac.cn/EN/10.7522/j.issn.1000-0240.2019.0073",,,2005.0,exact,2005-09-01,,False,,False,,False,,False,,,,False,,False,True,['Unknown'],1,['Unknown'],1
454,2005,2005,9.0,2.0,Kyagar,Kyagar,GL077181E35675N,"2, 3, 4",G077158E35562N,35.677371,77.190788,4880,37.982034,76.877846,1450.0,Observation,Ice dammed,N,Y,14_2,9,China,Xinjiang,Yarkant,Surging glacier,Unknown,Unknown,,,1880.0,,,,,,,,,,,,,,,,,,,,,,,,,"(Hewitt and Liu, 2010; Carrivick and Tweed, 2016; Bazai et al., 2021)","Hewitt, K., Liu, J., 2010. Ice-Dammed Lakes and Outburst Floods, Karakoram Himalaya: Historical Perspectives on Emerging Threats. Physical Geography 31, 528–551. https://doi.org/10.2747/0272-3646.31.6.528; Carrivick, J.L., Tweed, F.S., 2016. A global assessment of the societal impacts of glacier outburst floods. Global and Planetary Change 144, 1–16. https://doi.org/10.1016/j.gloplacha.2016.07.001; Bazai, N.A., Cui, P., Carling, P.A., Wang, H., Hassan, J., Liu, D., Zhang, G., Jin, W., 2021. Increasing glacial lake outburst flood hazard in response to surge glaciers in the Karakoram. Earth-Science Reviews 212, 103432. https://doi.org/10.1016/j.earscirev.2020.103432",,,2005.0,exact,2005-09-02,,False,,False,,False,,False,,,,False,,False,False,['Unknown'],1,['Unknown'],1
455,2005,2005,11.0,,Unnamed,Unnamed,GL097436E29443N,2,G097395E29467N,29.44416667,97.43722222,4818,29.413059,97.490645,3959.0,Deposit,Moraine dammed,N,N,15_3,17,China,TAR,Nujiang,Unknown,Unknown,Unknown,,,,,,,,,,,,,,,,,,,,,,,,,,,"LT05_L1TP_134039_20050924_20200901_02_T1, LT05_L1TP_134040_20050908_20200901_02_T1, LT05_L1TP_134039_20050706_20200902_02_T1",(This study),,,August images were cloudy,2005.0,exact,,,False,,False,,False,,False,,,,False,,True,True,['Unknown'],1,['Unknown'],1
456,2005,2005,,,Suyuk Tor,Unnamed,Not mapped,,G076865E41965N,41.96823,76.865289,3740,,,,,Moraine dammed,N,N,13_3,4,Kyrgyzstan,Issyk-Kul,Tong,Unknown,Unknown,Unknown,,,,,,,,,,,,,,,,,,,,,,,,,,,,(This study),,https://www.debrisflow.ru/en/selevye-yavleniya-yugo-vostochnogo-kazakhstana/,,2005.0,exact,,,False,,False,,False,,False,,,,False,,False,True,['Unknown'],1,['Unknown'],1
457,2006,2006,,,Kashka-Suu,Kashka-Suu,Not mapped,,G076993E41856N,41.85897,76.99497,3872,41.866,77.043,3018.0,Deposit,Moraine dammed,N,N,13_3,4,Kyrgyzstan,Issyk-Kul,Tong,Unknown,Unknown,Subglacial tunnel,,,,,,,,,,,,,,,,,,,,,,,,,,,,"(Narama et al., 2018)","Narama, C., Daiyrov, M., Duishonakunov, M., Tadono, T., Sato, H., Kääb, A., Ukita, J., Abdrakhmatov, K., 2018. Large drainages from short-lived glacial lakes in the Teskey Range, Tien Shan Mountains, Central Asia. Natural Hazards and Earth System Sciences 18, 983–995. https://doi.org/10.5194/nhess-18-983-2018",,,2006.0,exact,,,False,,False,,False,,False,,,,False,,False,False,['Unknown'],1,['Subglacial tunnel'],1
458,2006,2006,,,Unknown,Phyang,No lake,,G077557E34281N,34.283109,77.565699,5350,,,,,Moraine dammed,Y,N,14_2,10,India,Jammu and Kashmir,Upper Indus,Unknown,Unknown,Ice core thawing,,,,,,,,,,,,,,,,,,,,,,,,,,,,(This study),,https://cdn.cseindia.org/userfiles/TM_Presentation.pdf,,2006.0,exact,,,False,,False,,False,,False,,,,False,,True,False,['Unknown'],1,['Ice core thawing'],1
459,2006,2006,,,Buzulgansuu,Unnamed,GL075229E42421N,"2, 3",G075231E42417N,42.421222,75.22963,3870,,,,,Ice dammed,N,Y,13_3,4,Kyrgyzstan,Chuy,Naryn,Unknown,Unknown,Unknown,,,,,,,,,,,,,,,,,,,,,,,,,,,,(This study),,https://www.debrisflow.ru/en/selevye-yavleniya-yugo-vostochnogo-kazakhstana/,,2006.0,exact,,,False,,False,,False,,False,,,,False,,False,True,['Unknown'],1,['Unknown'],1
460,2006,2006,6.0,,Unknown,Halji,Ephemeral,,G081470E30264N,30.27,81.475,5347,30.219,81.514,3706.0,Observation,Supraglacial,Y,Y,15_1,11,Nepal,Karnali,Humla,Unknown,Unknown,Unknown,,,,,,,,,,,,,,,,,,,,,,,,,,,,"(Kropacek et al., 2015)","Kropácek, J., Neckel, N., Tyrna, B., Holzer, N., Hovden, A., Gourmelen, N., Schneider, C., Buchroithner, M., Hochschild, V., 2015. Repeated glacial lake outburst flood threatening the oldest Buddhist monastery in north-western Nepal. Natural Hazards and Earth System Sciences 15, 2425–2437. https://doi.org/10.5194/nhess-15-2425-2015",,,2006.0,exact,,,False,,False,,False,,False,,,,False,,True,False,['Unknown'],1,['Unknown'],1
461,2006,2006,7.0,30.0,Merzbacher,Southern Inylshek,GL079841E42200N,2,G080193E42063N,42.196,79.847,3271,,,,,Ice dammed,N,Y,13_3,3,Kyrgyzstan,Issyk-Kul,Inylchek,Unknown,Unknown,Subglacial tunnel,,,,,,,,,,,,,,,,,,,,,,,,,,,,"(Kingslake and Ng, 2013)","Kingslake, J., Ng, F., 2013. Quantifying the predictability of the timing of jökulhlaups from Merzbacher Lake, Kyrgyzstan. Journal of Glaciology 59, 805–818. https://doi.org/10.3189/2013JoG12J156",,,2006.0,exact,2006-07-30,,False,,False,,False,,False,,,,False,,False,False,['Unknown'],1,['Subglacial tunnel'],1
462,2007,2007,,,Unknown,Sonoghore,Ephemeral,,G072417E36225N,36.226,72.416,3779,36.27,72.402,2260.0,Observation,Water pocket,Y,N,14_1,8,Pakistan,Khyber Pakhtunkhwa,Chitral,Unknown,Unknown,Unknown,,,,,,,,,,,,,,500.0,,,,,15.0,3.0,,,,,,,,"(Haq, 2007)","Haq, A., 2007. Community Response to Climatic Hazards in Northern Pakistan. Mountain Research and Development 27, 308–312. https://doi.org/10.1659/mrd.0947",,100 families displaced in total with event in Brep 2005,2007.0,exact,,,False,,False,,False,,False,,,,False,,True,False,['Unknown'],1,['Unknown'],1
463,2007,2007,6.0,,Unknown,Halji,Ephemeral,,G081470E30264N,30.27,81.475,5347,30.219,81.514,3706.0,Observation,Supraglacial,Y,Y,15_1,11,Nepal,Karnali,Humla,Unknown,Unknown,Unknown,,,,,,,,,,,,,,,,,,,,,,,,,,,,"(Kropacek et al., 2015)","Kropácek, J., Neckel, N., Tyrna, B., Holzer, N., Hovden, A., Gourmelen, N., Schneider, C., Buchroithner, M., Hochschild, V., 2015. Repeated glacial lake outburst flood threatening the oldest Buddhist monastery in north-western Nepal. Natural Hazards and Earth System Sciences 15, 2425–2437. https://doi.org/10.5194/nhess-15-2425-2015",,,2007.0,exact,,,False,,False,,False,,False,,,,False,,True,False,['Unknown'],1,['Unknown'],1
464,2007,2007,7.0,11.0,Merzbacher,Southern Inylshek,GL079841E42200N,2,G080193E42063N,42.196,79.847,3271,,,,,Ice dammed,N,Y,13_3,3,Kyrgyzstan,Issyk-Kul,Inylchek,Unknown,Unknown,Subglacial tunnel,,,,,,,,,,,,,,,,,,,,,,,,,,,,"(Kingslake and Ng, 2013)","Kingslake, J., Ng, F., 2013. Quantifying the predictability of the timing of jökulhlaups from Merzbacher Lake, Kyrgyzstan. Journal of Glaciology 59, 805–818. https://doi.org/10.3189/2013JoG12J156",,,2007.0,exact,2007-07-11,,False,,False,,False,,False,,,,False,,False,False,['Unknown'],1,['Subglacial tunnel'],1
465,2007,2007,8.0,5.0,Ghulkin,Ghulkin,Ephemeral,,G074783E36426N,36.420236,74.858404,2692,,,,,Supraglacial,N,Y,14_2,9,Pakistan,Gilgit - Baltistan,Hunza,Unknown,Intense rainfall,Unknown,,,,,,,,,,,,,,,,,,,,,,,,,,,,"(Din et al., 2014)","Din, K., Tariq, S., Mahmood, A., Rasul, G., 2014. Temperature and Precipitation: GLOF Triggering Indicators in Gilgit-Baltistan, Pakistan. Pakistan Journal of Meteorology 10, 20.",,,2007.0,exact,2007-08-05,,False,,False,,False,,False,,,,False,,False,False,['Intense rainfall'],1,['Unknown'],1
466,2007,2007,8.0,10.0,Lang Co,Unknown,GL091807E27828N,"2, 3, 4",No glacier,27.828,91.807,4294,27.821,91.755,2437.0,Observation,Moraine dammed,Y,N,15_2,12,China,TAR,Subansiri,Unknown,Unknown,Unknown,,,,,,,,,,,,,,,,,,,,,,,Bridge destroyed,,,,,"(Liu et al., 2014)","Liu, J.-J., Cheng, Z.-L., Li, Y., 2014. The 1988 glacial lake outburst flood in Guangxieco Lake, Tibet, China. Natural Hazards and Earth System Sciences 14, 3065–3075",,,2007.0,exact,2007-08-10,,False,,False,,False,,False,,,,False,,False,True,['Unknown'],1,['Unknown'],1
467,2008,2008,1.0,6.0,Passu,Passu,GL074879E36458N,"2, 3, 4",G074714E36468N,36.457073,74.879432,2562,,,,,Moraine dammed,N,N,14_2,9,Pakistan,Gilgit - Baltistan,Hunza,Unknown,Intense rainfall,Unknown,,,,,,,,,,,,,,,,,,,,,,,,,,,,"(Din et al., 2014)","Din, K., Tariq, S., Mahmood, A., Rasul, G., 2014. Temperature and Precipitation: GLOF Triggering Indicators in Gilgit-Baltistan, Pakistan. Pakistan Journal of Meteorology 10, 20.",,,2008.0,exact,2008-01-06,,False,,False,,False,,False,,,,False,,False,False,['Intense rainfall'],1,['Unknown'],1
468,2008,2008,4.0,22.0,Ghulkin,Ghulkin,Ephemeral,,G074783E36426N,36.420236,74.879432,2692,,,,,Supraglacial,N,Y,14_2,9,Pakistan,Gilgit - Baltistan,Hunza,Unknown,Intense rainfall,Unknown,,,,,,,,,,,,,,,,,,,,,,,,,,,,"(Din et al., 2014)","Din, K., Tariq, S., Mahmood, A., Rasul, G., 2014. Temperature and Precipitation: GLOF Triggering Indicators in Gilgit-Baltistan, Pakistan. Pakistan Journal of Meteorology 10, 20.",,,2008.0,exact,2008-04-22,,False,,False,,False,,False,,,,False,,False,False,['Intense rainfall'],1,['Unknown'],1
469,2008,2008,5.0,22.0,Ghulkin,Ghulkin,Ephemeral,,G074783E36426N,36.420236,74.879432,2692,,,,,Supraglacial,N,Y,14_2,9,Pakistan,Gilgit - Baltistan,Hunza,Unknown,Intense rainfall,Unknown,,,,,,,,,,,,,,,,,,,,,,,,,,,,"(Din et al., 2014)","Din, K., Tariq, S., Mahmood, A., Rasul, G., 2014. Temperature and Precipitation: GLOF Triggering Indicators in Gilgit-Baltistan, Pakistan. Pakistan Journal of Meteorology 10, 20.",,,2008.0,exact,2008-05-22,,False,,False,,False,,False,,,,False,,False,False,['Intense rainfall'],1,['Unknown'],1
470,2008,2008,5.0,24.0,Ghulkin,Ghulkin,Ephemeral,,G074783E36426N,36.420236,74.879432,2692,,,,,Supraglacial,N,Y,14_2,9,Pakistan,Gilgit - Baltistan,Hunza,Unknown,Intense rainfall,Unknown,,,,,,,,,,,,,,,,,,,,,,,,,,,,"(Din et al., 2014)","Din, K., Tariq, S., Mahmood, A., Rasul, G., 2014. Temperature and Precipitation: GLOF Triggering Indicators in Gilgit-Baltistan, Pakistan. Pakistan Journal of Meteorology 10, 20.",,,2008.0,exact,2008-05-24,,False,,False,,False,,False,,,,False,,False,False,['Intense rainfall'],1,['Unknown'],1
471,2008,2008,6.0,14.0,Ghulkin,Ghulkin,Ephemeral,,G074783E36426N,36.420236,74.879432,2692,,,,,Supraglacial,N,Y,14_2,9,Pakistan,Gilgit - Baltistan,Hunza,Unknown,High temperatures,Unknown,,,,,,,,,,,,,,,,,,,,,,,,,,,,"(Din et al., 2014)","Din, K., Tariq, S., Mahmood, A., Rasul, G., 2014. Temperature and Precipitation: GLOF Triggering Indicators in Gilgit-Baltistan, Pakistan. Pakistan Journal of Meteorology 10, 20.",,,2008.0,exact,2008-06-14,,False,,False,,False,,False,,,,False,,False,False,['High temperatures'],1,['Unknown'],1
472,2008,2008,6.0,14.0,Kyagar,Kyagar,GL077181E35675N,"2, 3, 4",G077158E35562N,35.677371,77.190788,4880,37.982034,76.877846,1450.0,Observation,Ice dammed,N,Y,14_2,9,China,Xinjiang,Yarkant,Surging glacier,Unknown,Unknown,,11950000.0,,,,,,,,,,,,,,,,,,,,,,,,,,"(Bazai et al., 2021)","Bazai, N.A., Cui, P., Carling, P.A., Wang, H., Hassan, J., Liu, D., Zhang, G., Jin, W., 2021. Increasing glacial lake outburst flood hazard in response to surge glaciers in the Karakoram. Earth-Science Reviews 212, 103432. https://doi.org/10.1016/j.earscirev.2020.103432",,Small lake developed between 12/22/2007 and 06/23/2008 and water discharged before 06/14/2008 with peak lake volume before flood 11.95x106 m3 with a lake area 0.89km2,2008.0,exact,2008-06-14,,False,,False,,False,,False,,,,False,,False,False,['Unknown'],1,['Unknown'],1
473,2008,2008,6.0,,Unknown,Halji,Ephemeral,,G081470E30264N,30.27,81.475,5347,30.219,81.514,3706.0,Observation,Supraglacial,Y,Y,15_1,11,Nepal,Karnali,Humla,Unknown,Unknown,Unknown,,,,,,,,,,,,,,,,,,,,,,,,,,,,"(Kropacek et al., 2015)","Kropácek, J., Neckel, N., Tyrna, B., Holzer, N., Hovden, A., Gourmelen, N., Schneider, C., Buchroithner, M., Hochschild, V., 2015. Repeated glacial lake outburst flood threatening the oldest Buddhist monastery in north-western Nepal. Natural Hazards and Earth System Sciences 15, 2425–2437. https://doi.org/10.5194/nhess-15-2425-2015",,,2008.0,exact,,,False,,False,,False,,False,,,,False,,True,False,['Unknown'],1,['Unknown'],1
474,2008,2008,7.0,15.0,Merzbacher,Southern Inylshek,GL079841E42200N,2,G080193E42063N,42.196,79.847,3271,,,,,Ice dammed,N,Y,13_3,3,Kyrgyzstan,Issyk-Kul,Inylchek,Unknown,Unknown,Subglacial tunnel,,,,,,,,,,,,,,,,,,,,,,,,,,,,"(Shangguan et al., 2017; Kingslake and Ng, 2013)","Shangguan, D., Ding, Y., Liu, S., Xie, Z., Pieczonka, T., Xu, J., Moldobekov, B., 2017. Quick Release of Internal Water Storage in a Glacier Leads to Underestimation of the Hazard Potential of Glacial Lake Outburst Floods From Lake Merzbacher in Central Tian Shan Mountains. Geophysical Research Letters 44, 9786–9795. https://doi.org/10.1002/2017GL074443; Kingslake, J., Ng, F., 2013. Quantifying the predictability of the timing of jökulhlaups from Merzbacher Lake, Kyrgyzstan. Journal of Glaciology 59, 805–818. https://doi.org/10.3189/2013JoG12J156",,,2008.0,exact,2008-07-15,,False,,False,,False,,False,,,,False,,False,False,['Unknown'],1,['Subglacial tunnel'],1
475,2008,2008,7.0,24.0,Western Zyndan,Western Zyndan,GL077029E41947N,"2, 4",G077027E41935N,41.9478,77.0299,3645,42.064877,76.9957,2020.0,Observation,Moraine dammed,N,N,13_3,4,Kyrgyzstan,Issyk-Kul,Tong,Unknown,Unknown,Ice core thawing,,437000.0,,,,3.0,,,,,,,,,,,,32.0,,,,,,,,,,"(Narama, Severskiy and Yegorov, 2009)","Narama, C., Severskiy, I., and Yegorov, A. 2009. Current state of glacier changes, glacial lakes, and outburst floods in the Ile Ala-Tau and Kungoy Ala-Too ranges, northern Tien Shan Mountains, Ann. Hokkaido Geogr., 84, 22–32, https://doi.org/10.7886/hgs.84.34",,,2008.0,exact,2008-07-24,,False,,False,,False,,False,,,,False,,False,False,['Unknown'],1,['Ice core thawing'],1
476,2009,2009,,,Unnamed,Hinarchi,Not mapped,,G074582E36116N,36.042964,74.570562,2637,36.013842,74.543607,2281.0,Observation,Supraglacial,N,Y,14_2,9,Pakistan,Gilgit - Baltistan,Gilgit,Unknown,Unknown,Unknown,,,,,,,,,,,,,,,,,,,,,,,,,,,,"(This study; Ashraf et al., 2015)","Ashraf, A., Naz, R., Mustafa, N., Iqbal, M.B., Ahmad, B., Jawad, A., Ahmad. I., 2015. Updating GLOF Lake Inventory of Northern Pakistan and Establishment of Community Based Early Warning System in Bagrot and Bondo Gol Valleys. Technical Report. Islamabad, Pakistan: Pakistan Agricultural Research Council (PARC).",,On 11th December 2012 a community exchange documented this event. Hinarchi Glacier burst resulting complete damage to natural forest and agriculture land of villages Bulchi and Chira.,2009.0,exact,,,False,,False,+,True,,False,,,+,True,,True,False,['Unknown'],1,['Unknown'],1
477,2009,2009,3.0,26.0,Ghulkin,Ghulkin,Ephemeral,,G074783E36426N,36.420236,74.879432,2692,,,,,Supraglacial,N,Y,14_2,9,Pakistan,Gilgit - Baltistan,Hunza,Unknown,Intense rainfall,Unknown,,,,,,,,,,,,,,,,,,,,,,,,,,,,"(Din et al., 2014)","Din, K., Tariq, S., Mahmood, A., Rasul, G., 2014. Temperature and Precipitation: GLOF Triggering Indicators in Gilgit-Baltistan, Pakistan. Pakistan Journal of Meteorology 10, 20.",,,2009.0,exact,2009-03-26,,False,,False,,False,,False,,,,False,,False,False,['Intense rainfall'],1,['Unknown'],1
478,2009,2009,4.0,29.0,Tshojo Tsho,Tshojo,Ephemeral,,G090157E28136N,28.055,90.146,4040,28.05,90.14,3898.0,Observation,Supraglacial,Y,N,15_2,12,Bhutan,Punakha,Pho Chhu,Unknown,Unknown,Ice core thawing,,500000.0,,,,,,,,,,,,,,,,,,,,,,,,,,"(Komori et al., 2012; Carrivick and Tweed, 2016; Veh et al., 2019)","Komori, J., Koike, T., Yamanokuchi, T., Tshering, P., 2012. Glacial Lake Outburst Events in the Bhutan Himalayas. Global Environmental Research 16, 59–70; Carrivick, J.L., Tweed, F.S., 2016. A global assessment of the societal impacts of glacier outburst floods. Global and Planetary Change 144, 1–16; Veh, G., Korup, O., von Specht, S., Roessner, S., Walz, A., 2019. Unchanged frequency of moraine-dammed glacial lake outburst floods in the Himalaya. Nature Climate Change 9, 379–383. https://doi.org/10.1038/s41558-019-0437-5",,,2009.0,exact,2009-04-29,,False,,False,,False,,False,,,,False,,False,False,['Unknown'],1,['Ice core thawing'],1
479,2009,2009,6.0,23.0,Unknown,Halji,Ephemeral,,G081470E30264N,30.27,81.475,5347,30.219,81.514,3706.0,Observation,Supraglacial,Y,Y,15_1,11,Nepal,Karnali,Humla,Unknown,Unknown,Unknown,,,,,,,,,,,,,,,,,,,,,,,,,,,,"(Kropacek et al., 2015)","Kropácek, J., Neckel, N., Tyrna, B., Holzer, N., Hovden, A., Gourmelen, N., Schneider, C., Buchroithner, M., Hochschild, V., 2015. Repeated glacial lake outburst flood threatening the oldest Buddhist monastery in north-western Nepal. Natural Hazards and Earth System Sciences 15, 2425–2437. https://doi.org/10.5194/nhess-15-2425-2015",,,2009.0,exact,2009-06-23,,False,,False,,False,,False,,,,False,,True,False,['Unknown'],1,['Unknown'],1
480,2009,2009,7.0,3.0,Zhemai Co,Unnamed,GL092343E28015N,"2, 3, 4",G092342E28006N,28.015,92.343,5300,28.032,92.348,4880.0,Deposit,Moraine dammed,N,N,15_2,12,China,TAR,Subansiri,Unknown,Unknown,Unknown,,,,,,,,,,,,,,,,,,,,,,,,,,,,"(Carrivick and Tweed, 2016)","Carrivick, J.L., Tweed, F.S., 2016. A global assessment of the societal impacts of glacier outburst floods. Global and Planetary Change 144, 1–16. https://doi.org/10.1016/j.gloplacha.2016.07.001",,,2009.0,exact,2009-07-03,,False,,False,,False,,False,,,,False,,False,True,['Unknown'],1,['Unknown'],1
481,2009,2009,7.0,28.0,Kyagar,Kyagar,GL077181E35675N,"2, 3, 4",G077158E35562N,35.677371,77.190788,4880,37.982034,76.877846,1450.0,Observation,Ice dammed,N,Y,14_2,9,China,Xinjiang,Yarkant,Surging glacier,Unknown,Unknown,,18350000.0,1470.0,,,,,,,,,,,,,,,,,,,,,,,,,"(Hewitt and Liu, 2010; Round et al., 2017; Bazai et al., 2021)","Hewitt, K., Liu, J., 2010. Ice-Dammed Lakes and Outburst Floods, Karakoram Himalaya: Historical Perspectives on Emerging Threats. Physical Geography 31, 528–551. https://doi.org/10.2747/0272-3646.31.6.528; Round, V., Leinss, S., Huss, M., Haemmig, C., Hajnsek, I., 2017. Surge dynamics and lake outbursts of Kyagar Glacier, Karakoram. The Cryosphere 11, 723–739. https://doi.org/10.5194/tc-11-723-2017; Bazai, N.A., Cui, P., Carling, P.A., Wang, H., Hassan, J., Liu, D., Zhang, G., Jin, W., 2021. Increasing glacial lake outburst flood hazard in response to surge glaciers in the Karakoram. Earth-Science Reviews 212, 103432. https://doi.org/10.1016/j.earscirev.2020.103432",,Lake area increased between 06/10/2009 and 07/12/2009 and water discharged before 08/04/2009. By 07/28/2009 the peak lake volume before flood 18.35x106 m3 with a lake area 1.08km2. Peak discharge as Kaqun 1470 m3/s,2009.0,exact,2009-07-28,,False,,False,,False,,False,,,,False,,False,False,['Unknown'],1,['Unknown'],1
482,2009,2009,,,Merzbacher,Southern Inylshek,GL079841E42200N,2,G080193E42063N,42.196,79.847,3271,,,,,Ice dammed,N,Y,13_3,3,Kyrgyzstan,Issyk-Kul,Inylchek,Unknown,Unknown,Subglacial tunnel,,,,,,,,,,,,,,,,,,,,,,,,,,,,"(Shangguan et al., 2017)","Shangguan, D., Ding, Y., Liu, S., Xie, Z., Pieczonka, T., Xu, J., Moldobekov, B., 2017. Quick Release of Internal Water Storage in a Glacier Leads to Underestimation of the Hazard Potential of Glacial Lake Outburst Floods From Lake Merzbacher in Central Tian Shan Mountains. Geophysical Research Letters 44, 9786–9795. https://doi.org/10.1002/2017GL074443",,,2009.0,exact,,,False,,False,,False,,False,,,,False,,False,False,['Unknown'],1,['Subglacial tunnel'],1
483,2009,2009,7.0,29.0,Cuoga,Unnamed,GL094001E30829N,"2, 3, 4",G093984E30847N,30.83,94.0,4737,30.692,93.963,3990.0,Deposit,Moraine dammed,N,N,13_9,18,China,TAR,Yigong Zangbo,Unknown,Ice avalanche,Unknown,,,,,,2.0,,,,,,,,,,,,,,,,,"Destroyed 27kms of road, 6 bridges, 19 cars and motorcycles",,,,,"(Wang et al., 2012)","Wang, X., Liu, S., Ding, Y., Guo, W., Jiang, Z., Lin, J., Han, Y., 2012. An approach for estimating the breach probabilities of moraine-dammed lakes in the Chinese Himalayas using remote-sensing data. Natural Hazards and Earth System Sciences 12, 3109–3122",,,2009.0,exact,2009-07-29,,False,,False,,False,,False,,,,False,,False,True,['Ice avalanche'],1,['Unknown'],1
484,2010,2010,7.0,28.0,Bindo Gol,Bindo,Ephemeral,,G071865E36195N,36.174,71.898,4572,36.151,71.939,3263.0,Observation,Unknown,Y,Y,14_1,8,Pakistan,Khyber Pakhtunkhwa,Chitral,Unknown,Unknown,Unknown,,,,,,,,,,,,,,,,,,,,,,,"Communication links, Orchards and agricultural land",,,,,(This study),,https://unfccc.int/files/cooperation_and_support/financial_mechanism/standing_committee/application/pdf/s8.2_2_syed.pdf; https://reliefweb.int/report/pakistan/undp-inaugurates-project-protect-remote-communities-glacial-flooding; https://www.thethirdpole.net/en/climate/glacier-floods-cause-humanitarian-crisis-in-chitral/,,2010.0,exact,2010-07-28,,False,,False,+,True,,False,,,,False,,False,False,['Unknown'],1,['Unknown'],1
485,2010,2010,7.0,,Unknown,Booni Gol,No lake,,G072308E36180N,36.194,72.3,3514,36.268,72.238,1990.0,Observation,Water pocket,Y,N,14_1,8,Pakistan,Khyber Pakhtunkhwa,Chitral,Unknown,Unknown,Unknown,,,,,,1980.0,,,,2946.0,,,,,,,,,,,,,,,,,,(This study),,monitoring by AKAH; https://www.undp.org/pakistan/press-releases/government-pakistan-launches-us37-million-undp-supported-project-protect-some-30-million-people-dangerous-glacial-lake,,2010.0,exact,,,False,,False,1.6 million,False,,False,,,Thousands of acres of agricultural lands were damaged,False,,True,False,['Unknown'],1,['Unknown'],1
486,2010,2010,,,Unknown,Hundur,Ephemeral,,G073358E36561N,36.546,73.353,4000,36.515414,73.420923,2495.0,Observation,Supraglacial,N,N,14_2,9,Pakistan,Gilgit - Baltistan,Gilgit,Unknown,Unknown,Unknown,,,,,,,,,,,,,,,,,,,,,,,,,,,,(This study),,personal communication from local villagers,,2010.0,exact,,,False,,False,,False,,False,,,,False,,True,False,['Unknown'],1,['Unknown'],1
487,2010,2010,,,Unnamed,Hinarchi,Not mapped,,G074582E36116N,36.042964,74.570562,2637,36.013842,74.543607,2281.0,Observation,Supraglacial,N,Y,14_2,9,Pakistan,Gilgit - Baltistan,Gilgit,Unknown,Unknown,Unknown,,,,,,,,,,,,,,,,,,,,,,,,,,,,"(This study; Ashraf et al., 2015)","Ashraf, A., Naz, R., Mustafa, N., Iqbal, M.B., Ahmad, B., Jawad, A., Ahmad. I., 2015. Updating GLOF Lake Inventory of Northern Pakistan and Establishment of Community Based Early Warning System in Bagrot and Bondo Gol Valleys. Technical Report. Islamabad, Pakistan: Pakistan Agricultural Research Council (PARC).",,On 11th December 2012 a community exchange documented this event. Hinarchi Glacier burst resulting complete damage to natural forest and agriculture land of villages Bulchi and Chira.,2010.0,exact,,,False,,False,+,True,,False,,,+,True,,True,False,['Unknown'],1,['Unknown'],1
488,2010,2010,,,Unnamed,Dubani,Not mapped,,G074629E35951N,35.93,74.609,4121,,,,,Supraglacial,N,Y,14_2,9,Pakistan,Gilgit - Baltistan,Gilgit,Unknown,Unknown,Unknown,,,,,,,,,,,,,,,,,,,,,,,,,,,,"(This study; Ashraf et al., 2015)","Ashraf, A., Naz, R., Mustafa, N., Iqbal, M.B., Ahmad, B., Jawad, A., Ahmad. I., 2015. Updating GLOF Lake Inventory of Northern Pakistan and Establishment of Community Based Early Warning System in Bagrot and Bondo Gol Valleys. Technical Report. Islamabad, Pakistan: Pakistan Agricultural Research Council (PARC).",,On 11th December 2012 a community exchange documented this event. A huge damage occurred to natural forest as well as the settlements of village Taisote and Massingot.,2010.0,exact,,,False,,False,+,True,,False,,,+,True,,True,False,['Unknown'],1,['Unknown'],1
489,2010,2010,,,Unknown,Kuturgansuu,Ephemeral,,G074608E42515N,42.522,74.609,3470,42.535,74.658,2170.0,Deposit,Moraine dammed,N,Y,13_3,4,Kyrgyzstan,Chuy,Alamedin,Unknown,Unknown,Unknown,,,,,,,,,,,,,,,,,,,,,,,,,,,,"(Zaginaev et al., 2019)","Zaginaev, V., Petrakov, D., Erokhin, S., Meleshko, A., Stoffel, M., Ballesteros-Cánovas, J.A., 2019. Geomorphic control on regional glacier lake outburst flood and debris flow activity over northern Tien Shan. Global and Planetary Change 176, 50–59. https://doi.org/10.1016/j.gloplacha.2019.03.003",,,2010.0,exact,,,False,,False,,False,,False,,,,False,,True,False,['Unknown'],1,['Unknown'],1
490,2010,2010,,,Unknown,Unna,Not mapped,,G074654E36075N,36.039,74.633,3312,36.012126,74.541862,2276.0,Observation,Unknown,N,Y,14_2,9,Pakistan,Gilgit - Baltistan,Gilgit,Unknown,Unknown,Unknown,,,,,,,,,,,,,,,,,,,,,,,,,,,,"(This study; Ashraf et al., 2015)","Ashraf, A., Naz, R., Mustafa, N., Iqbal, M.B., Ahmad, B., Jawad, A., Ahmad. I., 2015. Updating GLOF Lake Inventory of Northern Pakistan and Establishment of Community Based Early Warning System in Bagrot and Bondo Gol Valleys. Technical Report. Islamabad, Pakistan: Pakistan Agricultural Research Council (PARC).",,"On 11th December 2012 a community exchange documented this event. Unna Glacial lake burst causing heavy flood in Boipher caused damage to natural forest and the settlements of Sat, Dar, Ghosonar, Chira and Bulchi villages.",2010.0,exact,,,False,,False,+,True,,False,,,+,True,,True,False,['Unknown'],1,['Unknown'],1
491,2010,2010,10.0,8.0,Chorog,Unnamed,GL078485E33033N,"2, 3, 4",G078471E33043N,33.033,78.484,5766,33.193,78.61,4151.0,Observation,Moraine dammed,Y,N,14_3,10,India,Jammu and Kashmir,Upper Indus,Unknown,High temperatures,Unknown,,,,,,,,,,,,,,,,,,,,,,,,,,,,"(Ikeda, Narama and Gyalson, 2016)","Ikeda, N., Narama, C., Gyalson, S., 2016. Knowledge Sharing for Disaster Risk Reduction: Insights from a Glacier Lake Workshop in the Ladakh Region, Indian Himalayas. mred 36, 31–40. https://doi.org/10.1659/MRD-JOURNAL-D-15-00035.1",https://ui.adsabs.harvard.edu/abs/2016EGUGA..1818019S/abstract; https://cdn.cseindia.org/userfiles/TM_Presentation.pdf,"No details given, GLOF traceable from satellite imagery",2010.0,exact,2010-10-08,,False,,False,,False,,False,,,,False,,False,True,['High temperatures'],1,['Unknown'],1
492,2010,2010,,,Merzbacher,Southern Inylshek,GL079841E42200N,2,G080193E42063N,42.196,79.847,3271,,,,,Ice dammed,N,Y,13_3,3,Kyrgyzstan,Issyk-Kul,Inylchek,Unknown,Unknown,Subglacial tunnel,,,,,,,,,,,,,,,,,,,,,,,,,,,,"(Shangguan et al., 2017)","Shangguan, D., Ding, Y., Liu, S., Xie, Z., Pieczonka, T., Xu, J., Moldobekov, B., 2017. Quick Release of Internal Water Storage in a Glacier Leads to Underestimation of the Hazard Potential of Glacial Lake Outburst Floods From Lake Merzbacher in Central Tian Shan Mountains. Geophysical Research Letters 44, 9786–9795. https://doi.org/10.1002/2017GL074443",,,2010.0,exact,,,False,,False,,False,,False,,,,False,,False,False,['Unknown'],1,['Subglacial tunnel'],1
493,2010,2010,,,Geiqu,Unnamed,GL087985E27952N,"2, 3, 4",G087969E27938N,27.951215,87.98544,5492,28.002,87.952,4845.0,Observation,Moraine dammed,Y,N,15_2,11,China,TAR,Pumqu,Unknown,Intense rainfall,Unknown,,,,,,,,,,,,,,,,,,,,,,,Roads and a bridge were damaged,,,,,"(Yao et al., 2014; Nie et al., 2018; Veh et al., 2019)","Yao, X.J., Liu, S.Y., Sun, M.P., Zhang, X.J., 2014. Study on the glacial lake outburst flood events in Tibet since the 20th century. Journal of Natural Resources 29(8), 1377–1390. http://www.jnr.ac.cn/EN/10.11849/zrzyxb.2014.08.010; Nie, Y., Liu, Q., Wang, J., Zhang, Y., Sheng, Y., Liu, S., 2018. An inventory of historical glacial lake outburst floods in the Himalayas based on remote sensing observations and geomorphological analysis. Geomorphology 308, 91–106. https://doi.org/10.1016/j.geomorph.2018.02.002; Veh, G., Korup, O., von Specht, S., Roessner, S., Walz, A., 2019. Unchanged frequency of moraine-dammed glacial lake outburst floods in the Himalaya. Nature Climate Change 9, 379–383. https://doi.org/10.1038/s41558-019-0437-5",,"GLOF was reported by Yao et al., 2014 based on the field surveys done in 2009 and 2011. Outburst occurred between 24 June and 28 July 2010 using Huanjing 1A?B imagery",2010.0,exact,,,False,,False,,False,,False,,,,False,,False,True,['Intense rainfall'],1,['Unknown'],1
494,2011,2011,6.0,24.0,Unnamed,Central Rimo,GL077605E35421N,"2, 3",G077428E35296N,35.418,77.606,5100,,,,,Ice dammed,Y,Y,14_2,9,India,Jammu and Kashmir,Shyok,Surging glacier,Unknown,Unknown,,46600000.0,,,,,,,,,,,,,,,,,,,,,,,,,,"(Bazai et al., 2021)","Bazai, N.A., Cui, P., Carling, P.A., Wang, H., Hassan, J., Liu, D., Zhang, G., Jin, W., 2021. Increasing glacial lake outburst flood hazard in response to surge glaciers in the Karakoram. Earth-Science Reviews 212, 103432. https://doi.org/10.1016/j.earscirev.2020.103432",,"Self-dumping lake filled and drained without any major destruction downstream without any visible glacier surface movement, with a maximum and peak volume before flood 46.6x106 m3 with a lake area 0.987km2",2011.0,exact,2011-06-24,,False,,False,,False,,False,,,,False,,True,False,['Unknown'],1,['Unknown'],1
495,2011,2011,,,Merzbacher,Southern Inylshek,GL079841E42200N,2,G080193E42063N,42.196,79.847,3271,,,,,Ice dammed,N,Y,13_3,3,Kyrgyzstan,Issyk-Kul,Inylchek,Unknown,Unknown,Subglacial tunnel,,,,,,,,,,,,,,,,,,,,,,,,,,,,"(Shangguan et al., 2017)","Shangguan, D., Ding, Y., Liu, S., Xie, Z., Pieczonka, T., Xu, J., Moldobekov, B., 2017. Quick Release of Internal Water Storage in a Glacier Leads to Underestimation of the Hazard Potential of Glacial Lake Outburst Floods From Lake Merzbacher in Central Tian Shan Mountains. Geophysical Research Letters 44, 9786–9795. https://doi.org/10.1002/2017GL074443",,,2011.0,exact,,,False,,False,,False,,False,,,,False,,False,False,['Unknown'],1,['Subglacial tunnel'],1
496,2011,2011,6.0,30.0,Unknown,Halji,Ephemeral,,G081470E30264N,30.27,81.475,5347,30.219,81.514,3706.0,Observation,Supraglacial,Y,Y,15_1,11,Nepal,Karnali,Humla,Unknown,Unknown,Unknown,,,,,,,,,,,,,,,,,,,,,,,,,,,,"(Kropacek et al., 2015)","Kropácek, J., Neckel, N., Tyrna, B., Holzer, N., Hovden, A., Gourmelen, N., Schneider, C., Buchroithner, M., Hochschild, V., 2015. Repeated glacial lake outburst flood threatening the oldest Buddhist monastery in north-western Nepal. Natural Hazards and Earth System Sciences 15, 2425–2437. https://doi.org/10.5194/nhess-15-2425-2015",,,2011.0,exact,2011-06-30,,False,,False,,False,,False,,,,False,,True,False,['Unknown'],1,['Unknown'],1
497,2012,2012,7.0,8.0,Sosot,Sosot,GL073196E36026N,"2, 3, 4",G073197E36026N,36.027,73.196,4485,36.163,73.134,2474.0,Observation,Moraine dammed,N,Y,14_1,8,Pakistan,Gilgit - Baltistan,Gilgit,Unknown,Unknown,Unknown,,,,,,,,,,,,,,,,,,,,,,,,,,,,"(Din et al., 2014)","Din, K., Tariq, S., Mahmood, A., Rasul, G., 2014. Temperature and Precipitation: GLOF Triggering Indicators in Gilgit-Baltistan, Pakistan. Pakistan Journal of Meteorology 10, 20.",,,2012.0,exact,2012-07-08,,False,,False,,False,,False,,,,False,,False,False,['Unknown'],1,['Unknown'],1
498,2012,2012,7.0,31.0,Unnamed,Teztor,Not mapped,,G074417E42535N,42.5366,74.4273,3606,42.58,74.481,2015.0,Deposit,Moraine dammed,N,Y,13_3,4,Kyrgyzstan,Chuy,Sokuluk,Unknown,High temperatures,Unknown,,,,,,,,,,,,,,,,,,,,,,,,,,100000.0,,"(Petrakov et al., 2020)","Petrakov, D.A., Chernomorets, S.S., Viskhadzhieva, K.S., Dokukin, M.D., Savernyuk, E.A., Petrov, M.A., Erokhin, S.A., Tutubalina, O.V., Glazyrin, G.E., Shpuntova, A.M., Stoffel, M., 2020. Putting the poorly documented 1998 GLOF disaster in Shakhimardan River valley (Alay Range, Kyrgyzstan/Uzbekistan) into perspective. Science of The Total Environment 724, 138287. https://doi.org/10.1016/j.scitotenv.2020.138287",,,2012.0,exact,2012-07-31,,False,,False,,False,,False,,,,False,,True,False,['High temperatures'],1,['Unknown'],1
499,2012,2012,,,Merzbacher,Southern Inylshek,GL079841E42200N,2,G080193E42063N,42.196,79.847,3271,,,,,Ice dammed,N,Y,13_3,3,Kyrgyzstan,Issyk-Kul,Inylchek,Unknown,Unknown,Subglacial tunnel,,,,,,,,,,,,,,,,,,,,,,,,,,,,"(Shangguan et al., 2017)","Shangguan, D., Ding, Y., Liu, S., Xie, Z., Pieczonka, T., Xu, J., Moldobekov, B., 2017. Quick Release of Internal Water Storage in a Glacier Leads to Underestimation of the Hazard Potential of Glacial Lake Outburst Floods From Lake Merzbacher in Central Tian Shan Mountains. Geophysical Research Letters 44, 9786–9795. https://doi.org/10.1002/2017GL074443",,,2012.0,exact,,,False,,False,,False,,False,,,,False,,False,False,['Unknown'],1,['Subglacial tunnel'],1
500,2013,2013,5.0,13.0,Unnamed,Central Rimo,GL077605E35421N,"2, 3",G077428E35296N,35.418,77.606,5100,,,,,Ice dammed,Y,Y,14_2,9,India,Jammu and Kashmir,Shyok,Surging glacier,Unknown,Unknown,,19600000.0,,,,,,,,,,,,,,,,,,,,,,,,,,"(Bazai et al., 2021)","Bazai, N.A., Cui, P., Carling, P.A., Wang, H., Hassan, J., Liu, D., Zhang, G., Jin, W., 2021. Increasing glacial lake outburst flood hazard in response to surge glaciers in the Karakoram. Earth-Science Reviews 212, 103432. https://doi.org/10.1016/j.earscirev.2020.103432",,The lake stayed longer than previous lakes but outburst with sudden drainage. Peak volume before flood 19.6x106 m3 with a lake area 0.846km2,2013.0,exact,2013-05-13,,False,,False,,False,,False,,,,False,,True,False,['Unknown'],1,['Unknown'],1
501,2013,2013,6.0,17.0,Chorabari,Chorabari,No lake,,G079046E30771N,30.747,79.064,3841,30.732,79.066,3520.0,Observation,Moraine dammed,N,N,15_1,11,India,Uttarakhand,Mandakini,Glacier melt,Intense rainfall,Moraine collapse,,262000000.0,,,300 m,6000.0,,,,,,,,,,,,,138.0,,56.0,,North-western section of the hamlet was on the direct path of the debris flow and took most of the brunt,,,5100000000.0,,"(Allen et al., 2016)","Allen, S.K., Rastner, P., Arora, M., Huggel, C., Stoffel, M., 2016. Lake outburst and debris flow disaster at Kedarnath, June 2013: hydrometeorological triggering and topographic predisposition. Landslides 13, 1479–1491. https://doi.org/10.1007/s10346-015-0584-3","Due to heavy rainfall and cloudburst, right lateral Moraine dammed lake: collapsed barrier's proximal location to the snout of the glacier; lake was completely drained within 5-10 mins; 138 houses destroyed, 56 were partly damaged. 3 towns: Gaurikund, Rambara and Kedarnath were completely washed away. Roads and footpath between Gaurikund and Kedarnath damaged",,2013.0,exact,2013-06-17,,False,,False,,False,,False,,,,False,,False,False,['Intense rainfall'],1,['Moraine collapse'],1
502,2013,2013,7.0,5.0,Ranzeria Co,Unnamed,GL093533E30470N,"2, 3, 4",G093537E30487N,30.469308,93.53215,5020,30.424,93.505,4498.0,Deposit,Moraine dammed,N,N,13_9,18,China,TAR,Yigong Zangbo,Unknown,Unknown,Unknown,,,,,,,,,,,,,,,,,,,,,,,Damaged concrete bridge,,,40000000.0,,"(Veh et al., 2019)","Veh, G., Korup, O., von Specht, S., Roessner, S., Walz, A., 2019. Unchanged frequency of moraine-dammed glacial lake outburst floods in the Himalaya. Nature Climate Change 9, 379–383. https://doi.org/10.1038/s41558-019-0437-5",,,2013.0,exact,2013-07-05,+,True,+,True,,False,,False,,,,False,,False,True,['Unknown'],1,['Unknown'],1
503,2013,2013,7.0,,Koltor,Unnamed,GL076741E42785N,"2, 3",G076732E42779N,42.77880853,76.73235597,3700,,,,,Moraine dammed,N,N,13_3,4,Kyrgyzstan,Chuy,Kemin,Unknown,Unknown,Unknown,,,,,,,,,,,,,,,,,,,,,,,,,,,,(This study),,https://www.debrisflow.ru/en/selevye-yavleniya-yugo-vostochnogo-kazakhstana/,,2013.0,exact,,,False,,False,,False,,False,,,,False,,False,True,['Unknown'],1,['Unknown'],1
504,2013,2013,8.0,15.0,Jeruy,Not mapped,Not mapped,,G076812E41986N,41.9871,76.8145,3815,42.079135,76.863884,1973.0,Observation,Moraine dammed,N,N,13_3,4,Kyrgyzstan,Issyk-Kul,Tong,Unknown,Unknown,Subglacial tunnel,,182000.0,,,,,,,,,,,,,,,,,,,,,,,,,,"(Narama et al., 2010)","Narama, C., Duishonakunov, M., Kääb, A., Daiyrov, M., Abdrakhmatov, K., 2010. The 24 July 2008 outburst flood at the western Zyndan glacier lake and recent regional changes in glacier lakes of the Teskey Ala-Too range, Tien Shan, Kyrgyzstan. Natural Hazards and Earth System Sciences 10, 647–659. https://doi.org/10.5194/nhess-10-647-2010",,"Bridge collapse and damaged an irrigation channel, a road, many tombs, an agriculture field, and a property fence",2013.0,exact,2013-08-15,,False,,False,,False,,False,,,,False,,False,False,['Unknown'],1,['Subglacial tunnel'],1
505,2013,2013,9.0,9.0,Gandukh,Gandukh,GL071128E36474N,"2, 3, 4",G071128E36474N,36.474746,71.128953,4593,36.428243,71.293178,2800.0,Observation,Moraine dammed,Y,N,14_1,8,Afghanistan,Badakhshan,Kokcha,Glacier melt,Water level rise,Moraine collapse,250000.0,4000000.0,,,,5.0,,,,,,,,,,,,,,,35.0,,Farmland destroyed,,,,,(This study),,monitoring by AKAH,,2013.0,exact,2013-09-09,,False,,False,,False,,False,,,,False,,False,False,['Water level rise'],1,['Moraine collapse'],1
506,2014,2014,4.0,,Unknown,Gargoh,Ephemeral,,G074653E35983N,35.997077,74.665676,3887,,,,,Supraglacial,N,Y,14_2,9,Pakistan,Gilgit - Baltistan,Gilgit,Unknown,Unknown,Unknown,,,,,,,,,,,,,,,,,,,,,,,,,,,,(This study),,https://www.reuters.com/article/pakistan-glaciers-floods-idUSL8N14G0IB20151227; https://globalcryospherewatch.org/meetings/salekhard2016/presentations/3.1.3.j-K.Uddin-Pakistan%20cryospheric%20activities.pdf,,2014.0,exact,,,False,,False,+,True,,False,,,+,True,,True,False,['Unknown'],1,['Unknown'],1
507,2014,2014,6.0,,Unknown,Nalongzangbu Tributary,Ephemeral,,G094921E30570N,30.530106,94.944612,3870,30.504907,94.94174,3460.0,Deposit,Moraine dammed,N,N,13_9,18,China,TAR,Yigong Zangbo,Unknown,Ice avalanche,Unknown,,,,,,,,,,,,,,,,,,,,,,,"2 electric poles, 2 small wooden bridges and 550 m of country roads were washed away",27000.0,,,,(Liu et al. 2019),"Liu, J., Zhang, J., Bo, G., 2019. An overview of glacial lake outburst floods in Tibet, China. Journal of Glaciology and Geocryology 41. http://www.bcdt.ac.cn/EN/10.7522/j.issn.1000-0240.2019.0073",,,2014.0,exact,,,False,,False,,False,,False,,,,False,,True,False,['Ice avalanche'],1,['Unknown'],1
508,2014,2014,7.0,10.0,Unnamed,Central Rimo,GL077605E35421N,"2, 3",G077428E35296N,35.418,77.606,5100,,,,,Ice dammed,Y,Y,14_2,9,India,Jammu and Kashmir,Shyok,Surging glacier,Unknown,Unknown,,26300000.0,,,,,,,,,,,,,,,,,,,,,,,,,,"(Bazai et al., 2021)","Bazai, N.A., Cui, P., Carling, P.A., Wang, H., Hassan, J., Liu, D., Zhang, G., Jin, W., 2021. Increasing glacial lake outburst flood hazard in response to surge glaciers in the Karakoram. Earth-Science Reviews 212, 103432. https://doi.org/10.1016/j.earscirev.2020.103432",,The lake reformed with the movement of glacier during the winter season with a maximum volume before flood 26.3x106 m3 with a lake area 0.791km2,2014.0,exact,2014-07-10,,False,,False,,False,,False,,,,False,,True,False,['Unknown'],1,['Unknown'],1
509,2014,2014,7.0,17.0,Karateke,Solnechnyi,GL076820E41978N,"2, 4",G076812E41971N,41.978,76.821,3758,42.034302,76.892969,2289.0,Deposit,Moraine dammed,N,N,13_3,4,Kyrgyzstan,Issyk-Kul,Tong,Unknown,Unknown,Unknown,,123000.0,,,,,,,,,,,,,,,,,,,,,"Damaged several houses, the road and the electric power line",,,,,"(Medeu et al., 2016)","Medeu, A.R., Baimoldaev, T.A. and Kirenskaya, T.L., 2016. Debris Flow Phenomena of Southeastern Kazakhstan: Anthology of Debris Flow Phenomena and Their Investigations. Almaty: Gylym.",,,2014.0,exact,2014-07-17,,False,,False,,False,,False,,,,False,,False,False,['Unknown'],1,['Unknown'],1
510,2014,2014,7.0,17.0,Lake number 6,Glacier No 182/Bezymyannyi/TEU-Severny,Ephemeral,,G077275E43137N,43.144,77.277,3380,,,,,Supraglacial,N,Y,13_3,4,Kazakhstan,Almaty,Ily-Balkhash-Alakol,Unknown,Unknown,Unknown,,,300.0,,,,,,,,,,,,,,,,,,,,"The tractor road along the riverbed was destroyed, the section of the road leading to the Sputnik pioneer camp was damaged. The gauging station of Kazhydromet is destroyed. No victims",,,,,"(Medeu et al., 2020)","Medeu A.P., Blagovechshenskiy V.P., Kasatkin N.E., Kapitsa V.P., Kasenov M.K., Raymbekova Z.T., 2020. Glacial debris flows in Zailiysky Alatau over the past 120 years. Ice and Snow. 2020;60(2):213-224. https://doi.org/10.31857/S2076673420020035",,,2014.0,exact,2014-07-17,,False,,False,,False,,False,,,,False,,False,False,['Unknown'],1,['Unknown'],1
511,2014,2014,7.0,17.0,Lake number 8,Unnamed,Ephemeral,,G077275E43137N,43.143,77.276,3385,43.237,77.259,1412.0,Deposit,Supraglacial,N,Y,13_3,4,Kazakhstan,Almaty,Ily-Balkhash-Alakol,Unknown,Unknown,Subglacial tunnel,,35000.0,20.0,80.0,,,,,,,,,,,,,,,,,,,,,,,,(Medeu et al. 2022),"Medeu, A.R., Popov, N.V., Blagovechshenskiy, V.P., Askarova, M.A., Medeu, A.A., Ranova, S.U., Kamalbekova, A., Bolch, T., 2022. Moraine-dammed glacial lakes and threat of glacial debris flows in South-East Kazakhstan. Earth-Science Reviews 103999. https://doi.org/10.1016/j.earscirev.2022.103999",,,2014.0,exact,2014-07-17,,False,,False,,False,,False,,,,False,,False,True,['Unknown'],1,['Subglacial tunnel'],1
512,2014,2014,8.0,6.0,Gya,Unnamed,Not mapped,,G077611E33611N,33.620431,77.613127,5411,33.653,77.739,4075.0,Observation,Moraine dammed,Y,N,14_3,10,India,Jammu and Kashmir,Upper Indus,Unknown,Unknown,Ice core thawing,110000.0,600000.0,32.0,,,,,,,,,,,,,,,,,,,,"Bridge, irrigation canal, two watermills and 2 houses were damaged",4000.0,,,,"(Schmidt et al., 2020)","Schmidt, S., Nüsser, M., Baghel, R., Dame, J., 2020. Cryosphere hazards in Ladakh: the 2014 Gya glacial lake outburst flood and its implications for risk assessment. Nat Hazards 104, 2071–2095. https://doi.org/10.1007/s11069-020-04262-8",https://www.thehindu.com/sci-tech/science/lessons-from-ladakhs-glacial-lake-outburst/article33048752.ece,,2014.0,exact,2014-08-06,,False,,False,,False,,False,,,,False,,False,True,['Unknown'],1,['Ice core thawing'],1
513,2015,2015,4.0,25.0,Dig Tsho,Langmoche,GL086586E27874N,2,G086569E27865N,27.874,86.594,4387,,,,,Moraine dammed,Y,Y,15_2,11,Nepal,Koshi,Dudh Koshi,Unknown,Ice avalanche,Unknown,,,,,,,,,,,,,,,,,,,,,,,Several bridges,,,,,"(Byers et al., 2022)","Byers, A.C., Shugar, D.H., Chand, M.B., Portocarrero, C., Shrestha, M., Rounce, D.R., Watanabe, T., 2022. Three Recent and Lesser-Known Glacier-Related Flood Mechanisms in High Mountain Environments. mred 42, A12–A22. https://doi.org/10.1659/MRD-JOURNAL-D-21-00045.1",,,2015.0,exact,2015-04-25,,False,,False,,False,,False,,,,False,,False,False,['Ice avalanche'],1,['Unknown'],1
514,2015,2015,5.0,,Unnamed,Unnamed,Not mapped,3,G086920E27761N,27.75944444,86.92222222,5306,27.752691,86.936478,4724.0,Deposit,Moraine dammed,N,N,15_2,11,Nepal,Koshi,Dudh Koshi,Unknown,Unknown,Unknown,,,,,,,,,,,,,,,,,,,,,,,,,,,"LC08_L1TP_140041_20150509_20200909_02_T1, LC08_L1TP_140041_20150525_20200909_02_T1 and LC08_L1TP_140041_20150407_20200909_02_T1",(This study),,,,2015.0,exact,,,False,,False,,False,,False,,,,False,,True,True,['Unknown'],1,['Unknown'],1
515,2015,2015,5.0,25.0,Unknown,Lhotse,Ephemeral,,G086915E27923N,27.906,86.891,4978,27.90054,86.86313,4630.0,Observation,Supraglacial,Y,Y,15_2,11,Nepal,Koshi,Dudh Koshi,Unknown,Unknown,Supraglacial lake drainage,,345000.0,210.0,,,,,,,,,,,,,,,,,,,,"Loss of a pedestrian bridge, an outbuilding, and small amounts of floodwater in the courtyard of one lodge.",,,,,"(Rounce et al., 2017)","Round, V., Leinss, S., Huss, M., Haemmig, C., Hajnsek, I., 2017. Surge dynamics and lake outbursts of Kyagar Glacier, Karakoram. The Cryosphere 11, 723–739. https://doi.org/10.5194/tc-11-723-2017",,"3 landslide-like features began flowing down a south-facing slope, followed by large discharge water from three englacial conduits and one supraglacial stream",2015.0,exact,2015-05-25,,False,,False,,False,,False,,,,False,,True,False,['Unknown'],1,['Supraglacial lake drainage'],1
516,2015,2015,7.0,,Unknown,Unnamed,No lake,,G071819E36230N,36.22,71.775,4068,36.192,71.672,2530.0,Observation,Water pocket,Y,N,14_1,8,Pakistan,Khyber Pakhtunkhwa,Chitral,Unknown,Unknown,Unknown,,,,,,,,,,,,,,,,,,,,,,,,,,,,(This study),,monitoring by AKAH,,2015.0,exact,,,False,,False,,False,,False,,,,False,,True,True,['Unknown'],1,['Unknown'],1
517,2015,2015,7.0,,Bindo Gol,Bindo,Ephemeral,,G071865E36195N,36.174,71.898,4572,36.151,71.939,3263.0,Observation,Unknown,Y,Y,14_1,8,Pakistan,Khyber Pakhtunkhwa,Chitral,Unknown,Intense rainfall; high temperatures,Unknown,,,,,,3.0,,,,,,,,,,,,,,,,,"Road , Power station, irrigation, water system",,,,,(This study),,https://www.thethirdpole.net/en/climate/glacier-floods-cause-humanitarian-crisis-in-chitral/; https://www.chitraltoday.net/2015/07/bindu-gol-flooding-glof-project-interventions-minimized-losses/,,2015.0,exact,,,False,,False,+,True,,False,,,,False,,False,False,"['Intense rainfall', 'High temperatures']",2,['Unknown'],1
518,2015,2015,7.0,3.0,Tulaco,Unnamed,Ephemeral,,G094248E30745N,30.736667,94.253056,5040,30.707339,94.261859,3970.0,Observation,Supraglacial,N,N,13_9,18,China,TAR,Yigong Zangbo,Unknown,Unknown,Dam piping,,,,,,,,,,,,,,,,,,,2.0,,,,"21 farming machines were damaged, and arable land and seedlings were washed away.",,,,,(Liu et al. 2019),"Liu, J., Zhang, J., Bo, G., 2019. An overview of glacial lake outburst floods in Tibet, China. Journal of Glaciology and Geocryology 41. http://www.bcdt.ac.cn/EN/10.7522/j.issn.1000-0240.2019.0073",,,2015.0,exact,2015-07-03,,False,,False,,False,,False,,,,False,,False,True,['Unknown'],1,['Dam piping'],1
519,2015,2015,7.0,15.0,Kyagar,Kyagar,GL077181E35675N,"2, 3, 4",G077158E35562N,35.677371,77.190788,4880,37.982034,76.877846,1450.0,Observation,Ice dammed,N,Y,14_2,9,China,Xinjiang,Yarkant,Surging glacier,Unknown,Unknown,,51100000.0,,,,,,,,,,,,,,,,,,,,,,,,,,"(Round et al., 2017; Bazai et al., 2021)","Round, V., Leinss, S., Huss, M., Haemmig, C., Hajnsek, I., 2017. Surge dynamics and lake outbursts of Kyagar Glacier, Karakoram. The Cryosphere 11, 723–739. https://doi.org/10.5194/tc-11-723-2017; Bazai, N.A., Cui, P., Carling, P.A., Wang, H., Hassan, J., Liu, D., Zhang, G., Jin, W., 2021. Increasing glacial lake outburst flood hazard in response to surge glaciers in the Karakoram. Earth-Science Reviews 212, 103432. https://doi.org/10.1016/j.earscirev.2020.103432",,Lake developed in winter 2014 and expanded to 07/04/2015. By 07/04/2015 the peak lake volume before flood 9.83x106 m3 with a lake area 0.65km2. By 07/15/2015 the outburst flood volume reached 51.1 9.83x106 m3 (Round et al. 2017). The lake reformed during winter 2015,2015.0,exact,2015-07-15,,False,,False,,False,,False,,,,False,,False,False,['Unknown'],1,['Unknown'],1
520,2015,2015,7.0,23.0,Unnamed,Aksay,Not mapped,,G074556E42520N,42.528,74.5405,3637,42.552627,74.483331,2255.0,Deposit,Moraine dammed,N,Y,13_3,4,Kyrgyzstan,Chuy,Ala Archa,Unknown,Unknown,Unknown,4400.0,,,,,,,,,,,,,,,,,,,,,,,,,,,"(Zaginaev et al., 2016)","Zaginaev, V., Ballesteros-Cánovas, J.A., Erokhin, S., Matov, E., Petrakov, D., Stoffel, M., 2016. Reconstruction of glacial lake outburst floods in northern Tien Shan: Implications for hazard assessment. Geomorphology 269, 75–84. https://doi.org/10.1016/j.geomorph.2016.06.028",,,2015.0,exact,2015-07-23,,False,,False,,False,,False,,,,False,,True,False,['Unknown'],1,['Unknown'],1
521,2015,2015,7.0,,Unknown,Gargoh,Ephemeral,,G074653E35983N,35.997077,74.665676,3887,,,,,Supraglacial,N,Y,14_2,9,Pakistan,Gilgit - Baltistan,Gilgit,Unknown,Unknown,Unknown,,,,,,,,,,,,,,,,,,,,,,,,,,,,(This study),,https://www.reuters.com/article/pakistan-glaciers-floods-idUSL8N14G0IB20151227; https://globalcryospherewatch.org/meetings/salekhard2016/presentations/3.1.3.j-K.Uddin-Pakistan%20cryospheric%20activities.pdf,,2015.0,exact,,,False,,False,+,True,,False,,,+,True,,True,False,['Unknown'],1,['Unknown'],1
522,2015,2015,7.0,23.0,Lake number 1,Kargalinka,Not mapped,,G076853E42998N,43.0067,76.8477,3523,43.137,76.865,1350.0,Deposit,Supraglacial,N,Y,13_3,4,Kazakhstan,Almaty,Ily-Balkhash-Alakol,Unknown,High temperatures,Subglacial tunnel,40000.0,325000.0,5.0,25.0,,,,,,76.0,,,,1000.0,,,,,,,127.0,,,,,,,"(This study; Medeu et al., 2022)","Medeu, A.R., Popov, N.V., Blagovechshenskiy, V.P., Askarova, M.A., Medeu, A.A., Ranova, S.U., Kamalbekova, A., Bolch, T., 2022. Moraine-dammed glacial lakes and threat of glacial debris flows in South-East Kazakhstan. Earth-Science Reviews 103999. https://doi.org/10.1016/j.earscirev.2022.103999",https://earthobservatory.nasa.gov/images/86300/glacier-lake-outburst-flood-near-almaty,,2015.0,exact,2015-07-23,,False,,False,,False,,False,,,,False,,False,False,['High temperatures'],1,['Subglacial tunnel'],1
523,2015,2015,,,Merzbacher,Southern Inylshek,GL079841E42200N,2,G080193E42063N,42.196,79.847,3271,,,,,Ice dammed,N,Y,13_3,3,Kyrgyzstan,Issyk-Kul,Inylchek,Unknown,Unknown,Subglacial tunnel,,,,,,,,,,,,,,,,,,,,,,,,,,,,"(Shangguan et al., 2017; Kingslake and Ng, 2013)","Shangguan, D., Ding, Y., Liu, S., Xie, Z., Pieczonka, T., Xu, J., Moldobekov, B., 2017. Quick Release of Internal Water Storage in a Glacier Leads to Underestimation of the Hazard Potential of Glacial Lake Outburst Floods From Lake Merzbacher in Central Tian Shan Mountains. Geophysical Research Letters 44, 9786–9795. https://doi.org/10.1002/2017GL074443; Kingslake, J., Ng, F., 2013. Quantifying the predictability of the timing of jökulhlaups from Merzbacher Lake, Kyrgyzstan. Journal of Glaciology 59, 805–818. https://doi.org/10.3189/2013JoG12J156",,,2015.0,exact,,,False,,False,,False,,False,,,,False,,False,False,['Unknown'],1,['Subglacial tunnel'],1
524,2015,2015,,,Jin Co/Yindapu Co,Unnamed,GL087909E27951N,"2, 3, 4",G087888E27924N,27.951,87.908,5172,27.988,87.951,4886.0,Deposit,Moraine dammed,Y,Y,15_2,11,China,TAR,Pumqu,Unknown,Unknown,Unknown,,,,,,,,,,,,,,,,,,,,,,,,,,,,"(Veh et al., 2019)","Veh, G., Korup, O., von Specht, S., Roessner, S., Walz, A., 2019. Unchanged frequency of moraine-dammed glacial lake outburst floods in the Himalaya. Nature Climate Change 9, 379–383. https://doi.org/10.1038/s41558-019-0437-5",,GLOF predicted between 2015-10-09 and 2015-10-25 based on satellite image,2015.0,exact,,,False,,False,,False,,False,,,,False,,False,True,['Unknown'],1,['Unknown'],1
525,2015,2015,7.0,28.0,Lemthang Tsho,Unnamed,GL089581E28069N,"2, 3, 4",G089558E28088N,28.069,89.58,4263,28.004,89.735,3265.0,Deposit,Supraglacial,Y,N,15_2,12,Bhutan,Punakha,Mo Chhu,Unknown,Intense rainfall,Unknown,,370000.0,1562.0,,30 km from the source,,,,,,,,,,,,,4.0,,,,,4 bridges washed away,4050.0,,14600.0,,"(Gurung et al., 2017)","Gurung, D.R., Khanal, N.R., Bajracharya, S.R., Tsering, K., Joshi, S., Tshering, P., Chhetri, L.K., Lotay, Y., Penjor, T., 2017. Lemthang Tsho glacial Lake outburst flood (GLOF) in Bhutan: cause and impact. Geoenvironmental Disasters 4, 17. https://doi.org/10.1186/s40677-017-0080-2",,,2015.0,exact,2015-07-28,,False,,False,,False,washed away 148 pieces of timber,False,,,,False,,False,True,['Intense rainfall'],1,['Unknown'],1
526,2015,2015,7.0,,Kurumdy,Unnamed,Ephemeral,,G077220E41948N,41.965201,77.213904,3688,,,,,Moraine dammed,N,N,13_3,4,Kyrgyzstan,Issyk-Kul,Tong,Unknown,Unknown,Unknown,,,,,,,,,,,,,,,,,,,,,,,,,,,,(This study),,https://www.debrisflow.ru/en/selevye-yavleniya-yugo-vostochnogo-kazakhstana/,,2015.0,exact,,,False,,False,,False,,False,,,,False,,False,True,['Unknown'],1,['Unknown'],1
527,2016,2016,6.0,12.0,Unknown,Lhotse,Ephemeral,,G086915E27923N,27.906,86.891,4978,27.90054,86.86313,4630.0,Observation,Supraglacial,Y,Y,15_2,11,Nepal,Koshi,Dudh Koshi,Unknown,Unknown,Supraglacial lake drainage,,,,,,,,,,,,,,,,,,,,,,,,,,,,"(Rounce et al., 2017)","Round, V., Leinss, S., Huss, M., Haemmig, C., Hajnsek, I., 2017. Surge dynamics and lake outbursts of Kyagar Glacier, Karakoram. The Cryosphere 11, 723–739. https://doi.org/10.5194/tc-11-723-2017",,,2016.0,exact,2016-06-12,,False,,False,,False,,False,,,,False,,True,False,['Unknown'],1,['Supraglacial lake drainage'],1
528,2016,2016,7.0,5.0,Gongbatongsha Co,Unnamed,GL086064E28078N,2,G086080E28080N,28.078,86.064,4624,27.91265,85.9234,1340.0,Observation,Moraine dammed,Y,N,15_2,11,China,TAR,Poiqu,Unknown,Intense rainfall,Unknown,17000.0,110000.0,,,,,,,,,,,,,,,,,,,77.0,,"Hydropower, 3 bridges",,45.0,70000000.0,,"(Cook et al., 2018; Miaomiao, Liu and Gao, 2021; Zhang et al., 2021)","Cook, K.L., Andermann, C., Gimbert, F., Adhikari, B.R., Hovius, N., 2018. Glacial lake outburst floods as drivers of fluvial erosion in the Himalaya. Science 362, 53–57. https://doi.org/10.1126/science.aat4981; Miaomiao, Q., Liu, S., Gao, Y., 2021. Zhangmu and Gyirong ports under the threat of glacial lake outburst flood. Sciences in Cold and Arid Regions 12, 461–476; Zhang, T., Wang, W., Gao, T., An, B., 2021. Simulation and Assessment of Future Glacial Lake Outburst Floods in the Poiqu River Basin, Central Himalayas. Water 13(10), 1376. https://doi.org/10.3390/w13101376",,,2016.0,exact,2016-07-05,,False,,False,,False,,False,,,,False,,False,True,['Intense rainfall'],1,['Unknown'],1
529,2016,2016,7.0,17.0,Kyagar,Kyagar,GL077181E35675N,"2, 3, 4",G077158E35562N,35.677371,77.190788,4880,37.982034,76.877846,1450.0,Observation,Ice dammed,N,Y,14_2,9,China,Xinjiang,Yarkant,Surging glacier,Unknown,Unknown,,42300000.0,,,,,,,,,,,,,,,,,,,,,,,,,,"(Round et al., 2017; Bazai et al., 2021)","Round, V., Leinss, S., Huss, M., Haemmig, C., Hajnsek, I., 2017. Surge dynamics and lake outbursts of Kyagar Glacier, Karakoram. The Cryosphere 11, 723–739. https://doi.org/10.5194/tc-11-723-2017; Bazai, N.A., Cui, P., Carling, P.A., Wang, H., Hassan, J., Liu, D., Zhang, G., Jin, W., 2021. Increasing glacial lake outburst flood hazard in response to surge glaciers in the Karakoram. Earth-Science Reviews 212, 103432. https://doi.org/10.1016/j.earscirev.2020.103432",,Lake area increased between 06/04/2016 and 06/20/2016 and outburst occurred before 07/30/2016. By 07/14/2016 the peak volume before flood 43.89x106 m3 with a lake area 1.73km2. Round et al. (2017) reported rapid drainage on 07/17/2016. Peak outburst volume 42.3 x106 m3,2016.0,exact,2016-07-17,,False,,False,,False,,False,,,,False,,False,False,['Unknown'],1,['Unknown'],1
530,2016,2016,8.0,11.0,Kyagar,Kyagar,GL077181E35675N,"2, 3, 4",G077158E35562N,35.677371,77.190788,4880,37.982034,76.877846,1450.0,Observation,Ice dammed,N,Y,14_2,9,China,Xinjiang,Yarkant,Surging glacier,Unknown,Unknown,,13320000.0,,,,,,,,,,,,,,,,,,,,,,,,,,"(Round et al., 2017; Bazai et al., 2021)","Round, V., Leinss, S., Huss, M., Haemmig, C., Hajnsek, I., 2017. Surge dynamics and lake outbursts of Kyagar Glacier, Karakoram. The Cryosphere 11, 723–739. https://doi.org/10.5194/tc-11-723-2017; Bazai, N.A., Cui, P., Carling, P.A., Wang, H., Hassan, J., Liu, D., Zhang, G., Jin, W., 2021. Increasing glacial lake outburst flood hazard in response to surge glaciers in the Karakoram. Earth-Science Reviews 212, 103432. https://doi.org/10.1016/j.earscirev.2020.103432",,"Flood occurred on 08/11/2016 (Round et al., 2017), while by July 30, 2016 the peak volume before flood 13.32 x 106 m3 with a lake area 0.98km2 . The lake reformed by December 2016",2016.0,exact,2016-08-11,,False,,False,,False,,False,,,,False,,False,False,['Unknown'],1,['Unknown'],1
531,2017,2017,4.0,20.0,Langmale,Barun,GL087138E27812N,"2, 3",G087145E27832N,27.814,87.141,5026,27.72654,87.22062,3130.0,Observation,Moraine dammed,Y,N,15_2,11,Nepal,Koshi,Arun,Unknown,Rockfall,Unknown,,1300000.0,4400.0,,"downstream riverside communities in Bhojpur and Dhankuta, displaced 10 families",,,,,,,,,50.0,,,,24.0,80.0,,,,Hundreds of hectares of grazing and forest land,1000000.0,,,,"(Byers et al., 2019)","Byers, A.C., Rounce, D.R., Shugar, D.H., Lala, J.M., Byers, E.A., Regmi, D., 2019. A rockfall-induced glacial lake outburst flood, Upper Barun Valley, Nepal. Landslides 16, 533–549. https://doi.org/10.1007/s10346-018-1079-9",,,2017.0,exact,2017-04-20,,False,,False,,False,,False,,,,False,,False,False,['Rockfall'],1,['Unknown'],1
532,2017,2017,7.0,15.0,Unknown,Changri Shar,Ephemeral,,G086808E28006N,27.981275,86.818062,5200,27.889,86.819,4248.0,Observation,Supraglacial,Y,N,15_2,11,Nepal,Koshi,Dudh Koshi,Glacier melt,Water level rise; water temperature rise,Englacial tunnel,,1360000.0,,,,,,,,,,,,,,,,,,,,,,,,,,"(Miles et al., 2018)","Miles, E.S., Watson, C.S., Brun, F., Berthier, E., Esteves, M., Quincey, D.J., Miles, K.E., Hubbard, B., Wagnon, P., 2018. Glacial and geomorphic effects of a supraglacial lake drainage and outburst event, Everest region, Nepal Himalaya. The Cryosphere 12, 3891–3905. https://doi.org/10.5194/tc-12-3891-2018",,,2017.0,exact,2017-07-15,,False,,False,,False,,False,,,,False,,True,False,"['Water level rise', 'Water temperature rise']",2,['Englacial tunnel'],1
533,2017,2017,7.0,28.0,Khurdopin,Khurdopin,Ephemeral,,G075438E36192N,36.344239,75.474953,3223,36.439939,75.311226,3062.0,Observation,Ice dammed,N,Y,14_2,9,Pakistan,Gilgit - Baltistan,Hunza,Surging glacier,Unknown,Subglacial tunnel,80000.0,3240000.0,,,,,,,,,,,,,,,,,,,,,"Damage to bridges, farmland and orchards",,,,,(This study),,"reporting by local villagers, documentation from satellite imagery",,2017.0,exact,2017-07-28,,False,,False,,False,,False,,,,False,,False,False,['Unknown'],1,['Subglacial tunnel'],1
534,2017,2017,8.0,4.0,Unknown,Unnamed,Not mapped,,G076733E34586N,34.588,76.733,5120,34.504,76.63,2835.0,Observation,Moraine dammed,Y,N,14_2,10,India,Jammu and Kashmir,Upper Indus,Unknown,Unknown,Unknown,,,,,,4.0,,,,,,,,,,,,,,,,,Bridge destroyed,,,,,(This study),,https://confit.atlas.jp/guide/event-img/jpgu2018/ACC28-P03/public/pdf?type=in&lang=en,"Few details, but source can be traced from satellite imagery",2017.0,exact,2017-08-04,,False,,False,,False,,False,,,,False,,True,True,['Unknown'],1,['Unknown'],1
535,2017,2017,8.0,8.0,Chelektor,Unnamed,Not mapped,,G074699E42402N,42.4,74.7,3837,,,,,Moraine dammed,N,N,13_3,4,Kyrgyzstan,Chuy,Nooruz,Unknown,Unknown,Overtopping,,,,,,,,,,,,,,,,,,,,,1.0,,Electric poles,,,,,"(Daiyrov et al., 2020)","Daiyrov, M., Narama, C., Kääb, A., Tadono, T., 2020. Formation and Outburst of the Toguz-Bulak Glacial Lake in the Northern Teskey Range, Tien Shan, Kyrgyzstan. Geosciences 10, 468. https://doi.org/10.3390/geosciences10110468",,,2017.0,exact,2017-08-08,,False,,False,,False,,False,,,,False,,False,True,['Unknown'],1,['Overtopping'],1
536,2017,2017,8.0,10.0,Kyagar,Kyagar,GL077181E35675N,"2, 3, 4",G077158E35562N,35.677371,77.190788,4880,37.982034,76.877846,1450.0,Observation,Ice dammed,N,Y,14_2,9,China,Xinjiang,Yarkant,Surging glacier,Unknown,Unknown,2580000.0,114990000.0,,,,,,,,,,,,,,,,,,,,,,,,,,"(Bazai et al., 2021)","Bazai, N.A., Cui, P., Carling, P.A., Wang, H., Hassan, J., Liu, D., Zhang, G., Jin, W., 2021. Increasing glacial lake outburst flood hazard in response to surge glaciers in the Karakoram. Earth-Science Reviews 212, 103432. https://doi.org/10.1016/j.earscirev.2020.103432",,Lake area increased to peak 08/10/2017 and outburst between 08/10/2017 and 08/26/2017. The peak volume before flood 114.99x106 m3 with a lake area 2.93km2. This is the second biggest lake since 2000,2017.0,exact,2017-08-10,,False,,False,,False,,False,,,,False,,False,False,['Unknown'],1,['Unknown'],1
537,July to August 2017,2017,,,Unnamed,Unnamed,GL098004E28718N,3,G098008E28734N,28.7169,98.0036,4657,28.606964,97.982127,3827.0,Deposit,Moraine dammed,N,N,15_3,17,China,TAR,Dulong,Unknown,Unknown,Moraine collapse,,,,,,,,,,,,,,,,,,,,,,,Bridges and roads,,,,"LC08_L1TP_133040_20170801_20200903_02_T1, LC08_L1TP_133040_20170716_20200903_02_T1 and LC08_L1TP_133040_20170513_20200904_02_T1",(This study),,,June and July satellite images were cloudly,2017.0,exact,,,False,,False,,False,,False,,,,False,,True,True,['Unknown'],1,['Moraine collapse'],1
538,2018,2018,3.0,25.0,Khurdopin,Khurdopin,Ephemeral,,G075438E36192N,36.344239,75.474953,3223,36.439939,75.311226,3062.0,Observation,Ice dammed,N,Y,14_2,9,Pakistan,Gilgit - Baltistan,Hunza,Surging glacier,Unknown,Subglacial tunnel,390000.0,9000000.0,,,,,,,,,,,,,,,,,,,,,"Damage to bridge/road, damage to orchards and farmland erosion",,,,,(This study),,"reporting by local villagers, documentation from satellite imagery",,2018.0,exact,2018-03-25,,False,,False,,False,,False,,,,False,,False,False,['Unknown'],1,['Subglacial tunnel'],1
539,2018,2018,5.0,10.0,Khurdopin,Khurdopin,Ephemeral,,G075438E36192N,36.344239,75.474953,3223,36.439939,75.311226,3062.0,Observation,Ice dammed,N,Y,14_2,9,Pakistan,Gilgit - Baltistan,Hunza,Surging glacier,Unknown,Subglacial tunnel,20000.0,,,,,,,,,,,,,,,,,,,,,,,,,,,(This study),,"reporting by local villagers, documentation from satellite imagery",,2018.0,exact,2018-05-10,,False,,False,,False,,False,,,,False,,False,False,['Unknown'],1,['Subglacial tunnel'],1
540,2018,2018,7.0,,Dagongba,Dagongba,Not mapped,,Not mapped,29.581,101.804,4104,,,,Deposit,Moraine dammed,N,N,15_3,17,China,Sichuan,Yangtze,Unknown,Unknown,"Permafrost thaw, subglacial channel",,,,,,,,,,,,,,,,,,,,,,,Bridges and hydroelectric installation,,,,,"(Zhang et al., 2021)","Zhang, B., Liu, G., Zhang, R., Fu, Y., Liu, Q., Cai, J., Wang, X., Li, Z., 2021. Monitoring Dynamic Evolution of the Glacial Lakes by Using Time Series of Sentinel-1A SAR Images. Remote Sensing 13(7), 1313. https://doi.org/10.3390/rs13071313",,Satellite images are mostly cloudly.,2018.0,exact,,,False,,False,,False,,False,,,,False,,False,False,['Unknown'],1,"['Permafrost thaw', 'Subglacial channel']",2
541,2018,2018,7.0,8.0,Unnamed,Unnamed,GL086321E28245N,"2, 3, 4",G086334E28254N,28.244,86.321,5390,28.219,86.283,4850.0,Deposit,Moraine dammed,Y,N,15_2,11,China,TAR,Rongxia,Unknown,Intense rainfall,Unknown,,,,,,,,,,,,,,,,,,,,,,,,,,,,(This study),,"reporting by local villagers, documentation from satellite imagery",,2018.0,exact,2018-07-08,,False,,False,,False,,False,,,,False,,True,True,['Intense rainfall'],1,['Unknown'],1
542,2018,2018,7.0,11.0,Pishkandah,Pishkandah,Ephemeral,,G069627E35472N,35.471115,69.624574,4495,35.396,69.694,2109.0,Observation,Moraine dammed,N,N,14_1,8,Afghanistan,Panjshir,Panjshir,Glacier melt,Water level rise,Ice core thawing,50000.0,,,,,10.0,8.0,2.0,,,,,,,,,,,256.0,100.0,,,"Two bridges, 400 m of Irrigation canal destroyed",,,,,(This study),,"reporting by local villagers, documentation from satellite imagery","The main Panjshir River was dammed and a temporary lake was formed in the river. The lake formation further inundated agricultural land, houses, and roads along the river up to 1.7 km",2018.0,exact,2018-07-11,,False,,False,,False,,False,,,,False,,False,False,['Water level rise'],1,['Ice core thawing'],1
543,2018,2018,7.0,17.0,Badswat,Unnamed,Ephemeral,,G074052E36491N,36.505,74.06,4024,36.538,74.018,2570.0,Observation,Water pocket,N,N,14_2,9,Pakistan,Gilgit - Baltistan,Gilgit,Unknown,Intense rainfall,Subglacial tunnel,,,,,,,,,,,,,,,,,,,40.0,12.0,,,Road blocked,260000.0,,,,"(This study; Anwar et al., 2020)","Anwar, W., Deedar K., U Wahab, K Din, and D. R. Gurung. 2020. “Badswat Lake Outburst Flood and Debris Dammed Lake: A Case Study.” In Debris Flows: Disasters, Risk, Forecast, Protection Proceedings of the 6th Conference (Tajikistan). Dushanbe.",,,2018.0,exact,2018-07-17,,False,,False,,False,,False,,,,False,,False,True,['Intense rainfall'],1,['Subglacial tunnel'],1
544,2018,2018,8.0,10.0,Kyagar,Kyagar,GL077181E35675N,"2, 3, 4",G077158E35562N,35.677371,77.190788,4880,37.982034,76.877846,1450.0,Observation,Ice dammed,N,Y,14_2,9,China,Xinjiang,Yarkant,Surging glacier,Unknown,Unknown,2270000.0,114990000.0,,,,,,,,,,,,,,,,,,,,,,,,,,"(Zhang et al., 2020; Bazai et al., 2021)","Zhang, M., Chen, F., Tian, B., Liang, D., Yang, A., 2020. Characterization of Kyagar Glacier and Lake Outburst Floods in 2018 Based on Time-Series Sentinel-1A Data. Water 12(1), 184. https://doi.org/10.3390/w12010184; Bazai, N.A., Cui, P., Carling, P.A., Wang, H., Hassan, J., Liu, D., Zhang, G., Jin, W., 2021. Increasing glacial lake outburst flood hazard in response to surge glaciers in the Karakoram. Earth-Science Reviews 212, 103432. https://doi.org/10.1016/j.earscirev.2020.103432",,"Since the partial drainage by GLOF in 2017 the lake persisted through the winter and in the spring of 2018 the lake expanded with a peak volume by August 08, 2018 of 85.98 x 106 m3 with a lake area 2.38km2.",2018.0,exact,2018-08-10,,False,,False,,False,,False,,,,False,,False,False,['Unknown'],1,['Unknown'],1
545,2019,2019,6.0,20.0,Thorthormi,Thorthormi,GL090263E28106N,"2, 3, 4",G090278E28132N,28.106,90.263,4451,28.085,90.206,4126.0,Observation,Moraine dammed,Y,Y,15_2,12,Bhutan,Punakha,Pho Chhu,Glacier melt,"Ice avalanche, water level rise",Moraine collapse,,,,,,,,,,,,,,,,,,,,,,,Automatic water level station,,,,,(This study),,https://www.nchm.gov.bt/attachment/ckfinder/userfiles/files/Report_on_Thorthormi_assessment_2019.pdf,,2019.0,exact,2019-06-20,,False,,False,,False,,False,,,,False,,False,False,"['Ice avalanche', 'Water level rise']",2,['Moraine collapse'],1
546,2019,2019,6.0,22.0,Shisper,Hassanabad I,Ephemeral,,G074619E36437N,36.35594,74.572267,2605,36.292162,74.609227,2030.0,Observation,Ice dammed,N,Y,14_2,9,Pakistan,Gilgit - Baltistan,Hunza,Surging glacier,High temperatures,Subglacial tunnel,370000.0,,142.0,,,,,,,,,,,,,,,,,,,,,,,,,(This study),,"reporting by local villagers, documentation from satellite imagery",,2019.0,exact,2019-06-22,,False,,False,,False,,False,,,,False,,False,False,['High temperatures'],1,['Subglacial tunnel'],1
547,2019,2019,7.0,7.0,Rogheli,Rogheli,Ephemeral,,G071968E35847N,35.853,71.968,4490,35.938,71.98,1950.0,Observation,Supraglacial,Y,Y,14_1,8,Pakistan,Khyber Pakhtunkhwa,Chitral,Unknown,Intense rainfall; high temperatures,Supraglacial lake drainage,30000.0,,,,,,,,,,,,,,,,,,10.0,,40.0,,"More than 10 kms valley oads washed away, four bridges were damaged, water supply schemes, flood protection works, civil irrigation",,108.0,18500000.0,,,,https://www.dawn.com/news/1495655; https://reliefweb.int/report/pakistan/golain-chitral-glof-event-preliminary-report-7-july-2019,"Debris, boulder flow damaged village (Peshgun); 10 houses destroyed completely and 40 houses partially damaged",2019.0,exact,2019-07-07,,False,,False,,False,,False,,,+,True,,False,False,"['Intense rainfall', 'High temperatures']",2,['Supraglacial lake drainage'],1
548,2019,2019,7.0,25.0,Kyagar,Kyagar,GL077181E35675N,"2, 3, 4",G077158E35562N,35.677371,77.190788,4880,37.982034,76.877846,1450.0,Observation,Ice dammed,N,Y,14_2,9,China,Xinjiang,Yarkant,Surging glacier,Unknown,Unknown,910000.0,,,,,,,,,,,,,,,,,,,,,,,,,,,(This study),,"reporting by local villagers, documentation from satellite imagery",,2019.0,exact,2019-07-25,,False,,False,,False,,False,,,,False,,False,False,['Unknown'],1,['Unknown'],1
549,2019,2019,8.0,8.0,Toguz-Bulak,Toguz-Bulak,GL077267E41978N,"2, 3, 4",G077263E41958N,41.977646,77.266932,3764,,,,,Moraine dammed,N,N,13_3,4,Kyrgyzstan,Issyk-Kul,Tong,Unknown,Unknown,Ice core thawing,,,,,,,,,,,,,,,,,,,,,,,,,,,,"(Daiyrov et al., 2020)","Daiyrov, M., Narama, C., Kääb, A., Tadono, T., 2020. Formation and Outburst of the Toguz-Bulak Glacial Lake in the Northern Teskey Range, Tien Shan, Kyrgyzstan. Geosciences 10, 468. https://doi.org/10.3390/geosciences10110468",,,2019.0,exact,2019-08-08,,False,,False,,False,,False,,,,False,,False,False,['Unknown'],1,['Ice core thawing'],1
550,2019,2019,8.0,14.0,Lake number 1,Kargalinka,Not mapped,,G076853E42998N,43.0067,76.8477,3523,43.137,76.865,1350.0,Deposit,Supraglacial,N,Y,13_3,4,Kazakhstan,Almaty,Ily-Balkhash-Alakol,Unknown,High temperatures,Subglacial tunnel,40000.0,200000.0,5.0,30.0,,,,,,,,,,,,,,,,,,,,,,,,(Medeu et al. 2022),"Medeu, A.R., Popov, N.V., Blagovechshenskiy, V.P., Askarova, M.A., Medeu, A.A., Ranova, S.U., Kamalbekova, A., Bolch, T., 2022. Moraine-dammed glacial lakes and threat of glacial debris flows in South-East Kazakhstan. Earth-Science Reviews 103999. https://doi.org/10.1016/j.earscirev.2022.103999",,,2019.0,exact,2019-08-14,,False,,False,,False,,False,,,,False,,False,False,['High temperatures'],1,['Subglacial tunnel'],1
551,,,,,Unknown,Not mapped,Not mapped,,,42.267029,70.747063,3283,42.297,70.742,2300.0,Deposit,Water pocket,N,N,13_3,4,Kazakhstan,Turkistan,Aksu,Unknown,Unknown,Unknown,,,,,,,,,,,,,,,,,,,,,,,,,,,,"(Zaginaev et al., 2016)","Zaginaev, V., Ballesteros-Cánovas, J.A., Erokhin, S., Matov, E., Petrakov, D., Stoffel, M., 2016. Reconstruction of glacial lake outburst floods in northern Tien Shan: Implications for hazard assessment. Geomorphology 269, 75–84. https://doi.org/10.1016/j.geomorph.2016.06.028",,,,unknown,,,False,,False,,False,,False,,,,False,,True,False,['Unknown'],1,['Unknown'],1
552,,,,,Unnamed,Unnamed,GL072121E35828N,"2, 4",G073195E35647N,35.827314,72.122001,3669,,,,,Moraine dammed,Y,N,14_1,8,Pakistan,Khyber Pakhtunkhwa,Chitral,Unknown,Unknown,Unknown,,,,,,,,,,,,,,,,,,,,,,,,,,,,"(Zheng et al., 2021)","Zheng, G., Bao, A., Allen, S., Ballesteros-Canovas, J.A., Yuan, Y., Jiapaer, G., 2021. Numerous Unreported Glacial Lake Outburst Floods in the Third Pole Revealed by High-Resolution Satellite Data and Geomorphological Evidence. Science Bulletin. https://doi.org/10.1016/j.scib.2021.01.014.",,,,unknown,,,False,,False,,False,,False,,,,False,,True,True,['Unknown'],1,['Unknown'],1
553,,,,,Unnamed,Unnamed,GL072206E38403N,2,G072230E38404N,38.403423,72.206434,4188,38.407,72.197,3920.0,Deposit,Moraine dammed,N,N,13_2,6,Tajikistan,Gorno-Badakhshan,Vanch,Unknown,Unknown,Unknown,,,,,,,,,,,,,,,,,,,,,,,,,,,,"(Zheng et al., 2021)","Zheng, G., Bao, A., Allen, S., Ballesteros-Canovas, J.A., Yuan, Y., Jiapaer, G., 2021. Numerous Unreported Glacial Lake Outburst Floods in the Third Pole Revealed by High-Resolution Satellite Data and Geomorphological Evidence. Science Bulletin. https://doi.org/10.1016/j.scib.2021.01.014.",,,,unknown,,,False,,False,,False,,False,,,,False,,True,True,['Unknown'],1,['Unknown'],1
554,,,,,Unnamed,Unnamed,Not mapped,,G072362E37631N,37.637415,72.361715,4643,37.701,72.397,3200.0,Deposit,Moraine dammed,N,N,13_2,6,Tajikistan,Gorno-Badakhshan,Shugnan,Unknown,Unknown,Unknown,,,,,,,,,,,,,,,,,,,,,,,,,,,,"(Zheng et al., 2021)","Zheng, G., Bao, A., Allen, S., Ballesteros-Canovas, J.A., Yuan, Y., Jiapaer, G., 2021. Numerous Unreported Glacial Lake Outburst Floods in the Third Pole Revealed by High-Resolution Satellite Data and Geomorphological Evidence. Science Bulletin. https://doi.org/10.1016/j.scib.2021.01.014.",,,,unknown,,,False,,False,,False,,False,,,,False,,True,True,['Unknown'],1,['Unknown'],1
555,,,,,Unnamed,Unnamed,GL073205E35652N,"2, 4",G072136E35800N,35.652003,73.204706,3705,35.639,73.217,3325.0,Deposit,Moraine dammed,Y,N,14_1,8,Pakistan,Khyber Pakhtunkhwa,Chitral,Unknown,Unknown,Unknown,,,,,,,,,,,,,,,,,,,,,,,,,,,,"(Zheng et al., 2021)","Zheng, G., Bao, A., Allen, S., Ballesteros-Canovas, J.A., Yuan, Y., Jiapaer, G., 2021. Numerous Unreported Glacial Lake Outburst Floods in the Third Pole Revealed by High-Resolution Satellite Data and Geomorphological Evidence. Science Bulletin. https://doi.org/10.1016/j.scib.2021.01.014.",,,,unknown,,,False,,False,,False,,False,,,,False,,True,True,['Unknown'],1,['Unknown'],1
556,2002-2004,,,,Unnamed,Unnamed,Not mapped,,G073929E36596N,36.61,73.9,3785,,,,,Moraine dammed,N,N,14_2,9,Pakistan,Gilgit - Baltistan,Gilgit,Unknown,Unknown,Unknown,,1990000.0,,,13.4 km,,,,,,,,,,,,,,,,,,,,,,,"(Veh et al., 2019)","Veh, G., Korup, O., von Specht, S., Roessner, S., Walz, A., 2019. Unchanged frequency of moraine-dammed glacial lake outburst floods in the Himalaya. Nature Climate Change 9, 379–383. https://doi.org/10.1038/s41558-019-0437-5",,May have also happened in 2003 or 2004,2003.0,range,,,False,,False,,False,,False,,,,False,,True,True,['Unknown'],1,['Unknown'],1
557,,,,,Unnamed,Not mapped,GL075034E42517N,"3, 4",G075036E42514N,42.521665,75.033408,3536,42.621,75.038,1472.0,Deposit,Moraine dammed,Y,N,13_3,4,Kyrgyzstan,Chuy,Ysyk-Ata,Unknown,Unknown,Unknown,,,,,,,,,,,,,,,,,,,,,,,,,,,,"(Zheng et al., 2021)","Zheng, G., Bao, A., Allen, S., Ballesteros-Canovas, J.A., Yuan, Y., Jiapaer, G., 2021. Numerous Unreported Glacial Lake Outburst Floods in the Third Pole Revealed by High-Resolution Satellite Data and Geomorphological Evidence. Science Bulletin. https://doi.org/10.1016/j.scib.2021.01.014.",,,,unknown,,,False,,False,,False,,False,,,,False,,True,False,['Unknown'],1,['Unknown'],1
558,,,,,Unnamed,Unnamed,Not mapped,,G076379E33807N,33.81142,76.389706,4965,33.83,76.414,4044.0,Deposit,Moraine dammed,N,N,14_3,10,India,Jammu and Kashmir,Zanskar,Unknown,Unknown,Unknown,,,,,,,,,,,,,,,,,,,,,,,,,,,,"(Zheng et al., 2021)","Zheng, G., Bao, A., Allen, S., Ballesteros-Canovas, J.A., Yuan, Y., Jiapaer, G., 2021. Numerous Unreported Glacial Lake Outburst Floods in the Third Pole Revealed by High-Resolution Satellite Data and Geomorphological Evidence. Science Bulletin. https://doi.org/10.1016/j.scib.2021.01.014.",,,,unknown,,,False,,False,,False,,False,,,,False,,True,True,['Unknown'],1,['Unknown'],1
559,,,,,Unnamed,Unnamed,GL076738E42925N,"2, 3, 4",G076746E42925N,42.92508,76.73848,3722,42.925,76.734,3660.0,Deposit,Moraine dammed,N,N,13_3,4,Kazakhstan,Almaty,Ily-Balkhash-Alakol,Unknown,Unknown,Unknown,,,,,,,,,,,,,,,,,,,,,,,,,,,,"(Zheng et al., 2021)","Zheng, G., Bao, A., Allen, S., Ballesteros-Canovas, J.A., Yuan, Y., Jiapaer, G., 2021. Numerous Unreported Glacial Lake Outburst Floods in the Third Pole Revealed by High-Resolution Satellite Data and Geomorphological Evidence. Science Bulletin. https://doi.org/10.1016/j.scib.2021.01.014.",,,,unknown,,,False,,False,,False,,False,,,,False,,True,True,['Unknown'],1,['Unknown'],1
560,,,,,Unnamed,Unnamed,Not mapped,,G076750E33021N,33.020461,76.742032,5000,33.01,76.695,3828.0,Deposit,Moraine dammed,N,N,14_3,10,India,Himachal Pradesh,Chenab,Unknown,Unknown,Unknown,,,,,,,,,,,,,,,,,,,,,,,,,,,,"(Zheng et al., 2021)","Zheng, G., Bao, A., Allen, S., Ballesteros-Canovas, J.A., Yuan, Y., Jiapaer, G., 2021. Numerous Unreported Glacial Lake Outburst Floods in the Third Pole Revealed by High-Resolution Satellite Data and Geomorphological Evidence. Science Bulletin. https://doi.org/10.1016/j.scib.2021.01.014.",,,,unknown,,,False,,False,,False,,False,,,,False,,True,True,['Unknown'],1,['Unknown'],1
561,,,,,Unnamed,Unnamed,GL076744E32211N,"3, 4",G076750E32205N,32.210397,76.744014,4120,32.215,76.738,3875.0,Deposit,Moraine dammed,N,N,14_3,10,India,Himachal Pradesh,Ravi,Unknown,Unknown,Unknown,,,,,,,,,,,,,,,,,,,,,,,,,,,,"(Zheng et al., 2021)","Zheng, G., Bao, A., Allen, S., Ballesteros-Canovas, J.A., Yuan, Y., Jiapaer, G., 2021. Numerous Unreported Glacial Lake Outburst Floods in the Third Pole Revealed by High-Resolution Satellite Data and Geomorphological Evidence. Science Bulletin. https://doi.org/10.1016/j.scib.2021.01.014.",,,,unknown,,,False,,False,,False,,False,,,,False,,True,True,['Unknown'],1,['Unknown'],1
562,,,,,Unknown,Unnamed,No lake,,G076758E32541N,32.538097,76.748413,4457,32.516,76.757,3543.0,Deposit,Moraine dammed,N,N,14_3,10,India,Himachal Pradesh,Ravi,Unknown,Unknown,Unknown,,,,,,,,,,,,,,,,,,,,,,,,,,,,"(Zheng et al., 2021)","Zheng, G., Bao, A., Allen, S., Ballesteros-Canovas, J.A., Yuan, Y., Jiapaer, G., 2021. Numerous Unreported Glacial Lake Outburst Floods in the Third Pole Revealed by High-Resolution Satellite Data and Geomorphological Evidence. Science Bulletin. https://doi.org/10.1016/j.scib.2021.01.014.",,,,unknown,,,False,,False,,False,,False,,,,False,,True,True,['Unknown'],1,['Unknown'],1
563,,,,,Unnamed,Unnamed,GL076767E42944N,"2, 4",G076760E42946N,42.944737,76.767841,3791,42.929,76.785,3489.0,Deposit,Moraine dammed,Y,N,13_3,4,Kyrgyzstan,Chuy,Kemin,Unknown,Unknown,Unknown,,,,,,,,,,,,,,,,,,,,,,,,,,,,"(Zheng et al., 2021)","Zheng, G., Bao, A., Allen, S., Ballesteros-Canovas, J.A., Yuan, Y., Jiapaer, G., 2021. Numerous Unreported Glacial Lake Outburst Floods in the Third Pole Revealed by High-Resolution Satellite Data and Geomorphological Evidence. Science Bulletin. https://doi.org/10.1016/j.scib.2021.01.014.",,,,unknown,,,False,,False,,False,,False,,,,False,,True,True,['Unknown'],1,['Unknown'],1
564,,,,,Unnamed,Unnamed,GL076771E42943N,"3, 4",G076760E42946N,42.943674,76.771749,3746,42.929,76.785,3489.0,Deposit,Moraine dammed,Y,N,13_3,4,Kyrgyzstan,Chuy,Kemin,Unknown,Unknown,Unknown,,,,,,,,,,,,,,,,,,,,,,,,,,,,"(Zheng et al., 2021)","Zheng, G., Bao, A., Allen, S., Ballesteros-Canovas, J.A., Yuan, Y., Jiapaer, G., 2021. Numerous Unreported Glacial Lake Outburst Floods in the Third Pole Revealed by High-Resolution Satellite Data and Geomorphological Evidence. Science Bulletin. https://doi.org/10.1016/j.scib.2021.01.014.",,,,unknown,,,False,,False,,False,,False,,,,False,,True,True,['Unknown'],1,['Unknown'],1
565,,,,,Unnamed,Unnamed,GL076822E32222N,"3, 4",G076823E32215N,32.223025,76.822475,4183,32.279,76.838,3142.0,Deposit,Moraine dammed,N,N,14_3,10,India,Himachal Pradesh,Ravi,Unknown,Unknown,Unknown,,,,,,,,,,,,,,,,,,,,,,,,,,,,"(Zheng et al., 2021)","Zheng, G., Bao, A., Allen, S., Ballesteros-Canovas, J.A., Yuan, Y., Jiapaer, G., 2021. Numerous Unreported Glacial Lake Outburst Floods in the Third Pole Revealed by High-Resolution Satellite Data and Geomorphological Evidence. Science Bulletin. https://doi.org/10.1016/j.scib.2021.01.014.",,,,unknown,,,False,,False,,False,,False,,,,False,,True,True,['Unknown'],1,['Unknown'],1
566,,,,,Unknown,Unnamed,Ephemeral,,G076907E41927N,41.943,76.902,3550,41.969834,76.909818,3060.0,Deposit,Moraine dammed,N,N,13_3,4,Kyrgyzstan,Issyk-Kul,Tong,Unknown,Unknown,Unknown,,,,,,,,,,,,,,,,,,,,,,,,,,,,"(Narama et al., 2018)","Narama, C., Daiyrov, M., Duishonakunov, M., Tadono, T., Sato, H., Kääb, A., Ukita, J., Abdrakhmatov, K., 2018. Large drainages from short-lived glacial lakes in the Teskey Range, Tien Shan Mountains, Central Asia. Natural Hazards and Earth System Sciences 18, 983–995. https://doi.org/10.5194/nhess-18-983-2018",,,,unknown,,,False,,False,,False,,False,,,,False,,True,True,['Unknown'],1,['Unknown'],1
567,,,,,Unnamed,Unnamed,GL077479E43108N,"3, 4",G077476E43085N,43.108803,77.47998,3414,43.112,77.482,3360.0,Deposit,Moraine dammed,N,N,13_3,4,Kazakhstan,Almaty,Ily-Balkhash-Alakol,Unknown,Unknown,Unknown,,,,,,,,,,,,,,,,,,,,,,,,,,,,"(Zheng et al., 2021)","Zheng, G., Bao, A., Allen, S., Ballesteros-Canovas, J.A., Yuan, Y., Jiapaer, G., 2021. Numerous Unreported Glacial Lake Outburst Floods in the Third Pole Revealed by High-Resolution Satellite Data and Geomorphological Evidence. Science Bulletin. https://doi.org/10.1016/j.scib.2021.01.014.",,,,unknown,,,False,,False,,False,,False,,,,False,,True,True,['Unknown'],1,['Unknown'],1
568,,,,,Unnamed,Unnamed,Not mapped,,G078111E31754N,31.748786,78.116984,4959,31.744,78.12,4666.0,Deposit,Moraine dammed,N,N,14_3,10,India,Himachal Pradesh,Sutluj,Unknown,Unknown,Unknown,,,,,,,,,,,,,,,,,,,,,,,,,,,,"(Zheng et al., 2021)","Zheng, G., Bao, A., Allen, S., Ballesteros-Canovas, J.A., Yuan, Y., Jiapaer, G., 2021. Numerous Unreported Glacial Lake Outburst Floods in the Third Pole Revealed by High-Resolution Satellite Data and Geomorphological Evidence. Science Bulletin. https://doi.org/10.1016/j.scib.2021.01.014.",,,,unknown,,,False,,False,,False,,False,,,,False,,True,True,['Unknown'],1,['Unknown'],1
569,,,,,Unnamed,Unnamed,GL078333E33956N,4,G078325E33952N,33.956301,78.333376,5448,33.969974,78.379429,4300.0,Deposit,Moraine dammed,N,N,14_2,16,India,Jammu and Kashmir,Tangte,Unknown,Unknown,Unknown,,,,,,,,,,,,,,,,,,,,,,,,,,,,"(Zheng et al., 2021)","Zheng, G., Bao, A., Allen, S., Ballesteros-Canovas, J.A., Yuan, Y., Jiapaer, G., 2021. Numerous Unreported Glacial Lake Outburst Floods in the Third Pole Revealed by High-Resolution Satellite Data and Geomorphological Evidence. Science Bulletin. https://doi.org/10.1016/j.scib.2021.01.014.",,Wrongly attributed to 'Inner Tibet' in original study,,unknown,,,False,,False,,False,,False,,,,False,,True,True,['Unknown'],1,['Unknown'],1
570,,,,,Unnamed,Unnamed,Not mapped,,G078445E33108N,33.12619,78.412649,5597,,,,,Moraine dammed,Y,N,14_3,10,India,Jammu and Kashmir,Upper Indus,Unknown,Unknown,Unknown,,,,,,,,,,,,,,,,,,,,,,,,,,,,"(Zheng et al., 2021)","Zheng, G., Bao, A., Allen, S., Ballesteros-Canovas, J.A., Yuan, Y., Jiapaer, G., 2021. Numerous Unreported Glacial Lake Outburst Floods in the Third Pole Revealed by High-Resolution Satellite Data and Geomorphological Evidence. Science Bulletin. https://doi.org/10.1016/j.scib.2021.01.014.",,,,unknown,,,False,,False,,False,,False,,,,False,,True,True,['Unknown'],1,['Unknown'],1
571,,,,,Unnamed,Unnamed,GL079164E31187N,"3, 4",G079160E31185N,31.186,79.166,5473,31.173,79.193,4580.0,Deposit,Moraine dammed,N,N,15_1,11,India,Uttarakhand,Bhagirathi,Unknown,Unknown,Unknown,,,,,,,,,,,,,,,,,,,,,,,,,,,,"(Zheng et al., 2021)","Zheng, G., Bao, A., Allen, S., Ballesteros-Canovas, J.A., Yuan, Y., Jiapaer, G., 2021. Numerous Unreported Glacial Lake Outburst Floods in the Third Pole Revealed by High-Resolution Satellite Data and Geomorphological Evidence. Science Bulletin. https://doi.org/10.1016/j.scib.2021.01.014.",,,,unknown,,,False,,False,,False,,False,,,,False,,True,True,['Unknown'],1,['Unknown'],1
572,,,,,Unnamed,Unnamed,GL079706E32216N,"2, 3, 4",G079686E32250N,32.215365,79.7054,5133,32.196,79.684,4837.0,Deposit,Unknown,N,N,14_3,17,China,TAR,Sutluj,Unknown,Unknown,Unknown,,,,,,,,,,,,,,,,,,,,,,,,,,,,"(Zheng et al., 2021)","Zheng, G., Bao, A., Allen, S., Ballesteros-Canovas, J.A., Yuan, Y., Jiapaer, G., 2021. Numerous Unreported Glacial Lake Outburst Floods in the Third Pole Revealed by High-Resolution Satellite Data and Geomorphological Evidence. Science Bulletin. https://doi.org/10.1016/j.scib.2021.01.014.",,,,unknown,,,False,,False,,False,,False,,,,False,,True,True,['Unknown'],1,['Unknown'],1
573,,,,,Unknown,Unnamed,Not mapped,,G079758E32230N,32.23396,79.7619,5499,32.246,79.793,4990.0,Deposit,Unknown,N,N,14_3,17,China,TAR,Upper Indus,Unknown,Unknown,Unknown,,,,,,,,,,,,,,,,,,,,,,,,,,,,"(Zheng et al., 2021)","Zheng, G., Bao, A., Allen, S., Ballesteros-Canovas, J.A., Yuan, Y., Jiapaer, G., 2021. Numerous Unreported Glacial Lake Outburst Floods in the Third Pole Revealed by High-Resolution Satellite Data and Geomorphological Evidence. Science Bulletin. https://doi.org/10.1016/j.scib.2021.01.014.",,,,unknown,,,False,,False,,False,,False,,,,False,,True,True,['Unknown'],1,['Unknown'],1
574,,,,,Unnamed,Unnamed,GL080152E42353N,"2, 3",G080156E42337N,42.353622,80.153057,3731,42.369,80.153,3460.0,Deposit,Moraine dammed,N,N,13_3,3,Kazakhstan,Almaty,Ily-Balkhash-Alakol,Unknown,Unknown,Unknown,,,,,,,,,,,,,,,,,,,,,,,,,,,,"(Zheng et al., 2021)","Zheng, G., Bao, A., Allen, S., Ballesteros-Canovas, J.A., Yuan, Y., Jiapaer, G., 2021. Numerous Unreported Glacial Lake Outburst Floods in the Third Pole Revealed by High-Resolution Satellite Data and Geomorphological Evidence. Science Bulletin. https://doi.org/10.1016/j.scib.2021.01.014.",,,,unknown,,,False,,False,,False,,False,,,,False,,True,True,['Unknown'],1,['Unknown'],1
575,,,,,Unnamed,Unnamed,GL080611E44560N,"3, 4",G080595E44560N,44.560848,80.611643,3423,44.567,80.672,2558.0,Deposit,Moraine dammed,N,N,13_4,1,China,Xinjiang,lli,Unknown,Unknown,Unknown,,,,,,,,,,,,,,,,,,,,,,,,,,,,"(Zheng et al., 2021)","Zheng, G., Bao, A., Allen, S., Ballesteros-Canovas, J.A., Yuan, Y., Jiapaer, G., 2021. Numerous Unreported Glacial Lake Outburst Floods in the Third Pole Revealed by High-Resolution Satellite Data and Geomorphological Evidence. Science Bulletin. https://doi.org/10.1016/j.scib.2021.01.014.",,,,unknown,,,False,,False,,False,,False,,,,False,,True,True,['Unknown'],1,['Unknown'],1
576,,,,,Unnamed,Unnamed,GL080628E30357N,4,G080604E30353N,30.357,80.628,4835,30.356,80.648,4508.0,Deposit,Moraine dammed,Y,N,15_1,11,India,Uttarakhand,Kutiyangti,Unknown,Unknown,Unknown,,,,,,,,,,,,,,,,,,,,,,,,,,,,"(Zheng et al., 2021)","Zheng, G., Bao, A., Allen, S., Ballesteros-Canovas, J.A., Yuan, Y., Jiapaer, G., 2021. Numerous Unreported Glacial Lake Outburst Floods in the Third Pole Revealed by High-Resolution Satellite Data and Geomorphological Evidence. Science Bulletin. https://doi.org/10.1016/j.scib.2021.01.014.",,,,unknown,,,False,,False,,False,,False,,,,False,,True,True,['Unknown'],1,['Unknown'],1
577,,,,,Unnamed,Unnamed,GL080986E42576N,"3, 4",G080979E42573N,42.576698,80.986319,3668,42.58,81.025,3060.0,Deposit,Moraine dammed,N,N,13_3,3,China,Xinjiang,lli,Unknown,Unknown,Unknown,,,,,,,,,,,,,,,,,,,,,,,,,,,,"(Zheng et al., 2021)","Zheng, G., Bao, A., Allen, S., Ballesteros-Canovas, J.A., Yuan, Y., Jiapaer, G., 2021. Numerous Unreported Glacial Lake Outburst Floods in the Third Pole Revealed by High-Resolution Satellite Data and Geomorphological Evidence. Science Bulletin. https://doi.org/10.1016/j.scib.2021.01.014.",,,,unknown,,,False,,False,,False,,False,,,,False,,True,True,['Unknown'],1,['Unknown'],1
578,,,,,Unnamed,Unnamed,Not mapped,,G080997E42460N,42.463802,81.011925,3694,42.471,81.02,3464.0,Deposit,Moraine dammed,N,N,13_3,3,China,Xinjiang,lli,Unknown,Unknown,Unknown,,,,,,,,,,,,,,,,,,,,,,,,,,,,"(Zheng et al., 2021)","Zheng, G., Bao, A., Allen, S., Ballesteros-Canovas, J.A., Yuan, Y., Jiapaer, G., 2021. Numerous Unreported Glacial Lake Outburst Floods in the Third Pole Revealed by High-Resolution Satellite Data and Geomorphological Evidence. Science Bulletin. https://doi.org/10.1016/j.scib.2021.01.014.",,,,unknown,,,False,,False,,False,,False,,,,False,,True,True,['Unknown'],1,['Unknown'],1
579,,,,,Unnamed,Unnamed,Not mapped,,G081047E30168N,30.159,81.034,4655,30.157,81.03,4547.0,Deposit,Moraine dammed,Y,N,15_1,11,Nepal,Sudurpashchim,Kali,Unknown,Unknown,Unknown,,,,,,,,,,,,,,,,,,,,,,,,,,,,"(Zheng et al., 2021)","Zheng, G., Bao, A., Allen, S., Ballesteros-Canovas, J.A., Yuan, Y., Jiapaer, G., 2021. Numerous Unreported Glacial Lake Outburst Floods in the Third Pole Revealed by High-Resolution Satellite Data and Geomorphological Evidence. Science Bulletin. https://doi.org/10.1016/j.scib.2021.01.014.",,,,unknown,,,False,,False,,False,,False,,,,False,,True,True,['Unknown'],1,['Unknown'],1
580,,,,,Unknown,Unnamed,Not mapped,,G081139E31159N,31.16185,81.1357,5570,31.165,81.128,5333.0,Deposit,Unknown,N,N,14_3,17,China,TAR,Sutluj,Unknown,Unknown,Unknown,,,,,,,,,,,,,,,,,,,,,,,,,,,,"(Zheng et al., 2021)","Zheng, G., Bao, A., Allen, S., Ballesteros-Canovas, J.A., Yuan, Y., Jiapaer, G., 2021. Numerous Unreported Glacial Lake Outburst Floods in the Third Pole Revealed by High-Resolution Satellite Data and Geomorphological Evidence. Science Bulletin. https://doi.org/10.1016/j.scib.2021.01.014.",,,,unknown,,,False,,False,,False,,False,,,,False,,True,True,['Unknown'],1,['Unknown'],1
581,,,,,Unnamed,Unknown,Not mapped,,No glacier,30.03,81.295,5136,30.02,81.289,4748.0,Deposit,Moraine dammed,Y,N,15_1,11,Nepal,Sudurpashchim,West Seti,Unknown,Unknown,Unknown,,,,,,,,,,,,,,,,,,,,,,,,,,,,"(Zheng et al., 2021)","Zheng, G., Bao, A., Allen, S., Ballesteros-Canovas, J.A., Yuan, Y., Jiapaer, G., 2021. Numerous Unreported Glacial Lake Outburst Floods in the Third Pole Revealed by High-Resolution Satellite Data and Geomorphological Evidence. Science Bulletin. https://doi.org/10.1016/j.scib.2021.01.014.",,,,unknown,,,False,,False,,False,,False,,,,False,,True,True,['Unknown'],1,['Unknown'],1
582,,,,,Unnamed,Unnamed,GL081332E42664N,"2, 3, 4",G081322E42656N,42.664,81.33,3380,42.672,81.349,3040.0,Deposit,Moraine dammed,N,N,13_3,3,China,Xinjiang,lli,Unknown,Unknown,Unknown,,,,,,,,,,,,,,,,,,,,,,,,,,,,"(Narama et al., 2018)","Narama, C., Daiyrov, M., Duishonakunov, M., Tadono, T., Sato, H., Kääb, A., Ukita, J., Abdrakhmatov, K., 2018. Large drainages from short-lived glacial lakes in the Teskey Range, Tien Shan Mountains, Central Asia. Natural Hazards and Earth System Sciences 18, 983–995. https://doi.org/10.5194/nhess-18-983-2018",,,,unknown,,,False,,False,,False,,False,,,,False,,True,True,['Unknown'],1,['Unknown'],1
583,Before 1976,,,,Kritika Kunda,Unnamed,GL081578E29898N,"2, 3, 4",G081563E29900N,29.897,81.578,3581,29.895,81.616,3518.0,Observation,Moraine dammed,Y,N,15_1,11,Nepal,Sudurpashchim,Kawari,Unknown,Unknown,Unknown,,,,,,,,,,,,,,,,,,,,,,,,,,,EMP155R39_2M19761206,(This study),,"reporting by local villagers, documentation from satellite imagery",,1976.0,before,,,False,,False,,False,,False,,,,False,,False,True,['Unknown'],1,['Unknown'],1
584,Before 1976,,,,Unknown,Unnamed,GL081877E30251N,4,G081888E30249N,30.252,81.878,5377,30.246,81.855,4813.0,Deposit,Supraglacial,Y,N,15_1,11,Nepal,Karnali,Humla,Unknown,Unknown,Unknown,,,,,,,,,,,,,,,,,,,,,,,,,,,EMP155R39_2M19761206,(This study),,documentation from satellite imagery,,1976.0,before,,,False,,False,,False,,False,,,,False,,True,True,['Unknown'],1,['Unknown'],1
585,,,,,Unnamed,Unnamed,GL082034E31103N,"2, 3, 4",G082034E31099N,31.10278,82.034073,5700,31.124,82.047,5363.0,Deposit,Bedrock,N,N,13_8,17,China,TAR,Qangtang,Unknown,Unknown,Unknown,,,,,,,,,,,,,,,,,,,,,,,,,,,,"(Zheng et al., 2021)","Zheng, G., Bao, A., Allen, S., Ballesteros-Canovas, J.A., Yuan, Y., Jiapaer, G., 2021. Numerous Unreported Glacial Lake Outburst Floods in the Third Pole Revealed by High-Resolution Satellite Data and Geomorphological Evidence. Science Bulletin. https://doi.org/10.1016/j.scib.2021.01.014.",,,,unknown,,,False,,False,,False,,False,,,,False,,True,True,['Unknown'],1,['Unknown'],1
586,,,,,Unnamed,Unnamed,GL082044E29994N,2,G082054E30000N,29.994,82.044,4716,30.0,81.992,3256.0,Deposit,Moraine dammed,Y,N,15_1,11,Nepal,Karnali,Humla,Unknown,Unknown,Unknown,,,,,,,,,,,,,,,,,,,,,,,,,,,,"(Zheng et al., 2021)","Zheng, G., Bao, A., Allen, S., Ballesteros-Canovas, J.A., Yuan, Y., Jiapaer, G., 2021. Numerous Unreported Glacial Lake Outburst Floods in the Third Pole Revealed by High-Resolution Satellite Data and Geomorphological Evidence. Science Bulletin. https://doi.org/10.1016/j.scib.2021.01.014.",,,,unknown,,,False,,False,,False,,False,,,,False,,True,True,['Unknown'],1,['Unknown'],1
587,2015-2016,,,,Zangla Co East,Unnamed,GL082199E30310N,"2, 3, 4",G082158E30307N,30.31,82.2,5534,30.359,82.26,4995.0,Deposit,Moraine dammed,Y,N,13_8,11,China,TAR,Maquan,Unknown,Unknown,Unknown,,,,,,,,,,,,,,,,,,,,,,,,,,,,"(Veh et al., 2019)","Veh, G., Korup, O., von Specht, S., Roessner, S., Walz, A., 2019. Unchanged frequency of moraine-dammed glacial lake outburst floods in the Himalaya. Nature Climate Change 9, 379–383. https://doi.org/10.1038/s41558-019-0437-5",,GLOF predicted between 2015-09-26 and 2016-09-12 based on satellite image,2016.0,range,,,False,,False,,False,,False,,,,False,,False,True,['Unknown'],1,['Unknown'],1
588,,,,,Unnamed,Unknown,Not mapped,,No glacier,29.875,82.451,5285,29.874,82.447,5200.0,Deposit,Moraine dammed,Y,N,15_1,11,Nepal,Karnali,Humla,Unknown,Unknown,Unknown,,,,,,,,,,,,,,,,,,,,,,,,,,,,"(Zheng et al., 2021)","Zheng, G., Bao, A., Allen, S., Ballesteros-Canovas, J.A., Yuan, Y., Jiapaer, G., 2021. Numerous Unreported Glacial Lake Outburst Floods in the Third Pole Revealed by High-Resolution Satellite Data and Geomorphological Evidence. Science Bulletin. https://doi.org/10.1016/j.scib.2021.01.014.",,,,unknown,,,False,,False,,False,,False,,,,False,,True,True,['Unknown'],1,['Unknown'],1
589,,,,,Unknown,Unknown,No lake,,No glacier,29.644,82.805,5087,29.656,82.799,4705.0,Deposit,Supraglacial,Y,N,15_1,11,Nepal,Karnali,Mugu,Unknown,Unknown,Moraine collapse,,,,,,,,,,,,,,,,,,,,,,,,,,,,"(Ives, Shrestha and Mool, 2010; ICIMOD, 2011)","Ives, J.D., Shrestha, R.B., Mool, P.K., 2010. Formation of Glacial Lakes in the Hindu Kush-Himalayas and GLOF Risk Assessment. ICIMOD, Kathmandu, Nepal; ICIMOD, 2011. Glacial Lakes and Glacial Lake Outburst Floods in Nepal. ICIMOD",Given coordinate in Ives 2010 seems to be wrong,,,unknown,,,False,,False,,False,,False,,,,False,,True,True,['Unknown'],1,['Moraine collapse'],1
590,,,,,Unnamed,Unnamed,GL083026E30840N,"2, 3, 4",G083017E30846N,30.840737,83.026153,5846,30.834,83.026,5680.0,Deposit,Bedrock,N,N,13_8,17,China,TAR,Qangtang,Unknown,Unknown,Unknown,,,,,,,,,,,,,,,,,,,,,,,,,,,,"(Zheng et al., 2021)","Zheng, G., Bao, A., Allen, S., Ballesteros-Canovas, J.A., Yuan, Y., Jiapaer, G., 2021. Numerous Unreported Glacial Lake Outburst Floods in the Third Pole Revealed by High-Resolution Satellite Data and Geomorphological Evidence. Science Bulletin. https://doi.org/10.1016/j.scib.2021.01.014.",,,,unknown,,,False,,False,,False,,False,,,,False,,True,True,['Unknown'],1,['Unknown'],1
591,,,,,Unknown,Unnamed,No lake,,G083092E28815N,28.816,83.12,5139,28.821,83.136,4633.0,Deposit,Moraine dammed,Y,N,15_1,11,Nepal,Karnali,Bheri,Unknown,Unknown,Unknown,,,,,,,,,,,,,,,,,,,,,,,,,,,,"(Zheng et al., 2021)","Zheng, G., Bao, A., Allen, S., Ballesteros-Canovas, J.A., Yuan, Y., Jiapaer, G., 2021. Numerous Unreported Glacial Lake Outburst Floods in the Third Pole Revealed by High-Resolution Satellite Data and Geomorphological Evidence. Science Bulletin. https://doi.org/10.1016/j.scib.2021.01.014.",,,,unknown,,,False,,False,,False,,False,,,,False,,True,True,['Unknown'],1,['Unknown'],1
592,,,,,Unnamed,Unnamed,GL083234E29647N,"2, 3, 4",G083231E29643N,29.646926,83.233898,5564,29.707,83.259,4728.0,Deposit,Moraine dammed,N,N,13_8,11,China,TAR,Maquan,Unknown,Unknown,Unknown,,,,,,,,,,,,,,,,,,,,,,,,,,,,"(Zheng et al., 2021)","Zheng, G., Bao, A., Allen, S., Ballesteros-Canovas, J.A., Yuan, Y., Jiapaer, G., 2021. Numerous Unreported Glacial Lake Outburst Floods in the Third Pole Revealed by High-Resolution Satellite Data and Geomorphological Evidence. Science Bulletin. https://doi.org/10.1016/j.scib.2021.01.014.",,,,unknown,,,False,,False,,False,,False,,,,False,,True,True,['Unknown'],1,['Unknown'],1
593,,,,,Unnamed,Unnamed,GL083356E44121N,"3, 4",G083360E44105N,44.120257,83.357924,3276,44.148,83.361,2790.0,Deposit,Moraine dammed,N,N,13_4,2,China,Xinjiang,Dzungarian,Unknown,Unknown,Unknown,,,,,,,,,,,,,,,,,,,,,,,,,,,,"(Zheng et al., 2021)","Zheng, G., Bao, A., Allen, S., Ballesteros-Canovas, J.A., Yuan, Y., Jiapaer, G., 2021. Numerous Unreported Glacial Lake Outburst Floods in the Third Pole Revealed by High-Resolution Satellite Data and Geomorphological Evidence. Science Bulletin. https://doi.org/10.1016/j.scib.2021.01.014.",,,,unknown,,,False,,False,,False,,False,,,,False,,True,True,['Unknown'],1,['Unknown'],1
594,,,,,Unnamed,Unnamed,GL083521E29359N,"2, 3, 4",G083518E29351N,29.359,83.521,5641,29.377,83.548,5150.0,Deposit,Moraine dammed,N,N,13_8,11,China,TAR,Maquan,Unknown,Unknown,Unknown,,,,,,,,,,,,,,,,,,,,,,,,,,,,"(Zheng et al., 2021)","Zheng, G., Bao, A., Allen, S., Ballesteros-Canovas, J.A., Yuan, Y., Jiapaer, G., 2021. Numerous Unreported Glacial Lake Outburst Floods in the Third Pole Revealed by High-Resolution Satellite Data and Geomorphological Evidence. Science Bulletin. https://doi.org/10.1016/j.scib.2021.01.014.",,,,unknown,,,False,,False,,False,,False,,,,False,,True,True,['Unknown'],1,['Unknown'],1
595,,,,,Unnamed,Unnamed,GL083744E29198N,"3, 4",Not mapped,29.198,83.744,5806,29.177,83.756,5380.0,Deposit,Moraine dammed,Y,N,13_8,11,Nepal,Gandaki,Kali Gandaki,Unknown,Unknown,Unknown,,,,,,,,,,,,,,,,,,,,,,,,,,,,"(Zheng et al., 2021)","Zheng, G., Bao, A., Allen, S., Ballesteros-Canovas, J.A., Yuan, Y., Jiapaer, G., 2021. Numerous Unreported Glacial Lake Outburst Floods in the Third Pole Revealed by High-Resolution Satellite Data and Geomorphological Evidence. Science Bulletin. https://doi.org/10.1016/j.scib.2021.01.014.",,,,unknown,,,False,,False,,False,,False,,,,False,,True,True,['Unknown'],1,['Unknown'],1
596,,,,,Unnamed,Unnamed,GL083997E28745N,2,G084007E28742N,28.744,83.997,4911,28.74,83.987,4529.0,Deposit,Moraine dammed,Y,N,15_1,11,Nepal,Gandaki,Marsyangdi,Unknown,Unknown,Unknown,,,,,,,,,,,,,,,,,,,,,,,,,,,,"(Zheng et al., 2021)","Zheng, G., Bao, A., Allen, S., Ballesteros-Canovas, J.A., Yuan, Y., Jiapaer, G., 2021. Numerous Unreported Glacial Lake Outburst Floods in the Third Pole Revealed by High-Resolution Satellite Data and Geomorphological Evidence. Science Bulletin. https://doi.org/10.1016/j.scib.2021.01.014.",,,,unknown,,,False,,False,,False,,False,,,,False,,True,True,['Unknown'],1,['Unknown'],1
597,,,,,Unnamed,Unnamed,GL084491E43776N,4,G084497E43755N,43.7764,84.4922,3264,43.834,84.466,2220.0,Deposit,Moraine dammed,N,N,13_4,2,China,Xinjiang,Dzungarian,Unknown,Unknown,Unknown,,,,,,,,,,,,,,,,,,,,,,,,,,,,"(Zheng et al., 2021)","Zheng, G., Bao, A., Allen, S., Ballesteros-Canovas, J.A., Yuan, Y., Jiapaer, G., 2021. Numerous Unreported Glacial Lake Outburst Floods in the Third Pole Revealed by High-Resolution Satellite Data and Geomorphological Evidence. Science Bulletin. https://doi.org/10.1016/j.scib.2021.01.014.",,,,unknown,,,False,,False,,False,,False,,,,False,,True,True,['Unknown'],1,['Unknown'],1
598,,,,,Unnamed,Unnamed,GL084503E29972N,"2, 4",G084500E29969N,29.972678,84.503318,5721,29.974,84.513,5450.0,Deposit,Moraine dammed,N,N,13_8,17,China,TAR,Qangtang,Unknown,Unknown,Unknown,,,,,,,,,,,,,,,,,,,,,,,,,,,,"(Zheng et al., 2021)","Zheng, G., Bao, A., Allen, S., Ballesteros-Canovas, J.A., Yuan, Y., Jiapaer, G., 2021. Numerous Unreported Glacial Lake Outburst Floods in the Third Pole Revealed by High-Resolution Satellite Data and Geomorphological Evidence. Science Bulletin. https://doi.org/10.1016/j.scib.2021.01.014.",,,,unknown,,,False,,False,,False,,False,,,,False,,True,True,['Unknown'],1,['Unknown'],1
599,,,,,Unnamed,Unnamed,Not mapped,"2, 3, 4",G084617E29842N,29.851044,84.625718,5755,29.856,84.632,5551.0,Deposit,Moraine dammed,N,N,13_8,17,China,TAR,Yarlung Zangbo,Unknown,Unknown,Unknown,,,,,,,,,,,,,,,,,,,,,,,,,,,,"(Zheng et al., 2021)","Zheng, G., Bao, A., Allen, S., Ballesteros-Canovas, J.A., Yuan, Y., Jiapaer, G., 2021. Numerous Unreported Glacial Lake Outburst Floods in the Third Pole Revealed by High-Resolution Satellite Data and Geomorphological Evidence. Science Bulletin. https://doi.org/10.1016/j.scib.2021.01.014.",,,,unknown,,,False,,False,,False,,False,,,,False,,True,True,['Unknown'],1,['Unknown'],1
600,,,,,Unnamed,Unnamed,GL084876E29976N,"2, 4",G084870E29977N,29.976913,84.876052,5946,29.971,84.879,5755.0,Deposit,Moraine dammed,N,N,13_8,17,China,TAR,Yarlung Zangbo,Unknown,Unknown,Unknown,,,,,,,,,,,,,,,,,,,,,,,,,,,,"(Zheng et al., 2021)","Zheng, G., Bao, A., Allen, S., Ballesteros-Canovas, J.A., Yuan, Y., Jiapaer, G., 2021. Numerous Unreported Glacial Lake Outburst Floods in the Third Pole Revealed by High-Resolution Satellite Data and Geomorphological Evidence. Science Bulletin. https://doi.org/10.1016/j.scib.2021.01.014.",,,,unknown,,,False,,False,,False,,False,,,,False,,True,True,['Unknown'],1,['Unknown'],1
601,,,,,Unnamed,Unnamed,GL085101E43368N,"2, 3, 4",G085070E43330N,43.368026,85.101912,3248,43.363,85.145,2995.0,Deposit,Moraine dammed,N,N,13_4,2,China,Xinjiang,Dzungarian,Unknown,Unknown,Unknown,,,,,,,,,,,,,,,,,,,,,,,,,,,,"(Zheng et al., 2021)","Zheng, G., Bao, A., Allen, S., Ballesteros-Canovas, J.A., Yuan, Y., Jiapaer, G., 2021. Numerous Unreported Glacial Lake Outburst Floods in the Third Pole Revealed by High-Resolution Satellite Data and Geomorphological Evidence. Science Bulletin. https://doi.org/10.1016/j.scib.2021.01.014.",,,,unknown,,,False,,False,,False,,False,,,,False,,True,True,['Unknown'],1,['Unknown'],1
602,,,,,Unnamed,Unnamed,Not mapped,,G085109E28685N,28.688,85.102,5138,28.689,85.097,4995.0,Deposit,Moraine dammed,Y,N,15_1,11,China,TAR,Budhi Gandaki,Unknown,Unknown,Unknown,,,,,,,,,,,,,,,,,,,,,,,,,,,,"(Zheng et al., 2021)","Zheng, G., Bao, A., Allen, S., Ballesteros-Canovas, J.A., Yuan, Y., Jiapaer, G., 2021. Numerous Unreported Glacial Lake Outburst Floods in the Third Pole Revealed by High-Resolution Satellite Data and Geomorphological Evidence. Science Bulletin. https://doi.org/10.1016/j.scib.2021.01.014.",,,,unknown,,,False,,False,,False,,False,,,,False,,True,True,['Unknown'],1,['Unknown'],1
603,,,,,Unknown,Unnamed,No lake,,G085109E28685N,28.689,85.105,5168,28.691,85.102,5078.0,Deposit,Moraine dammed,Y,N,15_1,11,China,TAR,Budhi Gandaki,Unknown,Unknown,Unknown,,,,,,,,,,,,,,,,,,,,,,,,,,,,"(Zheng et al., 2021)","Zheng, G., Bao, A., Allen, S., Ballesteros-Canovas, J.A., Yuan, Y., Jiapaer, G., 2021. Numerous Unreported Glacial Lake Outburst Floods in the Third Pole Revealed by High-Resolution Satellite Data and Geomorphological Evidence. Science Bulletin. https://doi.org/10.1016/j.scib.2021.01.014.",,,,unknown,,,False,,False,,False,,False,,,,False,,True,True,['Unknown'],1,['Unknown'],1
604,,,,,Unnamed,Unnamed,GL085186E43653N,"2, 3, 4",G085165E43653N,43.652636,85.186456,3780,43.655,85.206,3220.0,Deposit,Moraine dammed,N,N,13_4,2,China,Xinjiang,Dzungarian,Unknown,Unknown,Unknown,,,,,,,,,,,,,,,,,,,,,,,,,,,,"(Zheng et al., 2021)","Zheng, G., Bao, A., Allen, S., Ballesteros-Canovas, J.A., Yuan, Y., Jiapaer, G., 2021. Numerous Unreported Glacial Lake Outburst Floods in the Third Pole Revealed by High-Resolution Satellite Data and Geomorphological Evidence. Science Bulletin. https://doi.org/10.1016/j.scib.2021.01.014.",,,,unknown,,,False,,False,,False,,False,,,,False,,True,True,['Unknown'],1,['Unknown'],1
605,,,,,Unnamed,Unnamed,GL085424E28553N,"2, 3, 4",G085422E28566N,28.553,85.424,4701,28.534,85.408,4245.0,Deposit,Moraine dammed,Y,N,15_1,11,China,TAR,Gyirong,Unknown,Unknown,Unknown,,,,,,,,,,,,,,,,,,,,,,,,,,,,"(Zheng et al., 2021)","Zheng, G., Bao, A., Allen, S., Ballesteros-Canovas, J.A., Yuan, Y., Jiapaer, G., 2021. Numerous Unreported Glacial Lake Outburst Floods in the Third Pole Revealed by High-Resolution Satellite Data and Geomorphological Evidence. Science Bulletin. https://doi.org/10.1016/j.scib.2021.01.014.",,,,unknown,,,False,,False,,False,,False,,,,False,,True,True,['Unknown'],1,['Unknown'],1
606,1995-1996,,,,Unnamed,Zhalonggabu,Not mapped,,G085445E28651N,28.662,85.476,5204,28.703,85.553,4743.0,Deposit,Moraine dammed,N,N,15_1,11,China,TAR,Pelkhu,Unknown,Ice avalanche,Unknown,,,,,,,,,,,,,,,,,,,,,,,,,,,,"(Veh et al., 2019)","Veh, G., Korup, O., von Specht, S., Roessner, S., Walz, A., 2019. Unchanged frequency of moraine-dammed glacial lake outburst floods in the Himalaya. Nature Climate Change 9, 379–383. https://doi.org/10.1038/s41558-019-0437-5",GLOF predicted between 1995-11-01 and 1996-10-02 based on satellite image,,1996.0,range,,,False,,False,,False,,False,,,,False,,True,False,['Ice avalanche'],1,['Unknown'],1
607,,,,,Unnamed,Unnamed,GL085522E28504N,2,G085514E28502N,28.504,85.522,5249,28.493,85.533,4774.0,Deposit,Moraine dammed,Y,N,15_1,11,China,TAR,Gyirong,Unknown,Unknown,Unknown,,,,,,,,,,,,,,,,,,,,,,,,,,,,"(Zheng et al., 2021)","Zheng, G., Bao, A., Allen, S., Ballesteros-Canovas, J.A., Yuan, Y., Jiapaer, G., 2021. Numerous Unreported Glacial Lake Outburst Floods in the Third Pole Revealed by High-Resolution Satellite Data and Geomorphological Evidence. Science Bulletin. https://doi.org/10.1016/j.scib.2021.01.014.",,,,unknown,,,False,,False,,False,,False,,,,False,,True,True,['Unknown'],1,['Unknown'],1
608,,,,,Unnamed,Guoluo,GL085635E28496N,"2, 3, 4",G085618E28467N,28.501,85.644,5284,28.53,85.66,5222.0,Deposit,Moraine dammed,N,N,15_1,11,China,TAR,Pelkhu,Unknown,Debris flow,Unknown,,,,,,,,,,,,,,,,,,,,,,,,,,,,"(Zheng et al., 2021)","Zheng, G., Bao, A., Allen, S., Ballesteros-Canovas, J.A., Yuan, Y., Jiapaer, G., 2021. Numerous Unreported Glacial Lake Outburst Floods in the Third Pole Revealed by High-Resolution Satellite Data and Geomorphological Evidence. Science Bulletin. https://doi.org/10.1016/j.scib.2021.01.014.",,,,unknown,,,False,,False,,False,,False,,,,False,,True,False,['Debris flow'],1,['Unknown'],1
609,,,,,Unnamed,Unnamed,GL085643E29692N,"3, 4",G085657E29690N,29.691925,85.643267,5526,29.692,85.639,5490.0,Deposit,Moraine dammed,N,N,13_8,17,China,TAR,Dogxung Zangbo,Unknown,Unknown,Unknown,,,,,,,,,,,,,,,,,,,,,,,,,,,,"(Zheng et al., 2021)","Zheng, G., Bao, A., Allen, S., Ballesteros-Canovas, J.A., Yuan, Y., Jiapaer, G., 2021. Numerous Unreported Glacial Lake Outburst Floods in the Third Pole Revealed by High-Resolution Satellite Data and Geomorphological Evidence. Science Bulletin. https://doi.org/10.1016/j.scib.2021.01.014.",,,,unknown,,,False,,False,,False,,False,,,,False,,True,True,['Unknown'],1,['Unknown'],1
610,,,,,Unnamed,Unnamed,GL085866E28168N,"2, 3, 4",G085868E28162N,28.1681,85.8659,4692,28.176,85.894,4337.0,Deposit,Moraine dammed,Y,N,15_2,11,China,TAR,Poiqu,Unknown,Unknown,Unknown,,,,,,,,,,,,,,,,,,,,,,,,,,,,"(Zheng et al., 2021)","Zheng, G., Bao, A., Allen, S., Ballesteros-Canovas, J.A., Yuan, Y., Jiapaer, G., 2021. Numerous Unreported Glacial Lake Outburst Floods in the Third Pole Revealed by High-Resolution Satellite Data and Geomorphological Evidence. Science Bulletin. https://doi.org/10.1016/j.scib.2021.01.014.",,,,unknown,,,False,,False,,False,,False,,,,False,,True,True,['Unknown'],1,['Unknown'],1
611,,,,,Unnamed,Unnamed,GL085871E28195N,"2, 3, 4",G085854E28190N,28.1947,85.8716,4624,28.203,85.886,4156.0,Deposit,Moraine dammed,Y,N,15_2,11,China,TAR,Poiqu,Unknown,Unknown,Unknown,,,,,,,,,,,,,,,,,,,,,,,,,,,,"(Zheng et al., 2021)","Zheng, G., Bao, A., Allen, S., Ballesteros-Canovas, J.A., Yuan, Y., Jiapaer, G., 2021. Numerous Unreported Glacial Lake Outburst Floods in the Third Pole Revealed by High-Resolution Satellite Data and Geomorphological Evidence. Science Bulletin. https://doi.org/10.1016/j.scib.2021.01.014.",,,,unknown,,,False,,False,,False,,False,,,,False,,True,True,['Unknown'],1,['Unknown'],1
612,2001-2003,,,,Dareco South,Unnamed,GL085919E28139N,"2, 3, 4",G085919E28127N,28.138056,85.918889,4858,28.165,85.923,4385.0,Deposit,Moraine dammed,Y,N,15_2,11,China,TAR,Poiqu,Unknown,Ice avalanche,Unknown,,,,,,,,,,,,,,,,,,,,,,,,,,,,"(Veh et al., 2019)","Veh, G., Korup, O., von Specht, S., Roessner, S., Walz, A., 2019. Unchanged frequency of moraine-dammed glacial lake outburst floods in the Himalaya. Nature Climate Change 9, 379–383. https://doi.org/10.1038/s41558-019-0437-5",,GLOF predicted between 2001-10-24 and 2003-09-28 based on satellite image,2002.0,range,,,False,,False,,False,,False,,,,False,,False,True,['Ice avalanche'],1,['Unknown'],1
613,,,,,Unnamed,Unnamed,GL085930E28321N,"2, 3, 4",G085927E28313N,28.3215,85.9306,5308,28.328,85.933,5230.0,Deposit,Moraine dammed,Y,N,15_2,11,China,TAR,Poiqu,Unknown,Unknown,Unknown,,,,,,,,,,,,,,,,,,,,,,,,,,,,"(Zheng et al., 2021)","Zheng, G., Bao, A., Allen, S., Ballesteros-Canovas, J.A., Yuan, Y., Jiapaer, G., 2021. Numerous Unreported Glacial Lake Outburst Floods in the Third Pole Revealed by High-Resolution Satellite Data and Geomorphological Evidence. Science Bulletin. https://doi.org/10.1016/j.scib.2021.01.014.",,,,unknown,,,False,,False,,False,,False,,,,False,,True,True,['Unknown'],1,['Unknown'],1
614,,,,,Unnamed,Unnamed,GL086170E28178N,2,G086183E28176N,28.1784,86.1704,5106,28.112,86.171,3731.0,Deposit,Moraine dammed,Y,N,15_2,11,China,TAR,Rongxia,Unknown,Unknown,Unknown,,,,,,,,,,,,,,,,,,,,,,,,,,,,"(Zheng et al., 2021)","Zheng, G., Bao, A., Allen, S., Ballesteros-Canovas, J.A., Yuan, Y., Jiapaer, G., 2021. Numerous Unreported Glacial Lake Outburst Floods in the Third Pole Revealed by High-Resolution Satellite Data and Geomorphological Evidence. Science Bulletin. https://doi.org/10.1016/j.scib.2021.01.014.",,,,unknown,,,False,,False,,False,,False,,,,False,,True,True,['Unknown'],1,['Unknown'],1
615,,,,,Unnamed,Unnamed,Not mapped,,Not mapped,29.310786,86.337927,5777,29.313,86.339,5670.0,Deposit,Moraine dammed,N,N,13_8,17,China,TAR,Yarlung Zangbo,Unknown,Unknown,Unknown,,,,,,,,,,,,,,,,,,,,,,,,,,,,"(Zheng et al., 2021)","Zheng, G., Bao, A., Allen, S., Ballesteros-Canovas, J.A., Yuan, Y., Jiapaer, G., 2021. Numerous Unreported Glacial Lake Outburst Floods in the Third Pole Revealed by High-Resolution Satellite Data and Geomorphological Evidence. Science Bulletin. https://doi.org/10.1016/j.scib.2021.01.014.",,,,unknown,,,False,,False,,False,,False,,,,False,,True,True,['Unknown'],1,['Unknown'],1
616,,,,,Unnamed,Unnamed,GL086387E29314N,"2, 3, 4",G086380E29316N,29.314238,86.387598,5639,29.297,86.409,5380.0,Deposit,Moraine dammed,N,N,13_8,17,China,TAR,Yarlung Zangbo,Unknown,Unknown,Unknown,,,,,,,,,,,,,,,,,,,,,,,,,,,,"(Zheng et al., 2021)","Zheng, G., Bao, A., Allen, S., Ballesteros-Canovas, J.A., Yuan, Y., Jiapaer, G., 2021. Numerous Unreported Glacial Lake Outburst Floods in the Third Pole Revealed by High-Resolution Satellite Data and Geomorphological Evidence. Science Bulletin. https://doi.org/10.1016/j.scib.2021.01.014.",,,,unknown,,,False,,False,,False,,False,,,,False,,True,True,['Unknown'],1,['Unknown'],1
617,,,,,Unnamed,Unnamed,GL086417E27950N,"2, 3",G086422E27961N,27.9498,86.4174,4989,28.04332,86.3108,3277.0,Deposit,Moraine dammed,Y,N,15_2,11,China,TAR,Rongxia,Unknown,Unknown,Unknown,,,,,,,,,,,,,,,,,,,,,,,,,,,,"(Zheng et al., 2021)","Zheng, G., Bao, A., Allen, S., Ballesteros-Canovas, J.A., Yuan, Y., Jiapaer, G., 2021. Numerous Unreported Glacial Lake Outburst Floods in the Third Pole Revealed by High-Resolution Satellite Data and Geomorphological Evidence. Science Bulletin. https://doi.org/10.1016/j.scib.2021.01.014.",,,,unknown,,,False,,False,,False,,False,,,,False,,True,True,['Unknown'],1,['Unknown'],1
618,,,,,Unnamed,Unnamed,GL086422E27932N,"2, 3, 4",G086421E27915N,27.9319,86.4225,4987,28.04068,86.32168,3290.0,Deposit,Moraine dammed,Y,N,15_2,11,China,TAR,Rongxia,Unknown,Unknown,Unknown,,,,,,,,,,,,,,,,,,,,,,,,,,,,"(Zheng et al., 2021)","Zheng, G., Bao, A., Allen, S., Ballesteros-Canovas, J.A., Yuan, Y., Jiapaer, G., 2021. Numerous Unreported Glacial Lake Outburst Floods in the Third Pole Revealed by High-Resolution Satellite Data and Geomorphological Evidence. Science Bulletin. https://doi.org/10.1016/j.scib.2021.01.014.",,,,unknown,,,False,,False,,False,,False,,,,False,,True,True,['Unknown'],1,['Unknown'],1
619,,,,,Unnamed,Unnamed,GL086433E27939N,"2, 3, 4",G086475E27977N,27.9384,86.4324,5051,28.04068,86.32168,3290.0,Deposit,Moraine dammed,Y,N,15_2,11,China,TAR,Rongxia,Unknown,Unknown,Unknown,,,,,,,,,,,,,,,,,,,,,,,,,,,,"(Zheng et al., 2021)","Zheng, G., Bao, A., Allen, S., Ballesteros-Canovas, J.A., Yuan, Y., Jiapaer, G., 2021. Numerous Unreported Glacial Lake Outburst Floods in the Third Pole Revealed by High-Resolution Satellite Data and Geomorphological Evidence. Science Bulletin. https://doi.org/10.1016/j.scib.2021.01.014.",,,,unknown,,,False,,False,,False,,False,,,,False,,True,True,['Unknown'],1,['Unknown'],1
620,,,,,Unnamed,Unnamed,GL086434E27929N,"2, 3, 4",G086449E27920N,27.93,86.4335,5031,28.04068,86.32168,3290.0,Deposit,Moraine dammed,Y,N,15_2,11,China,TAR,Rongxia,Unknown,Unknown,Unknown,,,,,,,,,,,,,,,,,,,,,,,,,,,,"(Zheng et al., 2021)","Zheng, G., Bao, A., Allen, S., Ballesteros-Canovas, J.A., Yuan, Y., Jiapaer, G., 2021. Numerous Unreported Glacial Lake Outburst Floods in the Third Pole Revealed by High-Resolution Satellite Data and Geomorphological Evidence. Science Bulletin. https://doi.org/10.1016/j.scib.2021.01.014.",,,,unknown,,,False,,False,,False,,False,,,,False,,True,True,['Unknown'],1,['Unknown'],1
621,,,,,Unnamed,Unnamed,GL086456E28064N,"2, 3, 4",G086465E28066N,28.064,86.4559,5216,28.059,86.452,5111.0,Deposit,Moraine dammed,Y,N,15_2,11,China,TAR,Rongxia,Unknown,Unknown,Unknown,,,,,,,,,,,,,,,,,,,,,,,,,,,,"(Zheng et al., 2021)","Zheng, G., Bao, A., Allen, S., Ballesteros-Canovas, J.A., Yuan, Y., Jiapaer, G., 2021. Numerous Unreported Glacial Lake Outburst Floods in the Third Pole Revealed by High-Resolution Satellite Data and Geomorphological Evidence. Science Bulletin. https://doi.org/10.1016/j.scib.2021.01.014.",,,,unknown,,,False,,False,,False,,False,,,,False,,True,True,['Unknown'],1,['Unknown'],1
622,,,,,Unnamed,Yanong,GL086548E28133N,"2, 3, 4",G086558E28135N,28.1332,86.5481,5251,28.128,86.546,5100.0,Deposit,Moraine dammed,Y,N,15_2,11,China,TAR,Rongxia,Unknown,Unknown,Unknown,,,,,,,,,,,,,,,,,,,,,,,,,,,,"(Zheng et al., 2021)","Zheng, G., Bao, A., Allen, S., Ballesteros-Canovas, J.A., Yuan, Y., Jiapaer, G., 2021. Numerous Unreported Glacial Lake Outburst Floods in the Third Pole Revealed by High-Resolution Satellite Data and Geomorphological Evidence. Science Bulletin. https://doi.org/10.1016/j.scib.2021.01.014.",,,,unknown,,,False,,False,,False,,False,,,,False,,True,False,['Unknown'],1,['Unknown'],1
623,,,,,Unnamed,Unnamed,GL086590E27781N,"3,4",G086575E27781N,27.7812,86.5898,5065,27.779,86.592,4978.0,Deposit,Moraine dammed,Y,N,15_2,11,Nepal,Koshi,Dudh Koshi,Unknown,Unknown,Unknown,,,,,,,,,,,,,,,,,,,,,,,,,,,,"(Zheng et al., 2021)","Zheng, G., Bao, A., Allen, S., Ballesteros-Canovas, J.A., Yuan, Y., Jiapaer, G., 2021. Numerous Unreported Glacial Lake Outburst Floods in the Third Pole Revealed by High-Resolution Satellite Data and Geomorphological Evidence. Science Bulletin. https://doi.org/10.1016/j.scib.2021.01.014.",,,,unknown,,,False,,False,,False,,False,,,,False,,True,True,['Unknown'],1,['Unknown'],1
624,,,,,Unnamed,Unnamed,GL086745E27921N,"2, 3, 4",G086754E27920N,27.9205,86.7452,4883,27.91,86.721,4304.0,Deposit,Moraine dammed,Y,N,15_2,11,Nepal,Koshi,Dudh Koshi,Unknown,Unknown,Unknown,,,,,,,,,,,,,,,,,,,,,,,,,,,,"(Zheng et al., 2021)","Zheng, G., Bao, A., Allen, S., Ballesteros-Canovas, J.A., Yuan, Y., Jiapaer, G., 2021. Numerous Unreported Glacial Lake Outburst Floods in the Third Pole Revealed by High-Resolution Satellite Data and Geomorphological Evidence. Science Bulletin. https://doi.org/10.1016/j.scib.2021.01.014.",,,,unknown,,,False,,False,,False,,False,,,,False,,True,True,['Unknown'],1,['Unknown'],1
625,,,,,Unnamed,Unnamed,GL086778E27952N,"2, 3, 4",G086792E27954N,27.9518,86.7779,5012,27.95,86.774,4926.0,Deposit,Moraine dammed,Y,N,15_2,11,Nepal,Koshi,Dudh Koshi,Unknown,Unknown,Unknown,,,,,,,,,,,,,,,,,,,,,,,,,,,,"(Zheng et al., 2021)","Zheng, G., Bao, A., Allen, S., Ballesteros-Canovas, J.A., Yuan, Y., Jiapaer, G., 2021. Numerous Unreported Glacial Lake Outburst Floods in the Third Pole Revealed by High-Resolution Satellite Data and Geomorphological Evidence. Science Bulletin. https://doi.org/10.1016/j.scib.2021.01.014.",,,,unknown,,,False,,False,,False,,False,,,,False,,True,True,['Unknown'],1,['Unknown'],1
626,,,,,Unnamed,Unnamed,GL086816E43186N,"2, 3, 4",G086813E43183N,43.185982,86.816313,3652,43.194,86.82,3485.0,Deposit,Moraine dammed,N,N,13_4,2,China,Xinjiang,Dzungarian,Unknown,Unknown,Unknown,,,,,,,,,,,,,,,,,,,,,,,,,,,,"(Zheng et al., 2021)","Zheng, G., Bao, A., Allen, S., Ballesteros-Canovas, J.A., Yuan, Y., Jiapaer, G., 2021. Numerous Unreported Glacial Lake Outburst Floods in the Third Pole Revealed by High-Resolution Satellite Data and Geomorphological Evidence. Science Bulletin. https://doi.org/10.1016/j.scib.2021.01.014.",,,,unknown,,,False,,False,,False,,False,,,,False,,True,True,['Unknown'],1,['Unknown'],1
627,,,,,Unnamed,Unnamed,Not mapped,,G086880E27720N,27.737,86.8722,4733,27.737,86.869,4650.0,Deposit,Moraine dammed,Y,N,15_2,11,Nepal,Koshi,Dudh Koshi,Unknown,Unknown,Unknown,,,,,,,,,,,,,,,,,,,,,,,,,,,,"(Zheng et al., 2021)","Zheng, G., Bao, A., Allen, S., Ballesteros-Canovas, J.A., Yuan, Y., Jiapaer, G., 2021. Numerous Unreported Glacial Lake Outburst Floods in the Third Pole Revealed by High-Resolution Satellite Data and Geomorphological Evidence. Science Bulletin. https://doi.org/10.1016/j.scib.2021.01.014.",,,,unknown,,,False,,False,,False,,False,,,,False,,True,True,['Unknown'],1,['Unknown'],1
628,,,,,Chokarma Tsho,Unnamed,GL086922E27899N,,G086929E27916N,27.905695,86.912203,5016,,,,,Moraine dammed,Y,N,15_2,11,Nepal,Koshi,Dudh Koshi,Unknown,Unknown,Moraine collapse,,,,,,,,,,,,,,,,,,,,,,,,,,,,"(Mool, Bajracharya and Joshi, 2001; Ives, Shrestha and Mool, 2010; ICIMOD, 2011; Nie et al., 2018)","Mool, P.K., Bajracharya, S.R., Joshi, S.P., 2001. Inventory of Glaciers, Glacial Lakes and Glacial Lake Outburst Floods. ICIMOD, Kathmandu, Nepal; Ives, J.D., Shrestha, R.B., Mool, P.K., 2010. Formation of Glacial Lakes in the Hindu Kush-Himalayas and GLOF Risk Assessment. ICIMOD, Kathmandu, Nepal; ICIMOD, 2011. Glacial Lakes and Glacial Lake Outburst Floods in Nepal. ICIMOD; Nie, Y., Liu, Q., Wang, J., Zhang, Y., Sheng, Y., Liu, S., 2018. An inventory of historical glacial lake outburst floods in the Himalayas based on remote sensing observations and geomorphological analysis. Geomorphology 308, 91–106. https://doi.org/10.1016/j.geomorph.2018.02.002",,,,unknown,,,False,,False,,False,,False,,,,False,,False,True,['Unknown'],1,['Moraine collapse'],1
629,,,,,Unnamed,Unnamed,Not mapped,,G086975E27756N,27.754,86.9438,4943,27.758,86.938,4778.0,Deposit,Moraine dammed,Y,N,15_2,11,Nepal,Koshi,Dudh Koshi,Unknown,Unknown,Unknown,,,,,,,,,,,,,,,,,,,,,,,,,,,,"(Zheng et al., 2021)","Zheng, G., Bao, A., Allen, S., Ballesteros-Canovas, J.A., Yuan, Y., Jiapaer, G., 2021. Numerous Unreported Glacial Lake Outburst Floods in the Third Pole Revealed by High-Resolution Satellite Data and Geomorphological Evidence. Science Bulletin. https://doi.org/10.1016/j.scib.2021.01.014.",,,,unknown,,,False,,False,,False,,False,,,,False,,True,True,['Unknown'],1,['Unknown'],1
630,,,,,Unknown,Unnamed,No lake,,G086961E27810N,27.8101,86.9568,5541,27.801,86.945,5088.0,Deposit,Moraine dammed,Y,N,15_2,11,Nepal,Koshi,Dudh Koshi,Unknown,Unknown,Unknown,,,,,,,,,,,,,,,,,,,,,,,,,,,,"(Zheng et al., 2021)","Zheng, G., Bao, A., Allen, S., Ballesteros-Canovas, J.A., Yuan, Y., Jiapaer, G., 2021. Numerous Unreported Glacial Lake Outburst Floods in the Third Pole Revealed by High-Resolution Satellite Data and Geomorphological Evidence. Science Bulletin. https://doi.org/10.1016/j.scib.2021.01.014.",,,,unknown,,,False,,False,,False,,False,,,,False,,True,True,['Unknown'],1,['Unknown'],1
631,,,,,Unnamed,Unnamed,GL086966E27799N,"2, 3, 4",G086994E27810N,27.799,86.966,5400,27.766,86.938,4820.0,Deposit,Moraine dammed,Y,N,15_2,11,Nepal,Koshi,Dudh Koshi,Unknown,Unknown,Unknown,,,,,,,,,,,,,,,,,,,,,,,,,,,,"(Zheng et al., 2021)","Zheng, G., Bao, A., Allen, S., Ballesteros-Canovas, J.A., Yuan, Y., Jiapaer, G., 2021. Numerous Unreported Glacial Lake Outburst Floods in the Third Pole Revealed by High-Resolution Satellite Data and Geomorphological Evidence. Science Bulletin. https://doi.org/10.1016/j.scib.2021.01.014.",,,,unknown,,,False,,False,,False,,False,,,,False,,True,True,['Unknown'],1,['Unknown'],1
632,,,,,Barun,Barun,GL087082E27845N,"2, 3, 4",G087096E27862N,27.843,87.081,4847,27.804,87.082,4674.0,Deposit,Moraine dammed,Y,N,15_2,11,Nepal,Koshi,Arun,Unknown,Unknown,Moraine collapse,,,,,,,,,,,,,,,,,,,,,,,,,,,,"(Mool, Bajracharya and Joshi, 2001; Ives, Shrestha and Mool, 2010; ICIMOD, 2011)","Mool, P.K., Bajracharya, S.R., Joshi, S.P., 2001. Inventory of Glaciers, Glacial Lakes and Glacial Lake Outburst Floods. ICIMOD, Kathmandu, Nepal; Ives, J.D., Shrestha, R.B., Mool, P.K., 2010. Formation of Glacial Lakes in the Hindu Kush-Himalayas and GLOF Risk Assessment. ICIMOD, Kathmandu, Nepal; ICIMOD, 2011. Glacial Lakes and Glacial Lake Outburst Floods in Nepal. ICIMOD",,,,unknown,,,False,,False,,False,,False,,,,False,,False,False,['Unknown'],1,['Moraine collapse'],1
633,,,,,Barun,Barun,GL087095E27829N,"2, 3, 4",G087107E27844N,27.829,87.094807,4847,27.804,87.082,4674.0,Deposit,Moraine dammed,Y,N,15_2,11,Nepal,Koshi,Arun,Unknown,Unknown,Moraine collapse,,,,,,,,,,,,,,,,,,,,,,,,,,,,"(Mool, Bajracharya and Joshi, 2001; Ives, Shrestha and Mool, 2010; ICIMOD, 2011)","Mool, P.K., Bajracharya, S.R., Joshi, S.P., 2001. Inventory of Glaciers, Glacial Lakes and Glacial Lake Outburst Floods. ICIMOD, Kathmandu, Nepal; Ives, J.D., Shrestha, R.B., Mool, P.K., 2010. Formation of Glacial Lakes in the Hindu Kush-Himalayas and GLOF Risk Assessment. ICIMOD, Kathmandu, Nepal; ICIMOD, 2011. Glacial Lakes and Glacial Lake Outburst Floods in Nepal. ICIMOD",,,,unknown,,,False,,False,,False,,False,,,,False,,False,False,['Unknown'],1,['Moraine collapse'],1
634,,,,,Unnamed,Unnamed,GL087130E27803N,"3, 4",G087134E27819N,27.8018,87.1283,4613,27.792,87.145,4109.0,Deposit,Moraine dammed,Y,N,15_2,11,Nepal,Koshi,Arun,Unknown,Unknown,Unknown,,,,,,,,,,,,,,,,,,,,,,,,,,,,"(Zheng et al., 2021)","Zheng, G., Bao, A., Allen, S., Ballesteros-Canovas, J.A., Yuan, Y., Jiapaer, G., 2021. Numerous Unreported Glacial Lake Outburst Floods in the Third Pole Revealed by High-Resolution Satellite Data and Geomorphological Evidence. Science Bulletin. https://doi.org/10.1016/j.scib.2021.01.014.",,,,unknown,,,False,,False,,False,,False,,,,False,,True,True,['Unknown'],1,['Unknown'],1
635,,,,,Unnamed,Unnamed,GL087230E29641N,4,G087229E29634N,29.640349,87.230561,5633,29.639,87.233,5585.0,Deposit,Moraine dammed,N,N,13_8,17,China,TAR,Dogxung Zangbo,Unknown,Unknown,Unknown,,,,,,,,,,,,,,,,,,,,,,,,,,,,"(Zheng et al., 2021)","Zheng, G., Bao, A., Allen, S., Ballesteros-Canovas, J.A., Yuan, Y., Jiapaer, G., 2021. Numerous Unreported Glacial Lake Outburst Floods in the Third Pole Revealed by High-Resolution Satellite Data and Geomorphological Evidence. Science Bulletin. https://doi.org/10.1016/j.scib.2021.01.014.",,,,unknown,,,False,,False,,False,,False,,,,False,,True,True,['Unknown'],1,['Unknown'],1
636,,,,,Unknown,Unnamed,Ephemeral,,G087619E27824N,27.8317,87.6256,5219,27.831,87.622,5115.0,Deposit,Moraine dammed,Y,N,15_2,11,China,TAR,Pumqu,Unknown,Unknown,Unknown,,,,,,,,,,,,,,,,,,,,,,,,,,,,"(Zheng et al., 2021)","Zheng, G., Bao, A., Allen, S., Ballesteros-Canovas, J.A., Yuan, Y., Jiapaer, G., 2021. Numerous Unreported Glacial Lake Outburst Floods in the Third Pole Revealed by High-Resolution Satellite Data and Geomorphological Evidence. Science Bulletin. https://doi.org/10.1016/j.scib.2021.01.014.",,,,unknown,,,False,,False,,False,,False,,,,False,,True,True,['Unknown'],1,['Unknown'],1
637,,,,,Unnamed,Unnamed,GL087629E27672N,"3, 4",G087620E27670N,27.672,87.6299,4874,27.66837,87.63248,4781.0,Deposit,Moraine dammed,Y,N,15_2,11,Nepal,Koshi,Tamor,Unknown,Unknown,Unknown,,,,,,,,,,,,,,,,,,,,,,,,,,,,"(Zheng et al., 2021)","Zheng, G., Bao, A., Allen, S., Ballesteros-Canovas, J.A., Yuan, Y., Jiapaer, G., 2021. Numerous Unreported Glacial Lake Outburst Floods in the Third Pole Revealed by High-Resolution Satellite Data and Geomorphological Evidence. Science Bulletin. https://doi.org/10.1016/j.scib.2021.01.014.",,,,unknown,,,False,,False,,False,,False,,,,False,,True,True,['Unknown'],1,['Unknown'],1
638,,,,,Unknown,Unnamed,Ephemeral,,G087845E27882N,27.8835,87.8298,5114,27.87,87.817,4579.0,Deposit,Moraine dammed,Y,N,15_2,11,Nepal,Koshi,Tamor,Unknown,Unknown,Unknown,,,,,,,,,,,,,,,,,,,,,,,,,,,,"(Zheng et al., 2021)","Zheng, G., Bao, A., Allen, S., Ballesteros-Canovas, J.A., Yuan, Y., Jiapaer, G., 2021. Numerous Unreported Glacial Lake Outburst Floods in the Third Pole Revealed by High-Resolution Satellite Data and Geomorphological Evidence. Science Bulletin. https://doi.org/10.1016/j.scib.2021.01.014.",,,,unknown,,,False,,False,,False,,False,,,,False,,True,True,['Unknown'],1,['Unknown'],1
639,Before 1962,,,,Jaritar,Sharphu,Ephemeral,,G087899E27761N,27.769867,87.87497,4360,27.75107,87.8617,3900.0,Deposit,Supraglacial,Y,N,15_2,11,Nepal,Koshi,Tamor,Unknown,Unknown,Unknown,,,,,,,,,,,,,,,,,,,,,,,,,,,,"(Byers et al., 2020)","Byers, A.C., Chand, M.B., Lala, J., Shrestha, M., Byers, E.A., Watanabe, T., 2020. Reconstructing the History of Glacial Lake Outburst Floods (GLOF) in the Kanchenjunga Conservation Area, East Nepal: An Interdisciplinary Approach. Sustainability 12, 5407. https://doi.org/10.3390/su12135407",,,1962.0,before,,,False,,False,,False,,False,,,,False,,False,False,['Unknown'],1,['Unknown'],1
640,,,,,Unnamed,Unnamed,Not mapped,,G087906E27706N,27.7047,87.8952,4640,27.705,87.891,4474.0,Deposit,Moraine dammed,Y,N,15_2,11,Nepal,Koshi,Tamor,Unknown,Unknown,Unknown,,,,,,,,,,,,,,,,,,,,,,,,,,,,"(Zheng et al., 2021)","Zheng, G., Bao, A., Allen, S., Ballesteros-Canovas, J.A., Yuan, Y., Jiapaer, G., 2021. Numerous Unreported Glacial Lake Outburst Floods in the Third Pole Revealed by High-Resolution Satellite Data and Geomorphological Evidence. Science Bulletin. https://doi.org/10.1016/j.scib.2021.01.014.",,,,unknown,,,False,,False,,False,,False,,,,False,,True,True,['Unknown'],1,['Unknown'],1
641,,,,,Unnamed,Unnamed,Not mapped,,G087923E27781N,27.7827,87.9362,4847,27.777,87.942,4760.0,Deposit,Moraine dammed,Y,N,15_2,11,Nepal,Koshi,Tamor,Unknown,Unknown,Unknown,,,,,,,,,,,,,,,,,,,,,,,,,,,,"(Zheng et al., 2021)","Zheng, G., Bao, A., Allen, S., Ballesteros-Canovas, J.A., Yuan, Y., Jiapaer, G., 2021. Numerous Unreported Glacial Lake Outburst Floods in the Third Pole Revealed by High-Resolution Satellite Data and Geomorphological Evidence. Science Bulletin. https://doi.org/10.1016/j.scib.2021.01.014.",,,,unknown,,,False,,False,,False,,False,,,,False,,True,True,['Unknown'],1,['Unknown'],1
642,Before 1962,,,,Khangpachen,Ramdan,Ephemeral,,G088084E27730N,27.766255,88.02664,4780,,,,,Supraglacial,Y,N,15_2,11,Nepal,Koshi,Tamor,Unknown,Unknown,Unknown,,,,,,,,,,,,,,,,,,,,,,,,,,,,"(Byers et al., 2020)","Byers, A.C., Chand, M.B., Lala, J., Shrestha, M., Byers, E.A., Watanabe, T., 2020. Reconstructing the History of Glacial Lake Outburst Floods (GLOF) in the Kanchenjunga Conservation Area, East Nepal: An Interdisciplinary Approach. Sustainability 12, 5407. https://doi.org/10.3390/su12135407",,,1962.0,before,,,False,,False,,False,,False,,,,False,,False,False,['Unknown'],1,['Unknown'],1
643,,,,,Unnamed,Unnamed,GL088078E27835N,"2, 3, 4",G088072E27848N,27.8349,88.0787,5645,27.828,88.084,5446.0,Deposit,Moraine dammed,Y,N,15_2,11,Nepal,Koshi,Tamor,Unknown,Unknown,Unknown,,,,,,,,,,,,,,,,,,,,,,,,,,,,"(Zheng et al., 2021)","Zheng, G., Bao, A., Allen, S., Ballesteros-Canovas, J.A., Yuan, Y., Jiapaer, G., 2021. Numerous Unreported Glacial Lake Outburst Floods in the Third Pole Revealed by High-Resolution Satellite Data and Geomorphological Evidence. Science Bulletin. https://doi.org/10.1016/j.scib.2021.01.014.",,,,unknown,,,False,,False,,False,,False,,,,False,,True,True,['Unknown'],1,['Unknown'],1
644,1992-1993,,,,Unknown,Unnamed,Ephemeral,,G088110E27587N,27.564916,88.107834,4727,27.54,88.135,4210.0,Deposit,Supraglacial,N,N,15_2,12,India,Sikkim,East Rathong,Unknown,Unknown,Unknown,,,,,,,,,,,,,,,,,,,,,,,,,,,,"(Veh et al., 2019)","Veh, G., Korup, O., von Specht, S., Roessner, S., Walz, A., 2019. Unchanged frequency of moraine-dammed glacial lake outburst floods in the Himalaya. Nature Climate Change 9, 379–383. https://doi.org/10.1038/s41558-019-0437-5",,,1992.0,range,,,False,,False,,False,,False,,,,False,,True,True,['Unknown'],1,['Unknown'],1
645,,,,,Unnamed,Unnamed,GL088185E27602N,"2, 3, 4",G088171E27606N,27.6017,88.1858,4805,27.58292,88.18876,4580.0,Deposit,Moraine dammed,N,N,15_2,12,India,Sikkim,East Rathong,Unknown,Unknown,Unknown,,,,,,,,,,,,,,,,,,,,,,,,,,,,"(Zheng et al., 2021)","Zheng, G., Bao, A., Allen, S., Ballesteros-Canovas, J.A., Yuan, Y., Jiapaer, G., 2021. Numerous Unreported Glacial Lake Outburst Floods in the Third Pole Revealed by High-Resolution Satellite Data and Geomorphological Evidence. Science Bulletin. https://doi.org/10.1016/j.scib.2021.01.014.",,,,unknown,,,False,,False,,False,,False,,,,False,,True,True,['Unknown'],1,['Unknown'],1
646,,,,,South Lhonak,South Lhonak,GL088199E27913N,"2, 3, 4",G088155E27898N,27.913,88.1981,5203,27.896,88.28,4864.0,Deposit,Moraine dammed,N,Y,15_2,12,India,Sikkim,Zemu,Unknown,Unknown,Unknown,,,,,,,,,,,,,,,,,,,,,,,,,,,,"(Zheng et al., 2021)","Zheng, G., Bao, A., Allen, S., Ballesteros-Canovas, J.A., Yuan, Y., Jiapaer, G., 2021. Numerous Unreported Glacial Lake Outburst Floods in the Third Pole Revealed by High-Resolution Satellite Data and Geomorphological Evidence. Science Bulletin. https://doi.org/10.1016/j.scib.2021.01.014.",,,,unknown,,,False,,False,,False,,False,,,,False,,False,False,['Unknown'],1,['Unknown'],1
647,,,,,Unnamed,Unnamed,Not mapped,,G088234E27868N,27.859,88.2373,5420,27.85548,88.23737,5315.0,Deposit,Moraine dammed,N,N,15_2,12,India,Sikkim,Zemu,Unknown,Unknown,Unknown,,,,,,,,,,,,,,,,,,,,,,,,,,,,"(Zheng et al., 2021)","Zheng, G., Bao, A., Allen, S., Ballesteros-Canovas, J.A., Yuan, Y., Jiapaer, G., 2021. Numerous Unreported Glacial Lake Outburst Floods in the Third Pole Revealed by High-Resolution Satellite Data and Geomorphological Evidence. Science Bulletin. https://doi.org/10.1016/j.scib.2021.01.014.",,,,unknown,,,False,,False,,False,,False,,,,False,,True,True,['Unknown'],1,['Unknown'],1
648,,,,,Unnamed,Unnamed,GL088267E27937N,"2, 3, 4",G088261E27938N,27.9352,88.2708,5214,27.936,88.274,5130.0,Deposit,Moraine dammed,N,N,15_2,12,India,Sikkim,Zemu,Unknown,Unknown,Unknown,,,,,,,,,,,,,,,,,,,,,,,,,,,,"(Zheng et al., 2021)","Zheng, G., Bao, A., Allen, S., Ballesteros-Canovas, J.A., Yuan, Y., Jiapaer, G., 2021. Numerous Unreported Glacial Lake Outburst Floods in the Third Pole Revealed by High-Resolution Satellite Data and Geomorphological Evidence. Science Bulletin. https://doi.org/10.1016/j.scib.2021.01.014.",,,,unknown,,,False,,False,,False,,False,,,,False,,True,True,['Unknown'],1,['Unknown'],1
649,,,,,Unnamed,Unnamed,GL088300E29849N,"2, 3, 4",G088300E29848N,29.850165,88.298174,5715,29.913,88.257,4710.0,Deposit,Moraine dammed,N,N,13_8,17,China,TAR,Dogxung Zangbo,Unknown,Unknown,Unknown,,,,,,,,,,,,,,,,,,,,,,,,,,,,"(Zheng et al., 2021)","Zheng, G., Bao, A., Allen, S., Ballesteros-Canovas, J.A., Yuan, Y., Jiapaer, G., 2021. Numerous Unreported Glacial Lake Outburst Floods in the Third Pole Revealed by High-Resolution Satellite Data and Geomorphological Evidence. Science Bulletin. https://doi.org/10.1016/j.scib.2021.01.014.",,,,unknown,,,False,,False,,False,,False,,,,False,,True,True,['Unknown'],1,['Unknown'],1
650,,,,,Unnamed,Unknown,GL088309E29782N,4,No glacier,29.782404,88.308976,5672,29.782,88.322,5415.0,Deposit,Moraine dammed,N,N,13_8,17,China,TAR,Yarlung Zangbo,Unknown,Unknown,Unknown,,,,,,,,,,,,,,,,,,,,,,,,,,,,"(Zheng et al., 2021)","Zheng, G., Bao, A., Allen, S., Ballesteros-Canovas, J.A., Yuan, Y., Jiapaer, G., 2021. Numerous Unreported Glacial Lake Outburst Floods in the Third Pole Revealed by High-Resolution Satellite Data and Geomorphological Evidence. Science Bulletin. https://doi.org/10.1016/j.scib.2021.01.014.",,,,unknown,,,False,,False,,False,,False,,,,False,,True,True,['Unknown'],1,['Unknown'],1
651,,,,,Unnamed,Unnamed,GL088365E29874N,"2, 3, 4",G088360E29877N,29.873545,88.364841,5716,29.853,88.38,5255.0,Deposit,Moraine dammed,N,N,13_8,17,China,TAR,Yarlung Zangbo,Unknown,Unknown,Unknown,,,,,,,,,,,,,,,,,,,,,,,,,,,,"(Zheng et al., 2021)","Zheng, G., Bao, A., Allen, S., Ballesteros-Canovas, J.A., Yuan, Y., Jiapaer, G., 2021. Numerous Unreported Glacial Lake Outburst Floods in the Third Pole Revealed by High-Resolution Satellite Data and Geomorphological Evidence. Science Bulletin. https://doi.org/10.1016/j.scib.2021.01.014.",,,,unknown,,,False,,False,,False,,False,,,,False,,True,True,['Unknown'],1,['Unknown'],1
652,,,,,Unnamed,Unnamed,GL088494E28007N,"2, 3, 4",G088523E28019N,28.0057,88.4931,5029,27.99648,88.47928,4860.0,Deposit,Moraine dammed,N,N,15_2,12,India,Sikkim,Zemu,Unknown,Unknown,Unknown,,,,,,,,,,,,,,,,,,,,,,,,,,,,"(Zheng et al., 2021)","Zheng, G., Bao, A., Allen, S., Ballesteros-Canovas, J.A., Yuan, Y., Jiapaer, G., 2021. Numerous Unreported Glacial Lake Outburst Floods in the Third Pole Revealed by High-Resolution Satellite Data and Geomorphological Evidence. Science Bulletin. https://doi.org/10.1016/j.scib.2021.01.014.",,,,unknown,,,False,,False,,False,,False,,,,False,,True,True,['Unknown'],1,['Unknown'],1
653,,,,,Unnamed,Unnamed,GL088521E43827N,"2, 3, 4",G088524E43822N,43.827488,88.521843,3746,43.827,88.51,3550.0,Deposit,Moraine dammed,N,N,13_4,2,China,Xinjiang,Dzungarian,Unknown,Unknown,Unknown,,,,,,,,,,,,,,,,,,,,,,,,,,,,"(Zheng et al., 2021)","Zheng, G., Bao, A., Allen, S., Ballesteros-Canovas, J.A., Yuan, Y., Jiapaer, G., 2021. Numerous Unreported Glacial Lake Outburst Floods in the Third Pole Revealed by High-Resolution Satellite Data and Geomorphological Evidence. Science Bulletin. https://doi.org/10.1016/j.scib.2021.01.014.",,,,unknown,,,False,,False,,False,,False,,,,False,,True,True,['Unknown'],1,['Unknown'],1
654,,,,,Unnamed,Unnamed,GL088572E28008N,"2, 3, 4",G088545E28014N,28.0073,88.5718,5004,27.986,88.592,4625.0,Deposit,Moraine dammed,N,N,15_2,12,India,Sikkim,Zemu,Unknown,Unknown,Unknown,,,,,,,,,,,,,,,,,,,,,,,,,,,,"(Zheng et al., 2021)","Zheng, G., Bao, A., Allen, S., Ballesteros-Canovas, J.A., Yuan, Y., Jiapaer, G., 2021. Numerous Unreported Glacial Lake Outburst Floods in the Third Pole Revealed by High-Resolution Satellite Data and Geomorphological Evidence. Science Bulletin. https://doi.org/10.1016/j.scib.2021.01.014.",,,,unknown,,,False,,False,,False,,False,,,,False,,True,True,['Unknown'],1,['Unknown'],1
655,,,,,Unnamed,Unnamed,GL088863E27865N,"2, 3, 4",G088870E27877N,27.8642,88.8627,4805,27.85748,88.85753,4747.0,Deposit,Moraine dammed,N,N,15_2,12,India,Sikkim,Changme,Unknown,Unknown,Unknown,,,,,,,,,,,,,,,,,,,,,,,,,,,,"(Zheng et al., 2021)","Zheng, G., Bao, A., Allen, S., Ballesteros-Canovas, J.A., Yuan, Y., Jiapaer, G., 2021. Numerous Unreported Glacial Lake Outburst Floods in the Third Pole Revealed by High-Resolution Satellite Data and Geomorphological Evidence. Science Bulletin. https://doi.org/10.1016/j.scib.2021.01.014.",,,,unknown,,,False,,False,,False,,False,,,,False,,True,True,['Unknown'],1,['Unknown'],1
656,,,,,Unnamed,Unnamed,GL089230E27809N,"2, 3, 4",G089249E27810N,27.8086,89.2292,5155,27.81039,89.2088,4870.0,Deposit,Moraine dammed,N,N,15_2,12,China,TAR,Amo Chhu,Unknown,Unknown,Unknown,,,,,,,,,,,,,,,,,,,,,,,,,,,,"(Zheng et al., 2021)","Zheng, G., Bao, A., Allen, S., Ballesteros-Canovas, J.A., Yuan, Y., Jiapaer, G., 2021. Numerous Unreported Glacial Lake Outburst Floods in the Third Pole Revealed by High-Resolution Satellite Data and Geomorphological Evidence. Science Bulletin. https://doi.org/10.1016/j.scib.2021.01.014.",,,,unknown,,,False,,False,,False,,False,,,,False,,True,True,['Unknown'],1,['Unknown'],1
657,,,,,Unnamed,Unnamed,GL089248E27837N,"2, 3, 4",G089264E27828N,27.8422,89.2406,5410,27.84333,89.23662,5330.0,Deposit,Moraine dammed,N,N,15_2,12,China,TAR,Nian Chu,Unknown,Unknown,Unknown,,,,,,,,,,,,,,,,,,,,,,,,,,,,"(Zheng et al., 2021)","Zheng, G., Bao, A., Allen, S., Ballesteros-Canovas, J.A., Yuan, Y., Jiapaer, G., 2021. Numerous Unreported Glacial Lake Outburst Floods in the Third Pole Revealed by High-Resolution Satellite Data and Geomorphological Evidence. Science Bulletin. https://doi.org/10.1016/j.scib.2021.01.014.",,,,unknown,,,False,,False,,False,,False,,,,False,,True,True,['Unknown'],1,['Unknown'],1
658,Before 1966,,,,Jhomohari South,Unnamed,GL089268E27789N,"2, 3, 4",G089269E27806N,27.789,89.267,4550,27.785,89.265,4359.0,Deposit,Moraine dammed,Y,N,15_2,12,Bhutan,Thimphu,Pa Chhu,Unknown,Ice avalanche,Unknown,,,,,,,,,,,,,,,,,,,,,,,,,,,,"(Komori et al., 2012)","Komori, J., Koike, T., Yamanokuchi, T., Tshering, P., 2012. Glacial Lake Outburst Events in the Bhutan Himalayas. Global Environmental Research 16, 59–70",,,1966.0,before,,,False,,False,,False,,False,,,,False,,False,True,['Ice avalanche'],1,['Unknown'],1
659,,,,,Unnamed,Zhuomolali,GL089268E27853N,"2, 3, 4",G089275E27841N,27.8558,89.2661,5279,27.86144,89.26324,5200.0,Deposit,Moraine dammed,N,N,15_2,12,China,TAR,Nian Chu,Unknown,Unknown,Unknown,,,,,,,,,,,,,,,,,,,,,,,,,,,,"(Zheng et al., 2021)","Zheng, G., Bao, A., Allen, S., Ballesteros-Canovas, J.A., Yuan, Y., Jiapaer, G., 2021. Numerous Unreported Glacial Lake Outburst Floods in the Third Pole Revealed by High-Resolution Satellite Data and Geomorphological Evidence. Science Bulletin. https://doi.org/10.1016/j.scib.2021.01.014.",,,,unknown,,,False,,False,,False,,False,,,,False,,True,False,['Unknown'],1,['Unknown'],1
660,Before 1966,,,,JiChudrake North 1,Unnamed,GL089312E27878N,"2, 3, 4",G089315E27862N,27.88,89.31,5010,27.893,89.314,3950.0,Deposit,Moraine dammed,N,N,15_2,12,China,TAR,Nian Chu,Unknown,Ice calving,Unknown,,,,,,,,,,,,,,,,,,,,,,,,,,,,"(Komori et al., 2012)","Komori, J., Koike, T., Yamanokuchi, T., Tshering, P., 2012. Glacial Lake Outburst Events in the Bhutan Himalayas. Global Environmental Research 16, 59–70",,,1966.0,before,,,False,,False,,False,,False,,,,False,,False,True,['Ice calving'],1,['Unknown'],1
661,1966-1974,,,,Unnamed,Unnamed,GL089350E27803N,"2, 4",G089323E27832N,27.804,89.35,4356,,,,,Moraine dammed,Y,N,15_2,12,Bhutan,Thimphu,Pa Chhu,Unknown,Ice avalanche,Unknown,,,,,,,,,,,,,,,,,,,,,,,,,,,,"(Komori et al., 2012)","Komori, J., Koike, T., Yamanokuchi, T., Tshering, P., 2012. Glacial Lake Outburst Events in the Bhutan Himalayas. Global Environmental Research 16, 59–70",,,1970.0,range,,,False,,False,,False,,False,,,,False,,True,True,['Ice avalanche'],1,['Unknown'],1
662,Before 1966,,,,JiChudrake North 2,Unnamed,GL089351E27884N,"2, 3, 4",G089351E27872N,27.885,89.351,4990,27.933,89.348,4605.0,Deposit,Moraine dammed,N,N,15_2,12,China,TAR,Nian Chu,Unknown,Ice avalanche,Unknown,,,,,,,,,,,,,,,,,,,,,,,,,,,,"(Komori et al., 2012)","Komori, J., Koike, T., Yamanokuchi, T., Tshering, P., 2012. Glacial Lake Outburst Events in the Bhutan Himalayas. Global Environmental Research 16, 59–70",,,1966.0,before,,,False,,False,,False,,False,,,,False,,False,True,['Ice avalanche'],1,['Unknown'],1
663,,,,,Unnamed,Unnamed,GL089367E27892N,"2, 3, 4",G089368E27882N,27.8916,89.3665,4986,27.905,89.375,4726.0,Deposit,Moraine dammed,N,N,15_2,12,China,TAR,Nian Chu,Unknown,Unknown,Unknown,,,,,,,,,,,,,,,,,,,,,,,,,,,,"(Zheng et al., 2021)","Zheng, G., Bao, A., Allen, S., Ballesteros-Canovas, J.A., Yuan, Y., Jiapaer, G., 2021. Numerous Unreported Glacial Lake Outburst Floods in the Third Pole Revealed by High-Resolution Satellite Data and Geomorphological Evidence. Science Bulletin. https://doi.org/10.1016/j.scib.2021.01.014.",,,,unknown,,,False,,False,,False,,False,,,,False,,True,True,['Unknown'],1,['Unknown'],1
664,Before 1966,,,,Upper Chokham Tsho,Unnamed,GL089370E27836N,"2, 3, 4",G089351E27842N,27.836,89.37,4430,27.837,89.379,4348.0,Deposit,Moraine dammed,Y,N,15_2,12,Bhutan,Thimphu,Mo Chhu,Unknown,Ice avalanche,Unknown,,,,,,,,,,,,,,,,,,,,,,,,,,,,"(Komori et al., 2012)","Komori, J., Koike, T., Yamanokuchi, T., Tshering, P., 2012. Glacial Lake Outburst Events in the Bhutan Himalayas. Global Environmental Research 16, 59–70",,,1966.0,before,,,False,,False,,False,,False,,,,False,,False,True,['Ice avalanche'],1,['Unknown'],1
665,,,,,Unnamed,Unnamed,Not mapped,,G089500E28100N,28.1097,89.4912,5281,28.10469,89.47864,5025.0,Deposit,Moraine dammed,N,N,15_2,12,China,TAR,Nian Chu,Unknown,Unknown,Unknown,,,,,,,,,,,,,,,,,,,,,,,,,,,,"(Zheng et al., 2021)","Zheng, G., Bao, A., Allen, S., Ballesteros-Canovas, J.A., Yuan, Y., Jiapaer, G., 2021. Numerous Unreported Glacial Lake Outburst Floods in the Third Pole Revealed by High-Resolution Satellite Data and Geomorphological Evidence. Science Bulletin. https://doi.org/10.1016/j.scib.2021.01.014.",,,,unknown,,,False,,False,,False,,False,,,,False,,True,True,['Unknown'],1,['Unknown'],1
666,,,,,Unnamed,Unnamed,GL089513E28123N,"2, 3, 4",G089527E28102N,28.1229,89.5134,5214,28.171,89.498,4660.0,Deposit,Moraine dammed,N,N,15_2,12,China,TAR,Nian Chu,Unknown,Unknown,Unknown,,,,,,,,,,,,,,,,,,,,,,,,,,,,"(Zheng et al., 2021)","Zheng, G., Bao, A., Allen, S., Ballesteros-Canovas, J.A., Yuan, Y., Jiapaer, G., 2021. Numerous Unreported Glacial Lake Outburst Floods in the Third Pole Revealed by High-Resolution Satellite Data and Geomorphological Evidence. Science Bulletin. https://doi.org/10.1016/j.scib.2021.01.014.",,,,unknown,,,False,,False,,False,,False,,,,False,,True,True,['Unknown'],1,['Unknown'],1
667,,,,,Unnamed,Unnamed,GL089534E28138N,"2, 3, 4",G089544E28117N,28.1384,89.5339,5298,28.159,89.537,4980.0,Deposit,Moraine dammed,N,N,15_2,12,China,TAR,Nian Chu,Unknown,Unknown,Unknown,,,,,,,,,,,,,,,,,,,,,,,,,,,,"(Zheng et al., 2021)","Zheng, G., Bao, A., Allen, S., Ballesteros-Canovas, J.A., Yuan, Y., Jiapaer, G., 2021. Numerous Unreported Glacial Lake Outburst Floods in the Third Pole Revealed by High-Resolution Satellite Data and Geomorphological Evidence. Science Bulletin. https://doi.org/10.1016/j.scib.2021.01.014.",,,,unknown,,,False,,False,,False,,False,,,,False,,True,True,['Unknown'],1,['Unknown'],1
668,,,,,Unnamed,Unknown,Not mapped,,No glacier,29.207733,89.598351,5201,29.188,89.609,4540.0,Deposit,Bedrock,N,N,13_8,12,China,TAR,Nian Chu,Unknown,Unknown,Unknown,,,,,,,,,,,,,,,,,,,,,,,,,,,,"(Zheng et al., 2021)","Zheng, G., Bao, A., Allen, S., Ballesteros-Canovas, J.A., Yuan, Y., Jiapaer, G., 2021. Numerous Unreported Glacial Lake Outburst Floods in the Third Pole Revealed by High-Resolution Satellite Data and Geomorphological Evidence. Science Bulletin. https://doi.org/10.1016/j.scib.2021.01.014.",,,,unknown,,,False,,False,,False,,False,,,,False,,True,True,['Unknown'],1,['Unknown'],1
669,Before 1966,,,,Simdong Goi Tsho,Unnamed,GL089812E28217N,2,G089826E28227N,28.217,89.811,5030,28.197,89.818,4613.0,Deposit,Moraine dammed,Y,N,15_2,12,Bhutan,Punakha,Mo Chhu,Unknown,Unknown,Unknown,,,,,,,,,,,,,,,,,,,,,,,,,,,,"(Komori et al., 2012)","Komori, J., Koike, T., Yamanokuchi, T., Tshering, P., 2012. Glacial Lake Outburst Events in the Bhutan Himalayas. Global Environmental Research 16, 59–70",,,1966.0,before,,,False,,False,,False,,False,,,,False,,False,True,['Unknown'],1,['Unknown'],1
670,,,,,Unnamed,Unnamed,GL089848E28067N,"2, 3, 4",G089855E28066N,28.0673,89.8479,4769,28.066,89.841,4575.0,Deposit,Moraine dammed,N,N,15_2,12,Bhutan,Punakha,Mo Chhu,Unknown,Unknown,Unknown,,,,,,,,,,,,,,,,,,,,,,,,,,,,"(Zheng et al., 2021)","Zheng, G., Bao, A., Allen, S., Ballesteros-Canovas, J.A., Yuan, Y., Jiapaer, G., 2021. Numerous Unreported Glacial Lake Outburst Floods in the Third Pole Revealed by High-Resolution Satellite Data and Geomorphological Evidence. Science Bulletin. https://doi.org/10.1016/j.scib.2021.01.014.",,,,unknown,,,False,,False,,False,,False,,,,False,,True,True,['Unknown'],1,['Unknown'],1
671,,,,,Unnamed,Unnamed,Not mapped,,G089868E29548N,29.551365,89.857784,5550,29.549,89.843,5200.0,Deposit,Moraine dammed,N,N,13_8,18,China,TAR,Yarlung Zangbo,Unknown,Unknown,Unknown,,,,,,,,,,,,,,,,,,,,,,,,,,,,"(Zheng et al., 2021)","Zheng, G., Bao, A., Allen, S., Ballesteros-Canovas, J.A., Yuan, Y., Jiapaer, G., 2021. Numerous Unreported Glacial Lake Outburst Floods in the Third Pole Revealed by High-Resolution Satellite Data and Geomorphological Evidence. Science Bulletin. https://doi.org/10.1016/j.scib.2021.01.014.",,,,unknown,,,False,,False,,False,,False,,,,False,,True,True,['Unknown'],1,['Unknown'],1
672,Before 1966,,,,Unnamed,Unnamed,GL089894E28036N,"2, 3, 4",G089890E28044N,28.035,89.894,5200,28.05032,89.93115,5028.0,Deposit,Moraine dammed,Y,N,15_2,12,Bhutan,Punakha,Pho Chhu,Unknown,Ice avalanche,Unknown,,,,,,,,,,,,,,,,,,,,,,,,,,,,"(Komori et al., 2012)","Komori, J., Koike, T., Yamanokuchi, T., Tshering, P., 2012. Glacial Lake Outburst Events in the Bhutan Himalayas. Global Environmental Research 16, 59–70",,Flood sediment reached 13km downstream to the junction with the main valley,1966.0,before,,,False,,False,,False,,False,,,,False,,True,True,['Ice avalanche'],1,['Unknown'],1
673,,,,,Unnamed,Unnamed,GL089929E27921N,"2, 3, 4",G089945E27937N,27.9211,89.9291,4836,27.913,89.923,4737.0,Deposit,Moraine dammed,Y,N,15_2,12,Bhutan,Punakha,Pho Chhu,Unknown,Unknown,Unknown,,,,,,,,,,,,,,,,,,,,,,,,,,,,"(Zheng et al., 2021)","Zheng, G., Bao, A., Allen, S., Ballesteros-Canovas, J.A., Yuan, Y., Jiapaer, G., 2021. Numerous Unreported Glacial Lake Outburst Floods in the Third Pole Revealed by High-Resolution Satellite Data and Geomorphological Evidence. Science Bulletin. https://doi.org/10.1016/j.scib.2021.01.014.",,,,unknown,,,False,,False,,False,,False,,,,False,,True,True,['Unknown'],1,['Unknown'],1
674,,,,,Unnamed,Unnamed,GL090136E28949N,"2, 3, 4",G090154E28942N,28.949676,90.135797,4976,28.954,90.114,4810.0,Deposit,Moraine dammed,N,N,13_8,12,China,TAR,Nian Chu,Unknown,Unknown,Unknown,,,,,,,,,,,,,,,,,,,,,,,,,,,,"(Zheng et al., 2021)","Zheng, G., Bao, A., Allen, S., Ballesteros-Canovas, J.A., Yuan, Y., Jiapaer, G., 2021. Numerous Unreported Glacial Lake Outburst Floods in the Third Pole Revealed by High-Resolution Satellite Data and Geomorphological Evidence. Science Bulletin. https://doi.org/10.1016/j.scib.2021.01.014.",,,,unknown,,,False,,False,,False,,False,,,,False,,True,True,['Unknown'],1,['Unknown'],1
675,,,,,Unnamed,Unnamed,Not mapped,,G090239E29831N,29.830137,90.238011,5749,29.826,90.233,5487.0,Deposit,Moraine dammed,N,N,13_8,18,China,TAR,Lhasa,Unknown,Unknown,Unknown,,,,,,,,,,,,,,,,,,,,,,,,,,,,"(Zheng et al., 2021)","Zheng, G., Bao, A., Allen, S., Ballesteros-Canovas, J.A., Yuan, Y., Jiapaer, G., 2021. Numerous Unreported Glacial Lake Outburst Floods in the Third Pole Revealed by High-Resolution Satellite Data and Geomorphological Evidence. Science Bulletin. https://doi.org/10.1016/j.scib.2021.01.014.",,,,unknown,,,False,,False,,False,,False,,,,False,,True,True,['Unknown'],1,['Unknown'],1
676,,,,,Unnamed,Unnamed,GL090254E27813N,"2, 3, 4",G090269E27831N,27.813168,90.254283,4827,27.81079,90.2478,4785.0,Deposit,Bedrock,Y,N,15_2,12,Bhutan,Wangdue Phodrang,Mangde Chhu,Unknown,Unknown,Unknown,,,,,,,,,,,,,,,,,,,,,,,,,,,,"(Zheng et al., 2021)","Zheng, G., Bao, A., Allen, S., Ballesteros-Canovas, J.A., Yuan, Y., Jiapaer, G., 2021. Numerous Unreported Glacial Lake Outburst Floods in the Third Pole Revealed by High-Resolution Satellite Data and Geomorphological Evidence. Science Bulletin. https://doi.org/10.1016/j.scib.2021.01.014.",,,,unknown,,,False,,False,,False,,False,,,,False,,True,True,['Unknown'],1,['Unknown'],1
677,1960s,,,,Unknown,Glaciers in Lunana,,,G090313E28024N,28.0351,90.3099,5293,27.35,89.52,1220.0,Observation,Unknown,Y,N,15_2,12,Bhutan,Punakha,Pho Chhu,Unknown,Unknown,Unknown,,,,,destroyed Punakha dzong,,,,,,,,,,,,,,,,,,,,,,,"(Ives, Shrestha and Mool, 2010; Komori et al., 2012; Carrivick and Tweed, 2016)","Ives, J.D., Shrestha, R.B., Mool, P.K., 2010. Formation of Glacial Lakes in the Hindu Kush-Himalayas and GLOF Risk Assessment. ICIMOD, Kathmandu, Nepal; Komori, J., Koike, T., Yamanokuchi, T., Tshering, P., 2012. Glacial Lake Outburst Events in the Bhutan Himalayas. Global Environmental Research 16, 59–70; Carrivick, J.L., Tweed, F.S., 2016. A global assessment of the societal impacts of glacier outburst floods. Global and Planetary Change 144, 1–16. https://doi.org/10.1016/j.gloplacha.2016.07.001",,Flood lasted for 5 days,1965.0,decade,,,False,,False,+,True,,False,,,,False,,True,False,['Unknown'],1,['Unknown'],1
678,,,,,Unnamed,Unnamed,Not mapped,,G090313E28024N,28.0114,90.3222,5515,28.00996,90.32552,5400.0,Deposit,Moraine dammed,N,N,15_2,12,Bhutan,Punakha,Mangde Chhu,Unknown,Unknown,Unknown,,,,,,,,,,,,,,,,,,,,,,,,,,,,"(Zheng et al., 2021)","Zheng, G., Bao, A., Allen, S., Ballesteros-Canovas, J.A., Yuan, Y., Jiapaer, G., 2021. Numerous Unreported Glacial Lake Outburst Floods in the Third Pole Revealed by High-Resolution Satellite Data and Geomorphological Evidence. Science Bulletin. https://doi.org/10.1016/j.scib.2021.01.014.",,,,unknown,,,False,,False,,False,,False,,,,False,,True,True,['Unknown'],1,['Unknown'],1
679,1990-1991,,,,Drukchung,Unnamed,GL090326E28087N,"2, 3, 4",G090349E28085N,28.087,90.326,4706,28.09,90.316,4582.0,Deposit,Moraine dammed,Y,Y,15_2,12,Bhutan,Punakha,Pho Chhu,Unknown,Unknown,Unknown,,,,,,,,,,,,,,,,,,,,,,,,,,,,"(Veh et al., 2019)","Veh, G., Korup, O., von Specht, S., Roessner, S., Walz, A., 2019. Unchanged frequency of moraine-dammed glacial lake outburst floods in the Himalaya. Nature Climate Change 9, 379–383. https://doi.org/10.1038/s41558-019-0437-5",,,1990.0,range,,,False,,False,,False,,False,,,,False,,False,True,['Unknown'],1,['Unknown'],1
680,2009-2010,,,,Drukchung,Unnamed,GL090326E28087N,"2, 3, 4",G090349E28085N,28.087,90.326,4706,28.09,90.316,4582.0,Deposit,Moraine dammed,Y,Y,15_2,12,Bhutan,Punakha,Pho Chhu,Unknown,Unknown,Unknown,,,,,,,,,,,,,,,,,,,,,,,,,,,,"(Veh et al., 2019)","Veh, G., Korup, O., von Specht, S., Roessner, S., Walz, A., 2019. Unchanged frequency of moraine-dammed glacial lake outburst floods in the Himalaya. Nature Climate Change 9, 379–383. https://doi.org/10.1038/s41558-019-0437-5",,,2010.0,range,,,False,,False,,False,,False,,,,False,,False,True,['Unknown'],1,['Unknown'],1
681,,,,,Unnamed,Unnamed,GL090455E30287N,"2, 3, 4",G090466E30294N,30.286856,90.455002,5704,30.284,90.444,5500.0,Deposit,Moraine dammed,N,N,13_8,18,China,TAR,Lhasa,Unknown,Unknown,Unknown,,,,,,,,,,,,,,,,,,,,,,,,,,,,"(Zheng et al., 2021)","Zheng, G., Bao, A., Allen, S., Ballesteros-Canovas, J.A., Yuan, Y., Jiapaer, G., 2021. Numerous Unreported Glacial Lake Outburst Floods in the Third Pole Revealed by High-Resolution Satellite Data and Geomorphological Evidence. Science Bulletin. https://doi.org/10.1016/j.scib.2021.01.014.",,,,unknown,,,False,,False,,False,,False,,,,False,,True,True,['Unknown'],1,['Unknown'],1
682,,,,,Unnamed,Unnamed,GL090506E28241N,"2, 3, 4",G090503E28214N,28.2419,90.5062,5482,28.332,90.501,4500.0,Deposit,Moraine dammed,Y,N,15_2,12,China,TAR,Kuri Chhu,Unknown,Unknown,Unknown,,,,,,,,,,,,,,,,,,,,,,,,,,,,"(Zheng et al., 2021)","Zheng, G., Bao, A., Allen, S., Ballesteros-Canovas, J.A., Yuan, Y., Jiapaer, G., 2021. Numerous Unreported Glacial Lake Outburst Floods in the Third Pole Revealed by High-Resolution Satellite Data and Geomorphological Evidence. Science Bulletin. https://doi.org/10.1016/j.scib.2021.01.014.",,,,unknown,,,False,,False,,False,,False,,,,False,,True,True,['Unknown'],1,['Unknown'],1
683,,,,,Unnamed,Unnamed,GL090520E29849N,"2, 3, 4",G090519E29841N,29.849266,90.519983,5471,29.859,90.527,5257.0,Deposit,Moraine dammed,N,N,13_8,18,China,TAR,Lhasa,Unknown,Unknown,Unknown,,,,,,,,,,,,,,,,,,,,,,,,,,,,"(Zheng et al., 2021)","Zheng, G., Bao, A., Allen, S., Ballesteros-Canovas, J.A., Yuan, Y., Jiapaer, G., 2021. Numerous Unreported Glacial Lake Outburst Floods in the Third Pole Revealed by High-Resolution Satellite Data and Geomorphological Evidence. Science Bulletin. https://doi.org/10.1016/j.scib.2021.01.014.",,,,unknown,,,False,,False,,False,,False,,,,False,,True,True,['Unknown'],1,['Unknown'],1
684,,,,,Unnamed,Dongzhi,GL090576E28167N,"2, 3, 4",G090574E28184N,28.167,90.5761,5418,28.15,90.582,5000.0,Deposit,Moraine dammed,Y,N,15_2,12,China,TAR,Kuri Chhu,Unknown,Unknown,Unknown,,,,,,,,,,,,,,,,,,,,,,,,,,,,"(Zheng et al., 2021)","Zheng, G., Bao, A., Allen, S., Ballesteros-Canovas, J.A., Yuan, Y., Jiapaer, G., 2021. Numerous Unreported Glacial Lake Outburst Floods in the Third Pole Revealed by High-Resolution Satellite Data and Geomorphological Evidence. Science Bulletin. https://doi.org/10.1016/j.scib.2021.01.014.",,,,unknown,,,False,,False,,False,,False,,,,False,,True,False,['Unknown'],1,['Unknown'],1
685,1950s,,,,Lure Co,Unnamed,GL090590E28274N,"2, 3, 4",G090584E28248N,28.27,90.59,5720,28.345,90.541,4430.0,Deposit,Moraine dammed,Y,N,15_2,12,China,TAR,Kuri Chhu,Unknown,Unknown,Unknown,,,,,,,,,,,,,,,,,,,,,,,,,,,,"(Yao et al., 2014; Nie et al., 2018)","Yao, X.J., Liu, S.Y., Sun, M.P., Zhang, X.J., 2014. Study on the glacial lake outburst flood events in Tibet since the 20th century. Journal of Natural Resources 29(8), 1377–1390. http://www.jnr.ac.cn/EN/10.11849/zrzyxb.2014.08.010; Nie, Y., Liu, Q., Wang, J., Zhang, Y., Sheng, Y., Liu, S., 2018. An inventory of historical glacial lake outburst floods in the Himalayas based on remote sensing observations and geomorphological analysis. Geomorphology 308, 91–106. https://doi.org/10.1016/j.geomorph.2018.02.002",,,1955.0,decade,,,False,,False,,False,,False,,,,False,,False,True,['Unknown'],1,['Unknown'],1
686,,,,,Unnamed,Unnamed,Not mapped,,G090591E29651N,29.653685,90.592395,5658,29.655,90.597,5490.0,Deposit,Moraine dammed,N,N,13_8,18,China,TAR,Lhasa,Unknown,Unknown,Unknown,,,,,,,,,,,,,,,,,,,,,,,,,,,,"(Zheng et al., 2021)","Zheng, G., Bao, A., Allen, S., Ballesteros-Canovas, J.A., Yuan, Y., Jiapaer, G., 2021. Numerous Unreported Glacial Lake Outburst Floods in the Third Pole Revealed by High-Resolution Satellite Data and Geomorphological Evidence. Science Bulletin. https://doi.org/10.1016/j.scib.2021.01.014.",,,,unknown,,,False,,False,,False,,False,,,,False,,True,True,['Unknown'],1,['Unknown'],1
687,1955-66,,,,Unnamed,Cuoalong,GL090603E28060N,"2, 3, 4",G090553E28066N,28.06,90.605,4880,28.078,90.626,4718.0,Deposit,Moraine dammed,N,N,15_2,12,China,TAR,Kuri Chhu,Unknown,Ice avalanche,Unknown,,,,,,,,,,,,,,,,,,,,,,,,,,,,"(Komori et al., 2012)","Komori, J., Koike, T., Yamanokuchi, T., Tshering, P., 2012. Glacial Lake Outburst Events in the Bhutan Himalayas. Global Environmental Research 16, 59–70",,,1960.0,range,,,False,,False,,False,,False,,,,False,,True,False,['Ice avalanche'],1,['Unknown'],1
688,Before 1956,,,,Tarikha Tsho,Unnamed,Not mapped,,G090695E28059N,28.028,90.673,4790,28.003,90.669,4558.0,Deposit,Moraine dammed,Y,Y,15_2,12,Bhutan,Bumthang,Chamkhar Chhu,Unknown,Unknown,Unknown,,,,,,,,,,,,,,,,,,,,,,,,,,,,"(Komori et al., 2012)","Komori, J., Koike, T., Yamanokuchi, T., Tshering, P., 2012. Glacial Lake Outburst Events in the Bhutan Himalayas. Global Environmental Research 16, 59–70",,,1956.0,before,,,False,,False,,False,,False,,,,False,,False,True,['Unknown'],1,['Unknown'],1
689,1960s,,,,Tarikha Tsho,Unnamed,Not mapped,,G090695E28059N,28.028,90.673,4790,28.0,90.67,4530.0,Deposit,Moraine dammed,Y,Y,15_2,12,Bhutan,Bumthang,Chamkhar Chhu,Unknown,Unknown,Unknown,,,,,,,,,,,,,,,,,,,,,,,,,,,,"(Ives, Shrestha and Mool, 2010; Veh et al., 2019)","Ives, J.D., Shrestha, R.B., Mool, P.K., 2010. Formation of Glacial Lakes in the Hindu Kush-Himalayas and GLOF Risk Assessment. ICIMOD, Kathmandu, Nepal; Veh, G., Korup, O., von Specht, S., Roessner, S., Walz, A., 2019. Unchanged frequency of moraine-dammed glacial lake outburst floods in the Himalaya. Nature Climate Change 9, 379–383. https://doi.org/10.1038/s41558-019-0437-5",,,1965.0,decade,,,False,,False,,False,,False,,,,False,,False,True,['Unknown'],1,['Unknown'],1
690,Before 1966,,,,Dega Co,Wenjia,GL090674E28334N,"2, 3, 4",G090674E28290N,28.33357,90.673572,4700,28.374,90.676,4235.0,Deposit,Moraine dammed,Y,N,15_2,12,China,TAR,Kuri Chhu,Unknown,Unknown,Unknown,,,,,,,,,,,,,,,,,,,,,,,,,,,,"(Komori et al., 2012)","Komori, J., Koike, T., Yamanokuchi, T., Tshering, P., 2012. Glacial Lake Outburst Events in the Bhutan Himalayas. Global Environmental Research 16, 59–70; Carrivick, J.L., Tweed, F.S., 2016. A global assessment of the societal impacts of glacier outburst floods. Global and Planetary Change 144, 1–16",,,1966.0,before,,,False,,False,,False,,False,,,,False,,False,False,['Unknown'],1,['Unknown'],1
691,,,,,Unnamed,Unnamed,GL090683E30446N,"3, 4",G090685E30454N,30.445681,90.682592,5693,30.444,90.677,5595.0,Deposit,Moraine dammed,N,N,13_8,18,China,TAR,Lhasa,Unknown,Unknown,Unknown,,,,,,,,,,,,,,,,,,,,,,,,,,,,"(Zheng et al., 2021)","Zheng, G., Bao, A., Allen, S., Ballesteros-Canovas, J.A., Yuan, Y., Jiapaer, G., 2021. Numerous Unreported Glacial Lake Outburst Floods in the Third Pole Revealed by High-Resolution Satellite Data and Geomorphological Evidence. Science Bulletin. https://doi.org/10.1016/j.scib.2021.01.014.",,,,unknown,,,False,,False,,False,,False,,,,False,,True,True,['Unknown'],1,['Unknown'],1
692,Before 1956,,,,Chubda Tsho,Unnamed,GL090708E28021N,"2, 3, 4",G090751E28036N,28.02,90.705,4870,27.982,90.679,4399.0,Deposit,Supraglacial,Y,N,15_2,12,Bhutan,Bumthang,Chamkhar Chhu,Unknown,Unknown,Ice core thawing,,,,,,,,,,,,,,,,,,,,,,,,,,,,"(Komori et al., 2012)","Komori, J., Koike, T., Yamanokuchi, T., Tshering, P., 2012. Glacial Lake Outburst Events in the Bhutan Himalayas. Global Environmental Research 16, 59–70",,,1956.0,before,,,False,,False,,False,,False,,,,False,,False,True,['Unknown'],1,['Ice core thawing'],1
693,Before 1966,,,,Upper Jiejiu Co,Unnamed,GL090712E28273N,"2, 3, 4",G090698E28276N,28.273,90.713,4730,28.272,90.717,4637.0,Deposit,Moraine dammed,Y,N,15_2,12,China,TAR,Kuri Chhu,Unknown,Ice avalanche,Unknown,,,,,,,,,,,,,,,,,,,,,,,,,,,,"(Komori et al., 2012)","Komori, J., Koike, T., Yamanokuchi, T., Tshering, P., 2012. Glacial Lake Outburst Events in the Bhutan Himalayas. Global Environmental Research 16, 59–70",,,1966.0,before,,,False,,False,,False,,False,,,,False,,False,True,['Ice avalanche'],1,['Unknown'],1
694,Before 1966,,,,Upper Shegong Co,Unnamed,GL090741E28304N,"2, 3, 4",G090727E28309N,28.304,90.741,4780,28.298,90.745,4742.0,Deposit,Moraine dammed,Y,N,15_2,12,China,TAR,Kuri Chhu,Unknown,Ice avalanche,Unknown,,,,,,,,,,,,,,,,,,,,,,,,,,,,"(Komori et al., 2012)","Komori, J., Koike, T., Yamanokuchi, T., Tshering, P., 2012. Glacial Lake Outburst Events in the Bhutan Himalayas. Global Environmental Research 16, 59–70; Carrivick, J.L., Tweed, F.S., 2016. A global assessment of the societal impacts of glacier outburst floods. Global and Planetary Change 144, 1–16",,,1966.0,before,,,False,,False,,False,,False,,,,False,,False,True,['Ice avalanche'],1,['Unknown'],1
695,,,,,Unnamed,Unnamed,GL092269E27953N,"2, 3, 4",G092265E27948N,27.9531,92.2691,5239,27.953,92.272,5220.0,Deposit,Moraine dammed,N,N,15_2,12,China,TAR,Subansiri,Unknown,Unknown,Unknown,,,,,,,,,,,,,,,,,,,,,,,,,,,,"(Zheng et al., 2021)","Zheng, G., Bao, A., Allen, S., Ballesteros-Canovas, J.A., Yuan, Y., Jiapaer, G., 2021. Numerous Unreported Glacial Lake Outburst Floods in the Third Pole Revealed by High-Resolution Satellite Data and Geomorphological Evidence. Science Bulletin. https://doi.org/10.1016/j.scib.2021.01.014.",,,,unknown,,,False,,False,,False,,False,,,,False,,True,True,['Unknown'],1,['Unknown'],1
696,,,,,Unnamed,Unnamed,GL092303E27892N,"2, 3, 4",G092307E27870N,27.8922,92.3032,5143,27.911,92.304,4884.0,Deposit,Moraine dammed,N,N,15_2,12,China,TAR,Subansiri,Unknown,Unknown,Unknown,,,,,,,,,,,,,,,,,,,,,,,,,,,,"(Zheng et al., 2021)","Zheng, G., Bao, A., Allen, S., Ballesteros-Canovas, J.A., Yuan, Y., Jiapaer, G., 2021. Numerous Unreported Glacial Lake Outburst Floods in the Third Pole Revealed by High-Resolution Satellite Data and Geomorphological Evidence. Science Bulletin. https://doi.org/10.1016/j.scib.2021.01.014.",,,,unknown,,,False,,False,,False,,False,,,,False,,True,True,['Unknown'],1,['Unknown'],1
697,,,,,Unnamed,Unnamed,Not mapped,,G092357E28000N,28.0078,92.3645,5356,28.012,92.371,5130.0,Deposit,Moraine dammed,N,N,15_2,12,China,TAR,Subansiri,Unknown,Unknown,Unknown,,,,,,,,,,,,,,,,,,,,,,,,,,,,"(Zheng et al., 2021)","Zheng, G., Bao, A., Allen, S., Ballesteros-Canovas, J.A., Yuan, Y., Jiapaer, G., 2021. Numerous Unreported Glacial Lake Outburst Floods in the Third Pole Revealed by High-Resolution Satellite Data and Geomorphological Evidence. Science Bulletin. https://doi.org/10.1016/j.scib.2021.01.014.",,,,unknown,,,False,,False,,False,,False,,,,False,,True,True,['Unknown'],1,['Unknown'],1
698,1996-1997,,,,Unnamed,Unnamed,GL092386E27707N,"2, 3, 4",G092386E27725N,27.706998,92.385856,5060,27.675,92.393,4608.0,Deposit,Supraglacial,N,N,15_2,12,India,Arunachal Pradesh,Dangme Chu,Unknown,Unknown,Unknown,,,,,,,,,,,,,,,,,,,,,,,,,,,,"(Veh et al., 2019)","Veh, G., Korup, O., von Specht, S., Roessner, S., Walz, A., 2019. Unchanged frequency of moraine-dammed glacial lake outburst floods in the Himalaya. Nature Climate Change 9, 379–383. https://doi.org/10.1038/s41558-019-0437-5",,,1996.0,range,,,False,,False,,False,,False,,,,False,,True,True,['Unknown'],1,['Unknown'],1
699,,,,,Unnamed,Unnamed,GL092427E27886N,"2, 3, 4",G092444E27877N,27.886,92.4277,5540,27.88578,92.42276,5435.0,Deposit,Moraine dammed,N,N,15_2,12,China,TAR,Subansiri,Unknown,Unknown,Unknown,,,,,,,,,,,,,,,,,,,,,,,,,,,,"(Zheng et al., 2021)","Zheng, G., Bao, A., Allen, S., Ballesteros-Canovas, J.A., Yuan, Y., Jiapaer, G., 2021. Numerous Unreported Glacial Lake Outburst Floods in the Third Pole Revealed by High-Resolution Satellite Data and Geomorphological Evidence. Science Bulletin. https://doi.org/10.1016/j.scib.2021.01.014.",,,,unknown,,,False,,False,,False,,False,,,,False,,True,True,['Unknown'],1,['Unknown'],1
700,,,,,Unnamed,Unnamed,GL092470E27876N,"2, 3, 4",G092453E27876N,27.8758,92.4698,5432,27.88222,92.48448,4940.0,Deposit,Moraine dammed,N,N,15_2,12,China,TAR,Subansiri,Unknown,Unknown,Unknown,,,,,,,,,,,,,,,,,,,,,,,,,,,,"(Zheng et al., 2021)","Zheng, G., Bao, A., Allen, S., Ballesteros-Canovas, J.A., Yuan, Y., Jiapaer, G., 2021. Numerous Unreported Glacial Lake Outburst Floods in the Third Pole Revealed by High-Resolution Satellite Data and Geomorphological Evidence. Science Bulletin. https://doi.org/10.1016/j.scib.2021.01.014.",,,,unknown,,,False,,False,,False,,False,,,,False,,True,True,['Unknown'],1,['Unknown'],1
701,,,,,Unnamed,Unnamed,GL092503E27912N,"2, 3, 4",G092527E27891N,27.9114,92.5032,5269,27.919,92.479,4736.0,Deposit,Moraine dammed,N,N,15_2,12,China,TAR,Subansiri,Unknown,Unknown,Unknown,,,,,,,,,,,,,,,,,,,,,,,,,,,,"(Zheng et al., 2021)","Zheng, G., Bao, A., Allen, S., Ballesteros-Canovas, J.A., Yuan, Y., Jiapaer, G., 2021. Numerous Unreported Glacial Lake Outburst Floods in the Third Pole Revealed by High-Resolution Satellite Data and Geomorphological Evidence. Science Bulletin. https://doi.org/10.1016/j.scib.2021.01.014.",,,,unknown,,,False,,False,,False,,False,,,,False,,True,True,['Unknown'],1,['Unknown'],1
702,,,,,Unnamed,Unnamed,GL092535E27930N,"3, 4",G092537E27912N,27.9292,92.5352,5344,27.958,92.537,4590.0,Deposit,Moraine dammed,N,N,15_2,12,China,TAR,Subansiri,Unknown,Unknown,Unknown,,,,,,,,,,,,,,,,,,,,,,,,,,,,"(Zheng et al., 2021)","Zheng, G., Bao, A., Allen, S., Ballesteros-Canovas, J.A., Yuan, Y., Jiapaer, G., 2021. Numerous Unreported Glacial Lake Outburst Floods in the Third Pole Revealed by High-Resolution Satellite Data and Geomorphological Evidence. Science Bulletin. https://doi.org/10.1016/j.scib.2021.01.014.",,,,unknown,,,False,,False,,False,,False,,,,False,,True,True,['Unknown'],1,['Unknown'],1
703,,,,,Unnamed,Unnamed,GL092641E28001N,"2, 3, 4",G092656E28034N,28.0013,92.6407,5279,27.985,92.635,4944.0,Deposit,Moraine dammed,N,N,15_2,12,China,TAR,Subansiri,Unknown,Unknown,Unknown,,,,,,,,,,,,,,,,,,,,,,,,,,,,"(Zheng et al., 2021)","Zheng, G., Bao, A., Allen, S., Ballesteros-Canovas, J.A., Yuan, Y., Jiapaer, G., 2021. Numerous Unreported Glacial Lake Outburst Floods in the Third Pole Revealed by High-Resolution Satellite Data and Geomorphological Evidence. Science Bulletin. https://doi.org/10.1016/j.scib.2021.01.014.",,,,unknown,,,False,,False,,False,,False,,,,False,,True,True,['Unknown'],1,['Unknown'],1
704,,,,,Unnamed,Unnamed,GL092749E28211N,"2, 3, 4",G092759E28202N,28.2112,92.7491,5177,28.225,92.748,4788.0,Deposit,Moraine dammed,N,N,15_2,12,China,TAR,Subansiri,Unknown,Unknown,Unknown,,,,,,,,,,,,,,,,,,,,,,,,,,,,"(Zheng et al., 2021)","Zheng, G., Bao, A., Allen, S., Ballesteros-Canovas, J.A., Yuan, Y., Jiapaer, G., 2021. Numerous Unreported Glacial Lake Outburst Floods in the Third Pole Revealed by High-Resolution Satellite Data and Geomorphological Evidence. Science Bulletin. https://doi.org/10.1016/j.scib.2021.01.014.",,,,unknown,,,False,,False,,False,,False,,,,False,,True,True,['Unknown'],1,['Unknown'],1
705,,,,,Unnamed,Unnamed,GL093060E29482N,"3, 4",G093053E29488N,29.482066,93.059681,5274,29.484631,93.073735,4940.0,Deposit,Moraine dammed,N,N,13_9,18,China,TAR,Yarlung Zangbo,Unknown,Unknown,Unknown,,,,,,,,,,,,,,,,,,,,,,,,,,,,"(Zheng et al., 2021)","Zheng, G., Bao, A., Allen, S., Ballesteros-Canovas, J.A., Yuan, Y., Jiapaer, G., 2021. Numerous Unreported Glacial Lake Outburst Floods in the Third Pole Revealed by High-Resolution Satellite Data and Geomorphological Evidence. Science Bulletin. https://doi.org/10.1016/j.scib.2021.01.014.",,,,unknown,,,False,,False,,False,,False,,,,False,,True,True,['Unknown'],1,['Unknown'],1
706,,,,,Unnamed,Unnamed,GL093193E29792N,"3, 4",G093176E29794N,29.792388,93.192874,5062,29.787,93.207,4610.0,Deposit,Moraine dammed,N,N,13_9,18,China,TAR,Nyang,Unknown,Unknown,Unknown,,,,,,,,,,,,,,,,,,,,,,,,,,,,"(Zheng et al., 2021)","Zheng, G., Bao, A., Allen, S., Ballesteros-Canovas, J.A., Yuan, Y., Jiapaer, G., 2021. Numerous Unreported Glacial Lake Outburst Floods in the Third Pole Revealed by High-Resolution Satellite Data and Geomorphological Evidence. Science Bulletin. https://doi.org/10.1016/j.scib.2021.01.014.",,,,unknown,,,False,,False,,False,,False,,,,False,,True,True,['Unknown'],1,['Unknown'],1
707,,,,,Unnamed,Unnamed,GL093211E29636N,"2, 3, 4",G093223E29628N,29.635614,93.211215,4959,29.641,93.206,4800.0,Deposit,Moraine dammed,N,N,13_9,18,China,TAR,Nyang,Unknown,Unknown,Unknown,,,,,,,,,,,,,,,,,,,,,,,,,,,,"(Zheng et al., 2021)","Zheng, G., Bao, A., Allen, S., Ballesteros-Canovas, J.A., Yuan, Y., Jiapaer, G., 2021. Numerous Unreported Glacial Lake Outburst Floods in the Third Pole Revealed by High-Resolution Satellite Data and Geomorphological Evidence. Science Bulletin. https://doi.org/10.1016/j.scib.2021.01.014.",,,,unknown,,,False,,False,,False,,False,,,,False,,True,True,['Unknown'],1,['Unknown'],1
708,2003-2004,,,,Oubuguoco Upper,Unnamed,GL093546E29632N,"2, 3, 4",G093539E29632N,29.632594,93.545783,4674,29.627794,93.555324,4570.0,Deposit,Moraine dammed,N,N,13_9,18,China,TAR,Nyang,Unknown,Ice avalanche,Unknown,,,,,,,,,,,,,,,,,,,,,,,,,,,,(Liu et al. 2019),"Liu, J., Zhang, J., Bo, G., 2019. An overview of glacial lake outburst floods in Tibet, China. Journal of Glaciology and Geocryology 41. http://www.bcdt.ac.cn/EN/10.7522/j.issn.1000-0240.2019.0073",,,2004.0,range,,,False,,False,,False,,False,,,,False,,False,True,['Ice avalanche'],1,['Unknown'],1
709,2002-2004,,,,Unnamed,Unnamed,GL093546E29632N,"2, 3, 4",G093539E29632N,29.6323,93.5462,4660,29.628,93.556,4570.0,Deposit,Moraine dammed,N,N,13_9,18,China,TAR,Nyang,Unknown,Unknown,Unknown,,,,,,,,,,,,,,,,,,,,,,,,,,,,"(Veh et al., 2019)","Veh, G., Korup, O., von Specht, S., Roessner, S., Walz, A., 2019. Unchanged frequency of moraine-dammed glacial lake outburst floods in the Himalaya. Nature Climate Change 9, 379–383. https://doi.org/10.1038/s41558-019-0437-5",,Between 2002-11-09 to 2004-10-21,2003.0,range,,,False,,False,,False,,False,,,,False,,True,True,['Unknown'],1,['Unknown'],1
710,1976-1987,,,,Unnamed,Sanga North,GL093898E30128N,"2, 3, 4",G093918E30133N,30.1282,93.8981,4292,30.097,93.861,3900.0,Deposit,Moraine dammed,N,N,13_9,18,China,TAR,Nyang,Unknown,Unknown,Unknown,,960000.0,,,,,,,,,,,,,,,,,,,,,,,,,,"(Veh et al., 2019)","Veh, G., Korup, O., von Specht, S., Roessner, S., Walz, A., 2019. Unchanged frequency of moraine-dammed glacial lake outburst floods in the Himalaya. Nature Climate Change 9, 379–383. https://doi.org/10.1038/s41558-019-0437-5",,Between 1976-01-04 to 1987-11-08,1982.0,range,,,False,,False,,False,,False,,,,False,,True,False,['Unknown'],1,['Unknown'],1
711,,,,,Unnamed,Unnamed,GL093975E30733N,"2, 3, 4",G093965E30743N,30.733582,93.975659,4906,30.725,93.979,4770.0,Deposit,Moraine dammed,N,N,13_9,18,China,TAR,Yigong Zangbo,Unknown,Unknown,Unknown,,,,,,,,,,,,,,,,,,,,,,,,,,,,"(Zheng et al., 2021)","Zheng, G., Bao, A., Allen, S., Ballesteros-Canovas, J.A., Yuan, Y., Jiapaer, G., 2021. Numerous Unreported Glacial Lake Outburst Floods in the Third Pole Revealed by High-Resolution Satellite Data and Geomorphological Evidence. Science Bulletin. https://doi.org/10.1016/j.scib.2021.01.014.",,,,unknown,,,False,,False,,False,,False,,,,False,,True,True,['Unknown'],1,['Unknown'],1
712,,,,,Unnamed,Unnamed,GL094035E30562N,"2, 4",G094027E30573N,30.562485,94.03517,4855,30.559,94.035,4780.0,Deposit,Moraine dammed,N,N,13_9,18,China,TAR,Yigong Zangbo,Unknown,Unknown,Unknown,,,,,,,,,,,,,,,,,,,,,,,,,,,,"(Zheng et al., 2021)","Zheng, G., Bao, A., Allen, S., Ballesteros-Canovas, J.A., Yuan, Y., Jiapaer, G., 2021. Numerous Unreported Glacial Lake Outburst Floods in the Third Pole Revealed by High-Resolution Satellite Data and Geomorphological Evidence. Science Bulletin. https://doi.org/10.1016/j.scib.2021.01.014.",,,,unknown,,,False,,False,,False,,False,,,,False,,True,True,['Unknown'],1,['Unknown'],1
713,2002-2003,,,,Jitang South,Unnamed,GL094324E30684N,"2, 3, 4",G094326E30627N,30.6842,94.3239,4128,30.725,94.325,3780.0,Deposit,Moraine dammed,N,N,13_9,18,China,TAR,Yigong Zangbo,Unknown,Unknown,Unknown,,,,,,,,,,,,,,,,,,,,,,,,,,,,"(Veh et al., 2019)","Veh, G., Korup, O., von Specht, S., Roessner, S., Walz, A., 2019. Unchanged frequency of moraine-dammed glacial lake outburst floods in the Himalaya. Nature Climate Change 9, 379–383. https://doi.org/10.1038/s41558-019-0437-5",,Between 2002-10-24 to 2003-10-11,2002.0,range,,,False,,False,,False,,False,,,,False,,False,True,['Unknown'],1,['Unknown'],1
714,,,,,Unnamed,Unnamed,GL094366E30929N,"2, 3, 4",G094374E30933N,30.929695,94.366396,5271,30.924,94.353,4965.0,Deposit,Moraine dammed,N,N,13_9,18,China,TAR,Nujiang,Unknown,Unknown,Unknown,,,,,,,,,,,,,,,,,,,,,,,,,,,,"(Zheng et al., 2021)","Zheng, G., Bao, A., Allen, S., Ballesteros-Canovas, J.A., Yuan, Y., Jiapaer, G., 2021. Numerous Unreported Glacial Lake Outburst Floods in the Third Pole Revealed by High-Resolution Satellite Data and Geomorphological Evidence. Science Bulletin. https://doi.org/10.1016/j.scib.2021.01.014.",,,,unknown,,,False,,False,,False,,False,,,,False,,True,True,['Unknown'],1,['Unknown'],1
715,2013-2014,,,,Unnamed,Unnamed,GL094944E30532N,"2, 3, 4",G094921E30570N,30.5319,94.9444,3876,30.505,94.94,3460.0,Deposit,Moraine dammed,N,N,13_9,18,China,TAR,Yigong Zangbo,Unknown,Unknown,Unknown,,,,,,,,,,,,,,,,,,,,,,,,,,,,"(Veh et al., 2019)","Veh, G., Korup, O., von Specht, S., Roessner, S., Walz, A., 2019. Unchanged frequency of moraine-dammed glacial lake outburst floods in the Himalaya. Nature Climate Change 9, 379–383. https://doi.org/10.1038/s41558-019-0437-5",,Between - 2013-10-23 to 2014-11-27,2014.0,range,,,False,,False,,False,,False,,,,False,,True,True,['Unknown'],1,['Unknown'],1
716,,,,,Unnamed,Anjuezhu,GL096125E29363N,"2, 3, 4",G096105E29370N,29.36332,96.125252,3998,29.367,96.202,2960.0,Deposit,Moraine dammed,Y,N,15_3,18,India,Uttarakhand,Bhagirathi,Unknown,Unknown,Unknown,,,,,,,,,,,,,,,,,,,,,,,,,,,,"(Zheng et al., 2021)","Zheng, G., Bao, A., Allen, S., Ballesteros-Canovas, J.A., Yuan, Y., Jiapaer, G., 2021. Numerous Unreported Glacial Lake Outburst Floods in the Third Pole Revealed by High-Resolution Satellite Data and Geomorphological Evidence. Science Bulletin. https://doi.org/10.1016/j.scib.2021.01.014.",,,,unknown,,,False,,False,,False,,False,,,,False,,True,False,['Unknown'],1,['Unknown'],1
717,,,,,Unnamed,Unnamed,GL096430E29432N,"2, 3, 4",G096438E29421N,29.43212,96.429175,4557,29.441,96.42,4130.0,Deposit,Moraine dammed,N,N,15_3,18,China,TAR,Yigong Zangbo,Unknown,Unknown,Unknown,,,,,,,,,,,,,,,,,,,,,,,,,,,,"(Zheng et al., 2021)","Zheng, G., Bao, A., Allen, S., Ballesteros-Canovas, J.A., Yuan, Y., Jiapaer, G., 2021. Numerous Unreported Glacial Lake Outburst Floods in the Third Pole Revealed by High-Resolution Satellite Data and Geomorphological Evidence. Science Bulletin. https://doi.org/10.1016/j.scib.2021.01.014.",,,,unknown,,,False,,False,,False,,False,,,,False,,True,True,['Unknown'],1,['Unknown'],1
718,,,,,Unnamed,Unnamed,GL096548E29744N,"2, 4",G096544E29740N,29.74463,96.548727,5126,29.784,96.58,4615.0,Deposit,Moraine dammed,N,N,15_3,18,China,TAR,Nujiang,Unknown,Unknown,Unknown,,,,,,,,,,,,,,,,,,,,,,,,,,,,"(Zheng et al., 2021)","Zheng, G., Bao, A., Allen, S., Ballesteros-Canovas, J.A., Yuan, Y., Jiapaer, G., 2021. Numerous Unreported Glacial Lake Outburst Floods in the Third Pole Revealed by High-Resolution Satellite Data and Geomorphological Evidence. Science Bulletin. https://doi.org/10.1016/j.scib.2021.01.014.",,Resulted in a dammed lake downstream,,unknown,,,False,,False,,False,,False,,,,False,,True,True,['Unknown'],1,['Unknown'],1
719,,,,,Unnamed,Unnamed,Not mapped,,Not mapped,29.945197,96.582048,5323,29.952,96.606,4846.0,Deposit,Moraine dammed,N,N,13_9,18,China,TAR,Nujiang,Unknown,Unknown,Unknown,,,,,,,,,,,,,,,,,,,,,,,,,,,,"(Zheng et al., 2021)","Zheng, G., Bao, A., Allen, S., Ballesteros-Canovas, J.A., Yuan, Y., Jiapaer, G., 2021. Numerous Unreported Glacial Lake Outburst Floods in the Third Pole Revealed by High-Resolution Satellite Data and Geomorphological Evidence. Science Bulletin. https://doi.org/10.1016/j.scib.2021.01.014.",,,,unknown,,,False,,False,,False,,False,,,,False,,True,True,['Unknown'],1,['Unknown'],1
720,,,,,Unnamed,Unnamed,GL096612E29615N,4,G096622E29615N,29.614581,96.61175,5173,29.609,96.591,4662.0,Deposit,Moraine dammed,N,N,15_3,18,China,TAR,Yigong Zangbo,Unknown,Unknown,Unknown,,,,,,,,,,,,,,,,,,,,,,,,,,,,"(Zheng et al., 2021)","Zheng, G., Bao, A., Allen, S., Ballesteros-Canovas, J.A., Yuan, Y., Jiapaer, G., 2021. Numerous Unreported Glacial Lake Outburst Floods in the Third Pole Revealed by High-Resolution Satellite Data and Geomorphological Evidence. Science Bulletin. https://doi.org/10.1016/j.scib.2021.01.014.",,,,unknown,,,False,,False,,False,,False,,,,False,,True,True,['Unknown'],1,['Unknown'],1
721,,,,,Unnamed,Unnamed,GL096869E29738N,3,Not mapped,29.737813,96.871129,5202,29.74,96.877,5080.0,Deposit,Bedrock,N,N,15_3,20,China,TAR,Nujiang,Unknown,Unknown,Unknown,,,,,,,,,,,,,,,,,,,,,,,,,,,,"(Zheng et al., 2021)","Zheng, G., Bao, A., Allen, S., Ballesteros-Canovas, J.A., Yuan, Y., Jiapaer, G., 2021. Numerous Unreported Glacial Lake Outburst Floods in the Third Pole Revealed by High-Resolution Satellite Data and Geomorphological Evidence. Science Bulletin. https://doi.org/10.1016/j.scib.2021.01.014.",,,,unknown,,,False,,False,,False,,False,,,,False,,True,True,['Unknown'],1,['Unknown'],1
722,,,,,Unnamed,Unnamed,GL096948E29729N,"2, 4",G096940E29728N,29.728628,96.947644,5301,29.725,96.951,5235.0,Deposit,Bedrock,N,N,15_3,20,China,TAR,Yigong Zangbo,Unknown,Unknown,Unknown,,,,,,,,,,,,,,,,,,,,,,,,,,,,"(Zheng et al., 2021)","Zheng, G., Bao, A., Allen, S., Ballesteros-Canovas, J.A., Yuan, Y., Jiapaer, G., 2021. Numerous Unreported Glacial Lake Outburst Floods in the Third Pole Revealed by High-Resolution Satellite Data and Geomorphological Evidence. Science Bulletin. https://doi.org/10.1016/j.scib.2021.01.014.",,,,unknown,,,False,,False,,False,,False,,,,False,,True,True,['Unknown'],1,['Unknown'],1
723,,,,,Unnamed,Unnamed,Not mapped,,Not mapped,28.407885,100.348414,4510,28.416,100.351,4170.0,Deposit,Moraine dammed,N,N,15_3,20,China,Sichuan,Yangtze,Unknown,Unknown,Unknown,,,,,,,,,,,,,,,,,,,,,,,,,,,,"(Zheng et al., 2021)","Zheng, G., Bao, A., Allen, S., Ballesteros-Canovas, J.A., Yuan, Y., Jiapaer, G., 2021. Numerous Unreported Glacial Lake Outburst Floods in the Third Pole Revealed by High-Resolution Satellite Data and Geomorphological Evidence. Science Bulletin. https://doi.org/10.1016/j.scib.2021.01.014.",,,,unknown,,,False,,False,,False,,False,,,,False,,True,True,['Unknown'],1,['Unknown'],1
724,,,,,Unnamed,Unnamed,Not mapped,,G096971E29378N,29.367384,96.976407,5124,29.356,96.978,4976.0,Deposit,Moraine dammed,Y,N,15_3,20,China,TAR,Yigong Zangbo,Unknown,Unknown,Unknown,,,,,,,,,,,,,,,,,,,,,,,,,,,,"(Zheng et al., 2021)","Zheng, G., Bao, A., Allen, S., Ballesteros-Canovas, J.A., Yuan, Y., Jiapaer, G., 2021. Numerous Unreported Glacial Lake Outburst Floods in the Third Pole Revealed by High-Resolution Satellite Data and Geomorphological Evidence. Science Bulletin. https://doi.org/10.1016/j.scib.2021.01.014.",,,,unknown,,,False,,False,,False,,False,,,,False,,True,True,['Unknown'],1,['Unknown'],1
725,,,,,Unnamed,Unnamed,GL097068E29509N,"2, 3, 4",G097068E29496N,29.508833,97.067874,5285,29.504,97.125,4960.0,Deposit,Moraine dammed,Y,N,15_3,20,China,TAR,Lohit,Unknown,Unknown,Unknown,,,,,,,,,,,,,,,,,,,,,,,,,,,,"(Zheng et al., 2021)","Zheng, G., Bao, A., Allen, S., Ballesteros-Canovas, J.A., Yuan, Y., Jiapaer, G., 2021. Numerous Unreported Glacial Lake Outburst Floods in the Third Pole Revealed by High-Resolution Satellite Data and Geomorphological Evidence. Science Bulletin. https://doi.org/10.1016/j.scib.2021.01.014.",,,,unknown,,,False,,False,,False,,False,,,,False,,True,True,['Unknown'],1,['Unknown'],1
726,,,,,Unnamed,Unnamed,GL097102E29424N,"3, 4",G097110E29414N,29.42356,97.102185,5037,29.437,97.135,4600.0,Deposit,Moraine dammed,Y,N,15_3,20,China,TAR,Lohit,Unknown,Unknown,Unknown,,,,,,,,,,,,,,,,,,,,,,,,,,,,"(Zheng et al., 2021)","Zheng, G., Bao, A., Allen, S., Ballesteros-Canovas, J.A., Yuan, Y., Jiapaer, G., 2021. Numerous Unreported Glacial Lake Outburst Floods in the Third Pole Revealed by High-Resolution Satellite Data and Geomorphological Evidence. Science Bulletin. https://doi.org/10.1016/j.scib.2021.01.014.",,,,unknown,,,False,,False,,False,,False,,,,False,,True,True,['Unknown'],1,['Unknown'],1
727,,,,,Unnamed,Unnamed,GL097210E29612N,"2, 4",G097217E29612N,29.612833,97.210091,5271,29.594,97.202,4828.0,Deposit,Moraine dammed,N,N,15_3,20,China,TAR,Nujiang,Unknown,Unknown,Unknown,,,,,,,,,,,,,,,,,,,,,,,,,,,,"(Zheng et al., 2021)","Zheng, G., Bao, A., Allen, S., Ballesteros-Canovas, J.A., Yuan, Y., Jiapaer, G., 2021. Numerous Unreported Glacial Lake Outburst Floods in the Third Pole Revealed by High-Resolution Satellite Data and Geomorphological Evidence. Science Bulletin. https://doi.org/10.1016/j.scib.2021.01.014.",,,,unknown,,,False,,False,,False,,False,,,,False,,True,True,['Unknown'],1,['Unknown'],1
728,,,,,Unnamed,Unnamed,GL097223E29651N,"2, 3, 4",G097225E29646N,29.651882,97.223338,5292,29.663,97.213,5000.0,Deposit,Moraine dammed,N,N,15_3,20,China,TAR,Nujiang,Unknown,Unknown,Unknown,,,,,,,,,,,,,,,,,,,,,,,,,,,,"(Zheng et al., 2021)","Zheng, G., Bao, A., Allen, S., Ballesteros-Canovas, J.A., Yuan, Y., Jiapaer, G., 2021. Numerous Unreported Glacial Lake Outburst Floods in the Third Pole Revealed by High-Resolution Satellite Data and Geomorphological Evidence. Science Bulletin. https://doi.org/10.1016/j.scib.2021.01.014.",,,,unknown,,,False,,False,,False,,False,,,,False,,True,True,['Unknown'],1,['Unknown'],1
729,,,,,Unnamed,Unnamed,GL097285E28919N,"2, 3, 4",G097291E28908N,28.918581,97.285268,4536,28.919,97.279,4500.0,Deposit,Moraine dammed,Y,N,15_3,18,China,TAR,Lohit,Unknown,Unknown,Unknown,,,,,,,,,,,,,,,,,,,,,,,,,,,,"(Zheng et al., 2021)","Zheng, G., Bao, A., Allen, S., Ballesteros-Canovas, J.A., Yuan, Y., Jiapaer, G., 2021. Numerous Unreported Glacial Lake Outburst Floods in the Third Pole Revealed by High-Resolution Satellite Data and Geomorphological Evidence. Science Bulletin. https://doi.org/10.1016/j.scib.2021.01.014.",,,,unknown,,,False,,False,,False,,False,,,,False,,True,True,['Unknown'],1,['Unknown'],1
730,,,,,Unnamed,Unnamed,GL097333E29229N,"2, 3, 4",G097333E29216N,29.228809,97.332981,4767,29.259,97.345,4150.0,Deposit,Moraine dammed,N,N,15_3,20,China,TAR,Lohit,Unknown,Unknown,Unknown,,,,,,,,,,,,,,,,,,,,,,,,,,,,"(Zheng et al., 2021)","Zheng, G., Bao, A., Allen, S., Ballesteros-Canovas, J.A., Yuan, Y., Jiapaer, G., 2021. Numerous Unreported Glacial Lake Outburst Floods in the Third Pole Revealed by High-Resolution Satellite Data and Geomorphological Evidence. Science Bulletin. https://doi.org/10.1016/j.scib.2021.01.014.",,,,unknown,,,False,,False,,False,,False,,,,False,,True,True,['Unknown'],1,['Unknown'],1
731,,,,,Unnamed,Unnamed,Not mapped,,Not mapped,30.941492,101.535695,4207,31.055,101.558,2640.0,Deposit,Moraine dammed,N,N,15_3,20,China,Sichuan,Yangtze,Unknown,Landslide,Unknown,,,,,,,,,,,,,,,,,,,,,,,,,,,,"(Zheng et al., 2021)","Zheng, G., Bao, A., Allen, S., Ballesteros-Canovas, J.A., Yuan, Y., Jiapaer, G., 2021. Numerous Unreported Glacial Lake Outburst Floods in the Third Pole Revealed by High-Resolution Satellite Data and Geomorphological Evidence. Science Bulletin. https://doi.org/10.1016/j.scib.2021.01.014.",,,,unknown,,,False,,False,,False,,False,,,,False,,True,True,['Landslide'],1,['Unknown'],1
732,May to June 2020,2020,,,Unnamed,Unnamed,GL081664E30164N,"2, 3, 4",G081660E30157N,30.164,81.665,4907,30.163,81.681,4592.0,Deposit,Moraine dammed,Y,N,15_1,11,Nepal,Karnali,Humla,Unknown,Unknown,Unknown,,,,,,,,,,,,,,,,,,,,,,,,,,,LC08_L2SP_144039_20200518_20200820_02_T1 and LC08_L2SP_144039_20200619_20200823_02_T1,(This study),,documentation from satellite imagery,,2020.0,exact,,,False,,False,,False,,False,,,,False,,True,True,['Unknown'],1,['Unknown'],1
733,2020,2020,5.0,29.0,Shisper,Hassanabad I,Ephemeral,,G074619E36437N,36.35594,74.572267,2605,36.292162,74.609227,2030.0,Observation,Ice dammed,N,Y,14_2,9,Pakistan,Gilgit - Baltistan,Hunza,Surging glacier,High temperatures,Subglacial tunnel,420000.0,,85.0,,,,,,,,,,,,,,,,115.0,,,,"Drinking water pipeline, >6000 trees",160000.0,,4000000.0,,(This study),,"reporting by local villagers, documentation from satellite imagery",Debris discharge observed,2020.0,exact,2020-05-29,,False,,False,,False,,False,,,,False,,False,False,['High temperatures'],1,['Subglacial tunnel'],1
734,2020,2020,6.0,26.0,Jinwuco,Jinwu,GL093631E30357N,"2, 3, 4",G093636E30321N,30.356,93.631,4447,,,,,Moraine dammed,N,N,13_9,18,China,TAR,Yigong Zangbo,Unknown,High temperatures; intense rainfall; landslide,Unknown,,9500000.0,,,,,,,,,,,,,,,,,10.0,,1.0,,"43.9 km of road washed away, 18 bridges damaged",200000.0,,,,"(Zheng et al., 2021)","Zheng, G., Mergili, M., Emmer, A., Allen, S., Bao, A., Guo, H., Stoffel, M., 2021b. The 2020 glacial lake outburst flood at Jinwuco, Tibet: causes, impacts, and implications for hazard and risk assessment. The Cryosphere 15, 3159–3180. https://doi.org/10.5194/tc-15-3159-2021",,,2020.0,exact,2020-06-26,,False,,False,,False,,False,,,,False,,False,False,"['High temperatures', 'Intense rainfall', 'Landslide']",3,['Unknown'],1
735,2020,2020,7.0,13.0,Rogheli,Rogheli,Ephemeral,,G071968E35847N,35.853,71.968,4490,35.938,71.98,1950.0,Observation,Supraglacial,Y,Y,14_1,8,Pakistan,Khyber Pakhtunkhwa,Chitral,Unknown,Intense rainfall; high temperatures,Supraglacial lake drainage,30000.0,,,,,,,,,,,,,,,,,,,,,,,,,,,,,https://www.dawn.com/news/1568889,,2020.0,exact,2020-07-13,,False,,False,,False,,False,,,,False,,False,False,"['Intense rainfall', 'High temperatures']",2,['Supraglacial lake drainage'],1
736,2020,2020,8.0,1.0,Unnamed,Unnamed,Not mapped,,G094520E30422N,30.421,94.53,3960,30.307,94.622,2540.0,Deposit,Moraine dammed,N,N,13_9,18,China,TAR,Yigong Zangbo,Unknown,Unknown,Unknown,,,,,,,,,,,,,,,,,,,,,,,,,,,,(This study; Veh et al. 2022),"Veh, G., Lützow, N., Kharlamova, V., Petrakov, D., Hugonnet, R., & Korup, O., 2022. Trends, breaks, and biases in the frequency of reported glacier lake outburst floods. Earth's Future, 10, e2021EF002426. https://doi.org/10.1029/2021EF002426",,,2020.0,exact,2020-08-01,,False,,False,,False,,False,,,,False,,True,True,['Unknown'],1,['Unknown'],1
737,2020,2020,8.0,2.0,Akpay,Unnamed,Not mapped,,G074344E42528N,42.533401,74.340159,3710,,,,,Moraine dammed,N,N,13_3,4,Kyrgyzstan,Chuy,Sokuluk,Unknown,Unknown,Unknown,,,,,,,,,,,,,,,,,,,,,,,,,,,,(This study),,https://www.debrisflow.ru/en/selevye-yavleniya-yugo-vostochnogo-kazakhstana/,,2020.0,exact,2020-08-02,,False,,False,,False,,False,,,,False,,False,True,['Unknown'],1,['Unknown'],1
738,2020,2020,8.0,14.0,Yarkhun,Yarkhun,Ephemeral,,G073026E36857N,36.85265,73.02295,4937,36.797274,73.034496,3170.0,Observation,Unknown,Y,N,14_1,8,Pakistan,Khyber Pakhtunkhwa,Chitral,Glacier melt,Unknown,Unknown,1688.0,,,,,,,1.0,,,,,,,,,,,17.0,,33.0,,,,,,,(This study),,https://nation.com.pk/17-Aug-2020/girl-dies-25-huts-damaged-in-glacial-lake-outburst,"25 houses were damaged, 17 were washed away, 8 houses were partially damaged",2020.0,exact,2020-08-14,,False,,False,,False,,False,,,,False,,False,False,['Unknown'],1,['Unknown'],1
739,2021,2021,,,Lake Sugat,Said Nafisi/Baralmos,Ephemeral,,G071387E39062N,39.095897,71.38509,3340,39.198271,71.274649,1760.0,Observation,Supraglacial,N,Y,13_2,5,Tajikistan,Region of Republican Subordination,Lyakhsh,Unknown,Unknown,Unknown,,,,,,,,,,,,,,,,,,,,,,,,,,,,,,https://www.zora.uzh.ch/id/eprint/278393/1/Thesis_Kharlamova.pdf,,2021.0,exact,,,False,,False,,False,,False,,,,False,,False,False,['Unknown'],1,['Unknown'],1
740,2021,2021,5.0,11.0,Khurdopin,Khurdopin,Ephemeral,,G075438E36192N,36.344239,75.474953,3223,36.439939,75.311226,3062.0,Observation,Ice dammed,N,Y,14_2,9,Pakistan,Gilgit - Baltistan,Hunza,Surging glacier,Unknown,Subglacial tunnel,230000.0,,,,,,,,,,,,,,,,,,,,,,,,,,,(This study),,"reporting by local villagers, documentation from satellite imagery",,2021.0,exact,2021-05-11,,False,,False,,False,,False,,,,False,,False,False,['Unknown'],1,['Subglacial tunnel'],1
741,2021,2021,5.0,15.0,Shisper,Hassanabad I,Ephemeral,,G074619E36437N,36.35594,74.572267,2605,36.292162,74.609227,2030.0,Observation,Ice dammed,N,Y,14_2,9,Pakistan,Gilgit - Baltistan,Hunza,Surging glacier,High temperatures,Subglacial tunnel,400000.0,,113.0,,,,,,,,,,,,,,,,,,,,,,,,,(This study),,"reporting by local villagers, documentation from satellite imagery",,2021.0,exact,2021-05-15,,False,,False,,False,,False,,,,False,,False,False,['High temperatures'],1,['Subglacial tunnel'],1
742,2021,2021,6.0,8.0,Unnamed,Unknown,Not mapped,,No glacier,36.326525,73.685255,4475,36.31052,73.63792,2646.0,Observation,Supraglacial,N,N,14_2,9,Pakistan,Gilgit - Baltistan,Gilgit,Unknown,Unknown,Supraglacial lake drainage,2500.0,,,,,,,,,,,,,,,,,,,,,,,,,,,(This study),,https://twitter.com/pamirtimes/status/1402519181879386114,,2021.0,exact,2021-06-08,,False,,False,+,True,+,True,,,,False,,True,True,['Unknown'],1,['Supraglacial lake drainage'],1
743,2021,2021,6.0,14.0,Pemdang Pokhari,Unnamed,GL085514E28131N,2,G085499E28130N,28.131,85.515,4774,28.105,85.544,3648.0,Deposit,Moraine dammed,Y,N,15_2,11,Nepal,Bagmati,Indrawati,Unknown,Intense rainfall,Unknown,,,,,,25.0,,,,,,,,1000.0,,,,,,,,,,,,,,"(Maharjan et al., 2021)","Maharjan, S.B., Steiner, J.F., Shrestha, A.B., Maharjan, A., Nepal, S., Shrestha, M., Bajracharya, B., Rasul, G., Shrestha, M., Jackson, M., Gupta, N., 2021. The Melamchi flood disaster: Cascading hazard and the need for multihazard risk management - ICIMOD. ICIMOD, Kathmandu, Nepal.",https://kathmandupost.com/health/2021/06/20/families-displaced-by-melamchi-floods-refuse-covid-19-tests-fearing-separation,"Heavy debris flow as a result; Multiple loss of life, however caused by a number of events including this one",2021.0,exact,2021-06-14,,False,,False,+,True,+,True,,,,False,,False,True,['Intense rainfall'],1,['Unknown'],1
744,2021,2021,7.0,4.0,Bam Tanab,Bam Tanab,Ephemeral,,G069631E35461N,35.46015,69.63869,4416,35.396,69.694,2109.0,Observation,Supraglacial,N,N,14_1,8,Afghanistan,Panjshir,Panjshir,Glacier melt,Water level rise,Englacial tunnel,14703.0,25000.0,,,,,,,,,,,,,,,,,,,,,,,,,,(This study),,https://www.facebook.com/watch/?extid=NS-UNK-UNK-UNK-IOS_GK0T-GK1C&v=2843144129330850,,2021.0,exact,2021-07-04,,False,,False,,False,,False,,,,False,,False,False,['Water level rise'],1,['Englacial tunnel'],1
745,2021,2021,8.0,22.0,Rumbak,Unnamed,Not mapped,,G077422E33993N,33.999709,77.422315,5254,34.07,77.418,3726.0,Observation,Moraine dammed,Y,N,14_3,10,India,Jammu and Kashmir,Upper Indus,Unknown,Unknown,Unknown,30000.0,,,,,,,,,,,,,,,,,,,,,,"3 bridges, roads and communcation lines were damaged; 5 culverts and water mills were washed away",15000.0,,,,,,https://www.thestatesman.com/india/14-persons-rescued-ladakh-village-glacial-lake-bursts-1502997439.html; https://sandrp.in/2021/08/29/about-landslide-lake-in-uttarakhand-glof-in-ladakh/,,2021.0,exact,2021-08-22,,False,,False,,False,,False,,,,False,,False,True,['Unknown'],1,['Unknown'],1
746,2021,2021,10.0,5.0,Chamai,Chamai,GL078837E31908N,"2, 3, 4",G078838E31910N,31.914649,78.840557,5600,31.788377,78.857642,2970.0,Observation,Moraine dammed,N,N,14_3,8,China,TAR,Sutluj,Glacier melt,High temperatures,"Moraine collapse, permafrost thaw",,595000.0,,,,,,,,,,,,,,,,,,,,,,,,,,"(Ma et al., 2024)","Ma, C., Chen, Y., Hu, K., Cu, C., Dong, J., Lyu, L., 2024. Climate Warming Triggered a Glacial Lake Outburst Flood and Debris Flow Events in an Alpine Watershed, Western Himalayas, Tibet Plateau. Bull Eng Geol Environ 83, 201. https://doi.org/10.1007/s10064-024-03706-w",,,2021.0,exact,2021-10-05,,False,,False,,False,,False,,,,False,,False,False,['High temperatures'],1,"['Moraine collapse', 'Permafrost thaw']",2
747,2022,2022,5.0,7.0,Shisper,Hassanabad I,Ephemeral,,G074619E36437N,36.35594,74.572267,2605,36.292162,74.609227,2030.0,Observation,Ice dammed,N,Y,14_2,9,Pakistan,Gilgit - Baltistan,Hunza,Surging glacier,High temperatures,Subglacial tunnel,,,,,,,,,,,,,,,,,,,,,,,"Bridge, houses and considerable farmland destroyed",,,,,(This study),,"reporting by local villagers, documentation from satellite imagery",,2022.0,exact,2022-05-07,,False,,False,,False,,False,,,,False,,False,False,['High temperatures'],1,['Subglacial tunnel'],1
748,2022,2022,7.0,,Lake Sugat,Said Nafisi/Baralmos,Ephemeral,,G071387E39062N,39.095897,71.38509,3340,39.198271,71.274649,1760.0,Observation,Supraglacial,N,Y,13_2,5,Tajikistan,Region of Republican Subordination,Lyakhsh,Unknown,Unknown,Unknown,,,,,,,,,,,,,,,,,,,,,,,,,,,,,,https://www.zora.uzh.ch/id/eprint/278393/1/Thesis_Kharlamova.pdf,,2022.0,exact,,,False,,False,,False,,False,,,,False,,False,False,['Unknown'],1,['Unknown'],1
749,2023,2023,7.0,,Lake Sugat,Said Nafisi/Baralmos,Ephemeral,,G071387E39062N,39.095897,71.38509,3340,39.198271,71.274649,1760.0,Observation,Supraglacial,N,Y,13_2,5,Tajikistan,Region of Republican Subordination,Lyakhsh,Unknown,Unknown,Unknown,,,,,,,,,,,,,,,,,,,,,,,,,,,,,,https://www.zora.uzh.ch/id/eprint/278393/1/Thesis_Kharlamova.pdf,,2023.0,exact,,,False,,False,,False,,False,,,,False,,False,False,['Unknown'],1,['Unknown'],1
750,2023,2023,10.0,4.0,South Lhonak,South Lhonak,GL088199E27913N,"2, 3, 4",G088155E27898N,27.913,88.1981,5203,27.896,88.28,4864.0,Observation,Moraine dammed,N,Y,15_2,12,India,Sikkim,Zemu,Glacier melt,"Intense rainfall, landslide","Permafrost thaw, Moraine failure",1620000.0,,,,,102.0,,,,,,,,88400.0,,,,,579.0,,1423.0,,33 bridges; 16 roads and highways,,,,,"(This study; Sattar et al., 2025)","Ashim Sattar et al. 2025.The Sikkim flood of October 2023: Drivers, causes, and impacts of a multihazard cascade.Science387,eads2659.https://doi.org/10.1126/science.ads2659",https://reliefweb.int/report/india/india-glacial-lake-outburst-flood-glof-and-flash-floods-sikkim-update-imd-ndmi-echo-daily-flash-18-october-2023; https://frontline.thehindu.com/environment/analysing-the-reasons-behind-the-recent-floods-in-sikkim/article67453490.ece; https://www.thehindu.com/sci-tech/energy-and-environment/south-lhonak-lake-flood-teesta-dam-climate/article67503729.ece,72 people are missing,2023.0,exact,2023-10-04,,False,,False,,False,,False,,,,False,"1200 Teesta III, 510 Teesta V, 500 Teesta VI",False,False,"['Intense rainfall', 'Landslide']",2,"['Permafrost thaw', 'Moraine failure']",2
751,2023,2023,10.0,30.0,Thorthormi,Thorthormi,GL090263E28106N,"2, 3, 4",G090278E28132N,28.106,90.263,4451,28.085,90.206,4126.0,Observation,Moraine dammed,Y,Y,15_2,12,Bhutan,Punakha,Pho Chhu,Glacier melt,Ice avalanche,Moraine collapse,4330000.0,1980000.0,,,,,,,,,,,,,,,,,,,,,"Automatic water level station, 2 bridges",,,,,(This study),,"https://www.nchm.gov.bt/attachment/ckfinder/userfiles/files/Re-assessment%20of%20Potentailly%20Dangerous%20Glacial%20Lakes.pdf, https://twitter.com/thebhutanese/status/1719235773684457928?t=sGPUXPsyspkeYHmrt0I0XA&s=19",,2023.0,exact,2023-10-30,,False,,False,,False,,False,,,,False,,False,False,['Ice avalanche'],1,['Moraine collapse'],1
752,2024,2024,3.0,29.0,Ghulkin,Ghulkin,Ephemeral,,G074783E36426N,36.416574,74.874775,2692,,,,,Supraglacial,N,Y,14_2,7,Pakistan,Gilgit - Baltistan,Hunza,Unknown,"Intense rainfall, and later slowly getting warmer",Unknown,,,,,,,,,,,,,,,,,,,,,,,"4 water channels, 2 pipelines were damaged; blocked the Karakoram High (KKH) in Hussaini Gojal Hunza",,,,,(This study),,https://www.facebook.com/pamirtimes/videos/1141178993554468,,2024.0,exact,2024-03-29,,False,,False,,False,,False,,,,False,,False,False,"['Intense rainfall', 'And later slowly getting warmer']",2,['Unknown'],1
753,2024,2024,4.0,21.0,Birendra Taal,Manaslu,GL084628E28596N,"2, 3, 4",G084581E28579N,28.596901,84.631217,3637,28.588927,84.642648,3527.0,Observation,Moraine dammed,N,N,15_2,11,Nepal,Gandaki,Budhi Gandaki,Unknown,Ice avalanche,Overflow,,,,,,,,,,,,,,,,,,,,,,,1 bridge destroyed,,,,,"(Khadka et al., 2024; Maharjan et al., 2024)","Khadka, N., Zheng, G., Chen, X., Zhong, Y., Allen, S.K., Gouli, M.R. 2024. An ice-snow avalanche triggered small glacial lake outburst flood in Birendra Lake, Nepal Himalaya. Nat Hazards. https://doi.org/10.1007/s11069-024-07014-0; Maharjan, S.B., Dangol, P., Sherpa, T.C., Shrestha, A.B., Joshi, S.P., Shrestha, F., Bajracharya, B., Thapa, A., Kayastha, R., Kayastha, R.B. 2024. Insights behind the unexpexted flooding in the Budhi Gandaki River, Gorkha, Nepal. ICIMOD",https://hirisk.org/wp-content/uploads/2024/04/birendraexample-1.pdf,,2024.0,exact,2024-04-21,,False,,False,,False,,False,,,,False,,False,False,['Ice avalanche'],1,['Overflow'],1
754,2024,2024,7.0,,Lake Sugat,Said Nafisi/Baralmos,Ephemeral,,G071387E39062N,39.095897,71.38509,3340,39.198271,71.274649,1760.0,Observation,Supraglacial,N,Y,13_2,5,Tajikistan,Region of Republican Subordination,Lyakhsh,Unknown,Unknown,Unknown,,,,,,,,,,,,,,,,,,,,,,,,,,,,,,https://www.zora.uzh.ch/id/eprint/278393/1/Thesis_Kharlamova.pdf,,2024.0,exact,,,False,,False,,False,,False,,,,False,,False,False,['Unknown'],1,['Unknown'],1
755,2024,2024,8.0,12.0,Dih,Unnamed,Not mapped,,G075111E36792N,36.809967,75.114381,4600,36.865169,75.105954,3500.0,Observation,Moraine dammed,N,Y,14_2,7,Pakistan,Gilgit - Baltistan,Hunza,Unknown,Unknown,Unknown,,,,,,,,,,,,,,,,,,,,,,,,,,,,(This study),,https://hirisk.org/wp-content/uploads/2024/06/RHA_PK2_DihGLOF.pdf,,2024.0,exact,2024-08-12,,False,,False,,False,,False,,,,False,,False,True,['Unknown'],1,['Unknown'],1
756,2024,2024,8.0,16.0,Upper Ngole Cho,Thyangbo,GL086573E27828N,"2, 3, 4",G086562E27847N,27.826109,86.570105,4900,27.83059,86.659281,3610.0,Observation,Moraine dammed,N,N,15_2,11,Nepal,Koshi,Dudh Koshi,Glacier melt,Rock avalanche,Moraine collapse,,,,,,,,,,,,,,,,,,,,,,,,,,,,"Maharjan et al., 2025","Maharjan, S.B., Sherpa, T.C., & Shrestha, A.B. (2025). Thame Valley Glacial Lake Outburst Flood 2024: Causes, impacts and future risks. ICIMOD; NDRRMA. https://doi.org/10.53055/ICIMOD.1101",,,2024.0,exact,2024-08-16,,False,,False,,False,,False,,,,False,,False,False,['Rock avalanche'],1,['Moraine collapse'],1
757,2024,2024,8.0,16.0,Lower Ngole Cho,Thyangbo,GL086573E27828N,"2, 3, 4",G086562E27847N,27.826109,86.570105,4800,27.83059,86.659281,3610.0,Observation,Moraine dammed,N,N,15_2,11,Nepal,Koshi,Dudh Koshi,Glacier melt,overflow water from Upper Ngole Cho,Moraine collapse,,,,,,,,,,,,,,,,,,,,,,,1school fully damaged; 1 health facility fully damaged; 1 Steel truss bridge partially damaged; 1 electricity dam partially damaged,,,,,"(This study; Maharjan et al., 2025)","Maharjan, S.B., Sherpa, T.C., & Shrestha, A.B. (2025). Thame Valley Glacial Lake Outburst Flood 2024: Causes, impacts and future risks. ICIMOD; NDRRMA. https://doi.org/10.53055/ICIMOD.1101",https://x.com/anilpokhrel/status/1826972400711274558/photo/1; https://www.icimod.org/press-release/glof-from-thyanbo-glacial-lake-sweeps-away-thame-village/; https://www.stimson.org/wp-content/uploads/2024/09/DHM-Report-on-the-Thame-GLOF_23Aug_English-Stimson-translated_public.pdf,,2024.0,exact,2024-08-16,,False,,False,,False,,False,13 houses fully damaged; 10 partially damaged,2 hotel fully damaged,,False,,False,False,['Overflow water from upper ngole cho'],1,['Moraine collapse'],1
758,2024,2024,8.0,30.0,Shahzore,Shahzore,GL072176E35781N,"2, 3, 4",G072176E35771N,35.780972,72.175989,4200,35.527475,72.23027,2280.0,Observation,Moraine dammed,Y,N,14_1,8,Pakistan,Khyber Pakhtunkhwa,Chitral,Unknown,Intense rainfall,"Subglacial tunnel, overtopping",,,,,,,,,,,,,,,,,,,,,,,,,,,,(This study),,https://hirisk.org/wp-content/uploads/2024/11/RHA_PK3_KumratGLOF-1.pdf; https://www.youtube.com/watch?v=oThx2vt-SDw,,2024.0,exact,2024-08-30,,False,,False,,False,,False,,,,False,,False,False,['Intense rainfall'],1,"['Subglacial tunnel', 'Overtopping']",2
759,2025,2025,6.0,13.0,Taghanak,Unnamed,GL069444E35492N,"2, 3, 4",G069440E35482N,35.490815,69.444956,4197,35.648346,69.394208,1760.0,Observation,Thermokarst,N,N,14_1,8,Afghanistan,Baghlan,Upper Kunduz,Unknown,Unknown,Subglacial tunnel,,,,,,,,,,,,,,,,,,,,,,,,,,,,(This study),,https://www.linkedin.com/posts/fayez-azizi-%D9%81%D8%A7%DB%8C%D8%B2-%D8%B9%D8%B2%DB%8C%D8%B2%DB%8C-1a744123b_glof-debris-glof-activity-7339297120807493632-wJwo?utm_source=share&utm_medium=member_desktop&rcm=ACoAAC220e0BhVbjUp-sC3yUdCfOXQdAXIAef9o,,2025.0,exact,2025-06-13,,False,,False,,False,,False,,,,False,,False,True,['Unknown'],1,['Subglacial tunnel'],1
760,2025,2025,6.0,14.0,Lake Sugat,Said Nafisi/Baralmos,Ephemeral,,G071387E39062N,39.095897,71.38509,3340,39.198271,71.274649,1760.0,Observation,Supraglacial,N,Y,13_2,5,Tajikistan,Region of Republican Subordination,Lyakhsh,Unknown,Unknown,Unknown,,,,,road blocked,,,,,,,,,,,,,,,,,,Pedestrian bridge destroyed,,,,,(This study),,https://cryosphere.tj/en/the-outburst-of-glacial-lakes-of-said-nafisi-glacier-baralmas-caused-flooding/,,2025.0,exact,2025-06-14,,False,,False,,False,,False,,,,False,,False,False,['Unknown'],1,['Unknown'],1
761,2025,2025,6.0,24.0,Unnamed,Unnamed,Not mapped,,G072387E35842N,35.84726,72.38435,4880,35.906303,72.330689,3600.0,Observation,Ice dammed,Y,N,14_1,8,Pakistan,Khyber Pakhtunkhwa,Chitral,Glacier melt,Water level rise,Unknown,70000.0,,,,,,,,,,,,,,,,,,,,,,,,,,,(This study),,https://hirisk.org/wp-content/uploads/2025/06/RHA_PK4_LuspurGLOF.pdf,,2025.0,exact,2025-06-24,,False,,False,,False,,False,,,,False,,True,True,['Water level rise'],1,['Unknown'],1
762,2025,2025,6.0,27.0,Unnamed,Takyrtor,Not mapped,,G074815E42567N,42.575186,74.818683,3615,42.665488,74.863447,1700.0,Observation,Moraine dammed,N,N,13_3,4,Kyrgyzstan,Chuy,Ysyk-Ata,Unknown,Unknown,Subglacial tunnel,,,,,,,,,,,,,,,,,,,,,,,,,,,,(This study),,https://www.adrc.asia/view_disaster_en.php?Lang=en&Key=2760,,2025.0,exact,2025-06-27,,False,,False,,False,,False,,,,False,,True,False,['Unknown'],1,['Subglacial tunnel'],1
763,2025,2025,7.0,8.0,Unnamed,Purepu,GL085648E28405N,,G085648E28401N,28.399286,85.648152,5160,27.972413,85.184034,611.0,Observation,Supraglacial,Y,N,15_1,11,China,TAR,Gyirong,Glacier melt,"High temperature, water level rise",Englacial tunnel,638000.0,,,,"19 missing, 2 police, 6 chinese, 11 nepali",8.0,,,,,,,,,,,,,,,,,"1 miteri bridge, tax office",,,21052631.0,,(This study),,https://hirisk.org/wp-content/uploads/2025/07/RHA_CN1_PurepuGLOF-2.pdf; https://kathmandupost.com/climate-environment/2025/07/09/rasuwagadhi-flooding-exposes-gaps-in-neighbourly-data-sharing; https://www.setopati.com/kinmel/medical/363617,2 arba 60 crore ecomomic damage (NPR) [exchange rate 133 in USD],2025.0,exact,2025-07-08,,False,,False,,False,,False,,"24 containers, 6 trucks, 35 EV cars,",,False,Hydro dam destroyed,True,False,"['High temperature', 'Water level rise']",2,['Englacial tunnel'],1
764,2025,2025,7.0,8.0,Unknown,Unnamed,Ephemeral,,G083822E29291N,29.287763,83.819932,5900,29.102031,83.973448,3380.0,Observation,Ice dammed,N,N,15_1,11,Nepal,Gandaki,Kali Gandaki,Unknown,Unknown,Subglacial tunnel,16000.0,,,,,,,,,,,,,,,,,,,,,,7 bridges destroyed,,,109397.13,,(This study),,https://hirisk.org/wp-content/uploads/2025/07/RHA_NP2_ChumjungGLOF.pdf; https://english.khabarhub.com/2025/10/484706/,over 15 million economic damage,2025.0,exact,2025-07-08,,False,,False,,False,,False,,,,False,,True,True,['Unknown'],1,['Subglacial tunnel'],1
765,2025,2025,8.0,10.0,Lake Sugat,Said Nafisi/Baralmos,Ephemeral,,G071387E39062N,39.095897,71.38509,3340,39.198271,71.274649,1760.0,Observation,Supraglacial,N,Y,13_2,5,Tajikistan,Region of Republican Subordination,Lyakhsh,Unknown,Unknown,Unknown,,,,,"Blocked Surkhob River for ~2–2.5 hours, washed away road for 500 m",,,,,,,,,,,,,,,,,,Washed away over 400 metres of road along the Vahdat–Rasht–Lakhsh–Saritash highway,,,,,(This study),,https://glofca.org/en/news/series-of-glacier-lake-outburst-floods-in-lakhsh-district-another-call-to-action/,,2025.0,exact,2025-08-10,,False,,False,,False,,False,,,,False,,False,False,['Unknown'],1,['Unknown'],1
766,2025,2025,8.0,22.0,Unknown,Unnamed,Ephemeral,,G073624E36145N,36.169618,73.606893,4363,36.226341,73.53159,2120.0,Observation,Thermokarst,N,N,14_1,8,Pakistan,Gilgit - Baltistan,Ghizer,Unknown,Unknown,Moraine collapse,,,,,,,,,,,,,,,,,,,70.0,,,,,,,,,(This study),,https://www.youtube.com/watch?v=45qM8ge_t9o; https://www.dawn.com/news/1933779/200-people-rescued-after-glacial-burst-in-gilgit-baltistans-ghizer-rescue-1122,,2025.0,exact,2025-08-22,,False,,False,,False,,False,,,,False,,True,True,['Unknown'],1,['Moraine collapse'],1
